task,dir,c_file,property,verdict,category,data_model,n_loops,max_nesting,uniform_outcome,uniform_kstar,uniform_k_reached,uniform_cost,uniform_time,uniform_failing_property,schedule_outcome,schedule_kstar,schedule_cost,schedule_rounds,schedule_time,schedule_failing_property,schedule_path,cost_ratio,loop_independent,other_property_violation,trace_file
cprover_havoc/tdh_sys_key_config__expected__cover_exit_cprover_havoc.yml,cprover_havoc,tdh_sys_key_config__expected__cover_exit_cprover_havoc.i,reach,unsafe,constant,LP64,2,0,found,0,0,0,12.5,reach_error.assertion.1,,,,,,,,,yes,,results/tdx_cprover_traces/cprover_havoc__tdh_sys_key_config__expected__cover_exit_cprover_havoc.yml__reach.txt
cprover_havoc/tdh_sys_key_config__invalid_state_sys_state__cover_entry_cprover_havoc.yml,cprover_havoc,tdh_sys_key_config__invalid_state_sys_state__cover_entry_cprover_havoc.i,reach,unsafe,constant,LP64,2,0,found,0,0,0,14.2,reach_error.assertion.1,,,,,,,,,yes,,results/tdx_cprover_traces/cprover_havoc__tdh_sys_key_config__invalid_state_sys_state__cover_entry_cprover_havoc.yml__reach.txt
cprover_havoc/tdh_sys_key_config__expected__cover_entry_cprover_havoc.yml,cprover_havoc,tdh_sys_key_config__expected__cover_entry_cprover_havoc.i,reach,unsafe,constant,LP64,2,0,found,0,0,0,15.1,reach_error.assertion.1,,,,,,,,,yes,,results/tdx_cprover_traces/cprover_havoc__tdh_sys_key_config__expected__cover_entry_cprover_havoc.yml__reach.txt
cprover_havoc/tdh_sys_key_config__expected__cover_proof_cprover_havoc.yml,cprover_havoc,tdh_sys_key_config__expected__cover_proof_cprover_havoc.i,reach,unsafe,constant,LP64,2,0,found,0,0,0,16.0,reach_error.assertion.1,,,,,,,,,yes,,results/tdx_cprover_traces/cprover_havoc__tdh_sys_key_config__expected__cover_proof_cprover_havoc.yml__reach.txt
cprover_havoc/tdh_sys_key_config__invalid_state_sys_state__cover_exit_cprover_havoc.yml,cprover_havoc,tdh_sys_key_config__invalid_state_sys_state__cover_exit_cprover_havoc.i,reach,unsafe,constant,LP64,2,0,found,0,0,0,16.6,reach_error.assertion.1,,,,,,,,,yes,,results/tdx_cprover_traces/cprover_havoc__tdh_sys_key_config__invalid_state_sys_state__cover_exit_cprover_havoc.yml__reach.txt
cprover_havoc/tdh_sys_key_config__invalid_state_sys_state__cover_proof_cprover_havoc.yml,cprover_havoc,tdh_sys_key_config__invalid_state_sys_state__cover_proof_cprover_havoc.i,reach,unsafe,constant,LP64,2,0,found,0,0,0,21.6,reach_error.assertion.1,,,,,,,,,yes,,results/tdx_cprover_traces/cprover_havoc__tdh_sys_key_config__invalid_state_sys_state__cover_proof_cprover_havoc.yml__reach.txt
cprover_havoc/tdh_sys_key_config__unexpected__cover_entry_cprover_havoc.yml,cprover_havoc,tdh_sys_key_config__unexpected__cover_entry_cprover_havoc.i,reach,unsafe,constant,LP64,2,0,found,0,0,0,12.3,reach_error.assertion.1,,,,,,,,,yes,,results/tdx_cprover_traces/cprover_havoc__tdh_sys_key_config__unexpected__cover_entry_cprover_havoc.yml__reach.txt
cprover_havoc/tdh_sys_key_config__unexpected__cover_exit_cprover_havoc.yml,cprover_havoc,tdh_sys_key_config__unexpected__cover_exit_cprover_havoc.i,reach,unsafe,constant,LP64,2,0,found,0,0,0,12.9,reach_error.assertion.1,,,,,,,,,yes,,results/tdx_cprover_traces/cprover_havoc__tdh_sys_key_config__unexpected__cover_exit_cprover_havoc.yml__reach.txt
cprover_havoc/tdh_sys_key_config__unconstrained__cover_exit_unsuccess_cprover_havoc.yml,cprover_havoc,tdh_sys_key_config__unconstrained__cover_exit_unsuccess_cprover_havoc.i,reach,unsafe,constant,LP64,2,0,found,0,0,0,16.0,reach_error.assertion.1,,,,,,,,,yes,,results/tdx_cprover_traces/cprover_havoc__tdh_sys_key_config__unconstrained__cover_exit_unsuccess_cprover_havoc.yml__reach.txt
cprover_havoc/tdh_sys_key_config__unexpected__cover_proof_cprover_havoc.yml,cprover_havoc,tdh_sys_key_config__unexpected__cover_proof_cprover_havoc.i,reach,unsafe,constant,LP64,2,0,found,0,0,0,16.7,reach_error.assertion.1,,,,,,,,,yes,,results/tdx_cprover_traces/cprover_havoc__tdh_sys_key_config__unexpected__cover_proof_cprover_havoc.yml__reach.txt
cprover_havoc/tdh_sys_shutdown__expected__cover_entry_cprover_havoc.yml,cprover_havoc,tdh_sys_shutdown__expected__cover_entry_cprover_havoc.i,reach,unsafe,mixed,LP64,4,0,found,0,0,0,12.0,reach_error.assertion.1,,,,,,,,,yes,,results/tdx_cprover_traces/cprover_havoc__tdh_sys_shutdown__expected__cover_entry_cprover_havoc.yml__reach.txt
cprover_havoc/tdh_sys_shutdown__expected__cover_exit_cprover_havoc.yml,cprover_havoc,tdh_sys_shutdown__expected__cover_exit_cprover_havoc.i,reach,unsafe,mixed,LP64,4,0,found,0,0,0,13.5,reach_error.assertion.1,,,,,,,,,yes,,results/tdx_cprover_traces/cprover_havoc__tdh_sys_shutdown__expected__cover_exit_cprover_havoc.yml__reach.txt
cprover_havoc/tdh_sys_shutdown__invalid_input_handoff_no_downgrade__cover_entry_cprover_havoc.yml,cprover_havoc,tdh_sys_shutdown__invalid_input_handoff_no_downgrade__cover_entry_cprover_havoc.i,reach,unsafe,mixed,LP64,4,0,found,0,0,0,14.9,reach_error.assertion.1,,,,,,,,,yes,,results/tdx_cprover_traces/cprover_havoc__tdh_sys_shutdown__invalid_input_handoff_no_downgrade__cover_entry_cprover_havoc.yml__reach.txt
cprover_havoc/tdh_sys_shutdown__invalid_input_handoff_no_downgrade__cover_exit_cprover_havoc.yml,cprover_havoc,tdh_sys_shutdown__invalid_input_handoff_no_downgrade__cover_exit_cprover_havoc.i,reach,unsafe,mixed,LP64,4,0,found,0,0,0,14.3,reach_error.assertion.1,,,,,,,,,yes,,results/tdx_cprover_traces/cprover_havoc__tdh_sys_shutdown__invalid_input_handoff_no_downgrade__cover_exit_cprover_havoc.yml__reach.txt
cprover_havoc/tdh_sys_shutdown__expected__cover_proof_cprover_havoc.yml,cprover_havoc,tdh_sys_shutdown__expected__cover_proof_cprover_havoc.i,reach,unsafe,mixed,LP64,4,0,found,0,0,0,23.0,reach_error.assertion.1,,,,,,,,,yes,,results/tdx_cprover_traces/cprover_havoc__tdh_sys_shutdown__expected__cover_proof_cprover_havoc.yml__reach.txt
cprover_havoc/tdh_sys_shutdown__invalid_input_handoff_range__cover_entry_cprover_havoc.yml,cprover_havoc,tdh_sys_shutdown__invalid_input_handoff_range__cover_entry_cprover_havoc.i,reach,unsafe,mixed,LP64,4,0,found,0,0,0,14.6,reach_error.assertion.1,,,,,,,,,yes,,results/tdx_cprover_traces/cprover_havoc__tdh_sys_shutdown__invalid_input_handoff_range__cover_entry_cprover_havoc.yml__reach.txt
cprover_havoc/tdh_sys_shutdown__invalid_input_handoff_no_downgrade__cover_proof_cprover_havoc.yml,cprover_havoc,tdh_sys_shutdown__invalid_input_handoff_no_downgrade__cover_proof_cprover_havoc.i,reach,unsafe,mixed,LP64,4,0,found,0,0,0,24.0,reach_error.assertion.1,,,,,,,,,yes,,results/tdx_cprover_traces/cprover_havoc__tdh_sys_shutdown__invalid_input_handoff_no_downgrade__cover_proof_cprover_havoc.yml__reach.txt
cprover_havoc/tdh_sys_shutdown__invalid_input_handoff_range__cover_exit_cprover_havoc.yml,cprover_havoc,tdh_sys_shutdown__invalid_input_handoff_range__cover_exit_cprover_havoc.i,reach,unsafe,mixed,LP64,4,0,found,0,0,0,15.6,reach_error.assertion.1,,,,,,,,,yes,,results/tdx_cprover_traces/cprover_havoc__tdh_sys_shutdown__invalid_input_handoff_range__cover_exit_cprover_havoc.yml__reach.txt
cprover_havoc/tdh_sys_shutdown__invalid_input_handoff_range__cover_proof_cprover_havoc.yml,cprover_havoc,tdh_sys_shutdown__invalid_input_handoff_range__cover_proof_cprover_havoc.i,reach,unsafe,mixed,LP64,4,0,found,0,0,0,16.3,reach_error.assertion.1,,,,,,,,,yes,,results/tdx_cprover_traces/cprover_havoc__tdh_sys_shutdown__invalid_input_handoff_range__cover_proof_cprover_havoc.yml__reach.txt
cprover_havoc/tdh_sys_shutdown__unconstrained__cover_exit_unsuccess_cprover_havoc.yml,cprover_havoc,tdh_sys_shutdown__unconstrained__cover_exit_unsuccess_cprover_havoc.i,reach,unsafe,mixed,LP64,4,0,found,0,0,0,16.1,reach_error.assertion.1,,,,,,,,,yes,,results/tdx_cprover_traces/cprover_havoc__tdh_sys_shutdown__unconstrained__cover_exit_unsuccess_cprover_havoc.yml__reach.txt
cprover_havoc/tdh_sys_shutdown__unexpected__cover_entry_cprover_havoc.yml,cprover_havoc,tdh_sys_shutdown__unexpected__cover_entry_cprover_havoc.i,reach,unsafe,mixed,LP64,4,0,found,0,0,0,11.5,reach_error.assertion.1,,,,,,,,,yes,,results/tdx_cprover_traces/cprover_havoc__tdh_sys_shutdown__unexpected__cover_entry_cprover_havoc.yml__reach.txt
cprover_havoc/tdh_sys_shutdown__unexpected__cover_exit_cprover_havoc.yml,cprover_havoc,tdh_sys_shutdown__unexpected__cover_exit_cprover_havoc.i,reach,unsafe,mixed,LP64,4,0,found,0,0,0,15.2,reach_error.assertion.1,,,,,,,,,yes,,results/tdx_cprover_traces/cprover_havoc__tdh_sys_shutdown__unexpected__cover_exit_cprover_havoc.yml__reach.txt
cprover_havoc/tdh_sys_shutdown__unexpected__cover_proof_cprover_havoc.yml,cprover_havoc,tdh_sys_shutdown__unexpected__cover_proof_cprover_havoc.i,reach,unsafe,mixed,LP64,4,0,found,0,0,0,23.6,reach_error.assertion.1,,,,,,,,,yes,,results/tdx_cprover_traces/cprover_havoc__tdh_sys_shutdown__unexpected__cover_proof_cprover_havoc.yml__reach.txt
cprover_havoc/tdh_sys_update__expected__cover_entry_cprover_havoc.yml,cprover_havoc,tdh_sys_update__expected__cover_entry_cprover_havoc.i,reach,unsafe,constant,LP64,5,1,found,0,0,0,14.5,reach_error.assertion.1,,,,,,,,,yes,,results/tdx_cprover_traces/cprover_havoc__tdh_sys_update__expected__cover_entry_cprover_havoc.yml__reach.txt
cprover_havoc/tdh_sys_key_config__expected__safety_requirement_cprover_havoc.yml,cprover_havoc,tdh_sys_key_config__expected__safety_requirement_cprover_havoc.i,reach,safe,constant,LP64,2,0,timeout,,0,,180.1,,,,,,,,,,,,
cprover_havoc/tdh_sys_key_config__invalid_state_sys_state__safety_requirement_cprover_havoc.yml,cprover_havoc,tdh_sys_key_config__invalid_state_sys_state__safety_requirement_cprover_havoc.i,reach,safe,constant,LP64,2,0,timeout,,0,,180.1,,,,,,,,,,,,
cprover_havoc/tdh_sys_key_config__unexpected__safety_requirement_cprover_havoc.yml,cprover_havoc,tdh_sys_key_config__unexpected__safety_requirement_cprover_havoc.i,reach,safe,constant,LP64,2,0,timeout,,0,,180.1,,,,,,,,,,,,
cprover_havoc/tdh_sys_shutdown__expected__safety_requirement_cprover_havoc.yml,cprover_havoc,tdh_sys_shutdown__expected__safety_requirement_cprover_havoc.i,reach,safe,mixed,LP64,4,0,timeout,,0,,180.1,,,,,,,,,,,,
cprover_havoc/tdh_sys_update__invalid_state_handoff_data__cover_entry_cprover_havoc.yml,cprover_havoc,tdh_sys_update__invalid_state_handoff_data__cover_entry_cprover_havoc.i,reach,unsafe,constant,LP64,5,1,found,0,0,0,13.7,reach_error.assertion.1,,,,,,,,,yes,,results/tdx_cprover_traces/cprover_havoc__tdh_sys_update__invalid_state_handoff_data__cover_entry_cprover_havoc.yml__reach.txt
cprover_havoc/tdh_sys_shutdown__invalid_input_handoff_no_downgrade__safety_requirement_cprover_havoc.yml,cprover_havoc,tdh_sys_shutdown__invalid_input_handoff_no_downgrade__safety_requirement_cprover_havoc.i,reach,safe,mixed,LP64,4,0,timeout,,0,,180.1,,,,,,,,,,,,
cprover_havoc/tdh_sys_shutdown__invalid_input_handoff_range__safety_requirement_cprover_havoc.yml,cprover_havoc,tdh_sys_shutdown__invalid_input_handoff_range__safety_requirement_cprover_havoc.i,reach,safe,mixed,LP64,4,0,timeout,,0,,180.1,,,,,,,,,,,,
cprover_havoc/tdh_sys_update__invalid_state_handoff_version__cover_entry_cprover_havoc.yml,cprover_havoc,tdh_sys_update__invalid_state_handoff_version__cover_entry_cprover_havoc.i,reach,unsafe,constant,LP64,5,1,found,0,0,0,11.8,reach_error.assertion.1,,,,,,,,,yes,,results/tdx_cprover_traces/cprover_havoc__tdh_sys_update__invalid_state_handoff_version__cover_entry_cprover_havoc.yml__reach.txt
cprover_havoc/tdh_sys_shutdown__unexpected__safety_requirement_cprover_havoc.yml,cprover_havoc,tdh_sys_shutdown__unexpected__safety_requirement_cprover_havoc.i,reach,safe,mixed,LP64,4,0,timeout,,0,,180.1,,,,,,,,,,,,
cprover_havoc/tdh_sys_update__expected__cover_exit_cprover_havoc.yml,cprover_havoc,tdh_sys_update__expected__cover_exit_cprover_havoc.i,reach,unsafe,constant,LP64,5,1,timeout,,0,,180.2,,,,,,,,,,,,
cprover_havoc/tdh_sys_update__expected__safety_requirement_cprover_havoc.yml,cprover_havoc,tdh_sys_update__expected__safety_requirement_cprover_havoc.i,reach,safe,constant,LP64,5,1,timeout,,0,,180.2,,,,,,,,,,,,
cprover_havoc/tdh_sys_update__expected__cover_proof_cprover_havoc.yml,cprover_havoc,tdh_sys_update__expected__cover_proof_cprover_havoc.i,reach,unsafe,constant,LP64,5,1,timeout,,0,,180.2,,,,,,,,,,,,
cprover_havoc/tdh_sys_update__invalid_state_lp_state__cover_entry_cprover_havoc.yml,cprover_havoc,tdh_sys_update__invalid_state_lp_state__cover_entry_cprover_havoc.i,reach,unsafe,constant,LP64,5,1,found,0,0,0,13.8,reach_error.assertion.1,,,,,,,,,yes,,results/tdx_cprover_traces/cprover_havoc__tdh_sys_update__invalid_state_lp_state__cover_entry_cprover_havoc.yml__reach.txt
cprover_havoc/tdh_sys_update__invalid_state_handoff_data__cover_exit_cprover_havoc.yml,cprover_havoc,tdh_sys_update__invalid_state_handoff_data__cover_exit_cprover_havoc.i,reach,unsafe,constant,LP64,5,1,timeout,,0,,180.1,,,,,,,,,,,,
cprover_havoc/tdh_sys_update__invalid_state_handoff_data__cover_proof_cprover_havoc.yml,cprover_havoc,tdh_sys_update__invalid_state_handoff_data__cover_proof_cprover_havoc.i,reach,unsafe,constant,LP64,5,1,timeout,,0,,180.2,,,,,,,,,,,,
cprover_havoc/tdh_sys_update__invalid_state_sys_state__cover_entry_cprover_havoc.yml,cprover_havoc,tdh_sys_update__invalid_state_sys_state__cover_entry_cprover_havoc.i,reach,unsafe,constant,LP64,5,1,found,0,0,0,15.1,reach_error.assertion.1,,,,,,,,,yes,,results/tdx_cprover_traces/cprover_havoc__tdh_sys_update__invalid_state_sys_state__cover_entry_cprover_havoc.yml__reach.txt
cprover_havoc/tdh_sys_update__invalid_state_handoff_data__safety_requirement_cprover_havoc.yml,cprover_havoc,tdh_sys_update__invalid_state_handoff_data__safety_requirement_cprover_havoc.i,reach,safe,constant,LP64,5,1,timeout,,0,,180.1,,,,,,,,,,,,
cprover_havoc/tdh_sys_update__invalid_state_handoff_version__cover_exit_cprover_havoc.yml,cprover_havoc,tdh_sys_update__invalid_state_handoff_version__cover_exit_cprover_havoc.i,reach,unsafe,constant,LP64,5,1,timeout,,0,,180.1,,,,,,,,,,,,
cprover_havoc/tdh_sys_update__invalid_state_handoff_version__cover_proof_cprover_havoc.yml,cprover_havoc,tdh_sys_update__invalid_state_handoff_version__cover_proof_cprover_havoc.i,reach,unsafe,constant,LP64,5,1,timeout,,0,,180.1,,,,,,,,,,,,
cprover_havoc/tdh_sys_update__invalid_state_handoff_version__safety_requirement_cprover_havoc.yml,cprover_havoc,tdh_sys_update__invalid_state_handoff_version__safety_requirement_cprover_havoc.i,reach,safe,constant,LP64,5,1,timeout,,0,,180.2,,,,,,,,,,,,
cprover_havoc/tdh_sys_update__unexpected__cover_entry_cprover_havoc.yml,cprover_havoc,tdh_sys_update__unexpected__cover_entry_cprover_havoc.i,reach,unsafe,constant,LP64,5,1,found,0,0,0,14.5,reach_error.assertion.1,,,,,,,,,yes,,results/tdx_cprover_traces/cprover_havoc__tdh_sys_update__unexpected__cover_entry_cprover_havoc.yml__reach.txt
cprover_havoc/tdh_sys_update__invalid_state_lp_state__cover_exit_cprover_havoc.yml,cprover_havoc,tdh_sys_update__invalid_state_lp_state__cover_exit_cprover_havoc.i,reach,unsafe,constant,LP64,5,1,timeout,,0,,180.1,,,,,,,,,,,,
cprover_havoc/tdh_sys_update__invalid_state_lp_state__cover_proof_cprover_havoc.yml,cprover_havoc,tdh_sys_update__invalid_state_lp_state__cover_proof_cprover_havoc.i,reach,unsafe,constant,LP64,5,1,timeout,,0,,180.2,,,,,,,,,,,,
cprover_havoc/tdh_sys_update__invalid_state_lp_state__safety_requirement_cprover_havoc.yml,cprover_havoc,tdh_sys_update__invalid_state_lp_state__safety_requirement_cprover_havoc.i,reach,safe,constant,LP64,5,1,timeout,,0,,180.1,,,,,,,,,,,,
cprover_havoc/tdh_sys_update__invalid_state_sys_state__cover_exit_cprover_havoc.yml,cprover_havoc,tdh_sys_update__invalid_state_sys_state__cover_exit_cprover_havoc.i,reach,unsafe,constant,LP64,5,1,timeout,,0,,180.1,,,,,,,,,,,,
cprover_havoc/tdh_sys_update__invalid_state_sys_state__cover_proof_cprover_havoc.yml,cprover_havoc,tdh_sys_update__invalid_state_sys_state__cover_proof_cprover_havoc.i,reach,unsafe,constant,LP64,5,1,timeout,,0,,180.1,,,,,,,,,,,,
cprover_havoc/tdh_mng_key_config__invalid_input_tdr_hkid__cover_entry_cprover_havoc.yml,cprover_havoc,tdh_mng_key_config__invalid_input_tdr_hkid__cover_entry_cprover_havoc.i,reach,unsafe,mixed,LP64,6,0,found,0,0,0,19.3,reach_error.assertion.1,,,,,,,,,yes,,results/tdx_cprover_traces/cprover_havoc__tdh_mng_key_config__invalid_input_tdr_hkid__cover_entry_cprover_havoc.yml__reach.txt
cprover_havoc/tdh_mng_key_config__invalid_state_td_state__cover_entry_cprover_havoc.yml,cprover_havoc,tdh_mng_key_config__invalid_state_td_state__cover_entry_cprover_havoc.i,reach,unsafe,mixed,LP64,6,0,found,0,0,0,15.9,reach_error.assertion.1,,,,,,,,,yes,,results/tdx_cprover_traces/cprover_havoc__tdh_mng_key_config__invalid_state_td_state__cover_entry_cprover_havoc.yml__reach.txt
cprover_havoc/tdh_sys_update__invalid_state_sys_state__safety_requirement_cprover_havoc.yml,cprover_havoc,tdh_sys_update__invalid_state_sys_state__safety_requirement_cprover_havoc.i,reach,safe,constant,LP64,5,1,timeout,,0,,180.1,,,,,,,,,,,,
cprover_havoc/tdh_sys_update__unconstrained__cover_exit_unsuccess_cprover_havoc.yml,cprover_havoc,tdh_sys_update__unconstrained__cover_exit_unsuccess_cprover_havoc.i,reach,unsafe,constant,LP64,5,1,timeout,,0,,180.1,,,,,,,,,,,,
cprover_havoc/tdh_mng_key_config__invalid_state_tdr_lifecycle__cover_entry_cprover_havoc.yml,cprover_havoc,tdh_mng_key_config__invalid_state_tdr_lifecycle__cover_entry_cprover_havoc.i,reach,unsafe,mixed,LP64,6,0,found,0,0,0,19.1,reach_error.assertion.1,,,,,,,,,yes,,results/tdx_cprover_traces/cprover_havoc__tdh_mng_key_config__invalid_state_tdr_lifecycle__cover_entry_cprover_havoc.yml__reach.txt
cprover_havoc/tdh_sys_update__unexpected__cover_exit_cprover_havoc.yml,cprover_havoc,tdh_sys_update__unexpected__cover_exit_cprover_havoc.i,reach,unsafe,constant,LP64,5,1,timeout,,0,,180.1,,,,,,,,,,,,
cprover_havoc/tdh_sys_update__unexpected__cover_proof_cprover_havoc.yml,cprover_havoc,tdh_sys_update__unexpected__cover_proof_cprover_havoc.i,reach,unsafe,constant,LP64,5,1,timeout,,0,,180.1,,,,,,,,,,,,
cprover_havoc/tdh_sys_update__unexpected__safety_requirement_cprover_havoc.yml,cprover_havoc,tdh_sys_update__unexpected__safety_requirement_cprover_havoc.i,reach,safe,constant,LP64,5,1,timeout,,0,,180.1,,,,,,,,,,,,
cprover_havoc/tdh_mng_key_config__invalid_state_tdr_metadata__cover_entry_cprover_havoc.yml,cprover_havoc,tdh_mng_key_config__invalid_state_tdr_metadata__cover_entry_cprover_havoc.i,reach,unsafe,mixed,LP64,6,0,found,0,0,0,15.2,reach_error.assertion.1,,,,,,,,,yes,,results/tdx_cprover_traces/cprover_havoc__tdh_mng_key_config__invalid_state_tdr_metadata__cover_entry_cprover_havoc.yml__reach.txt
cprover_havoc/tdh_mng_key_config__invalid_state_td_state__cover_exit_cprover_havoc.yml,cprover_havoc,tdh_mng_key_config__invalid_state_td_state__cover_exit_cprover_havoc.i,reach,unsafe,mixed,LP64,6,0,timeout,,2,,394.5,,,,,,,,,,,,
cprover_havoc/tdh_mng_key_config__invalid_input_tdr_hkid__cover_proof_cprover_havoc.yml,cprover_havoc,tdh_mng_key_config__invalid_input_tdr_hkid__cover_proof_cprover_havoc.i,reach,unsafe,mixed,LP64,6,0,timeout,,2,,415.2,,,,,,,,,,,,
cprover_havoc/tdh_mng_key_config__invalid_input_tdr_hkid__cover_exit_cprover_havoc.yml,cprover_havoc,tdh_mng_key_config__invalid_input_tdr_hkid__cover_exit_cprover_havoc.i,reach,unsafe,mixed,LP64,6,0,timeout,,2,,441.9,,,,,,,,,,,,
cprover_havoc/tdh_mng_key_config__unexpected__cover_entry_cprover_havoc.yml,cprover_havoc,tdh_mng_key_config__unexpected__cover_entry_cprover_havoc.i,reach,unsafe,mixed,LP64,6,0,found,0,0,0,21.9,reach_error.assertion.1,,,,,,,,,yes,,results/tdx_cprover_traces/cprover_havoc__tdh_mng_key_config__unexpected__cover_entry_cprover_havoc.yml__reach.txt
cprover_havoc/tdh_mng_key_config__invalid_state_tdr_lifecycle__cover_exit_cprover_havoc.yml,cprover_havoc,tdh_mng_key_config__invalid_state_tdr_lifecycle__cover_exit_cprover_havoc.i,reach,unsafe,mixed,LP64,6,0,timeout,,2,,418.3,,,,,,,,,,,,
cprover_havoc/tdh_mng_key_config__invalid_state_td_state__cover_proof_cprover_havoc.yml,cprover_havoc,tdh_mng_key_config__invalid_state_td_state__cover_proof_cprover_havoc.i,reach,unsafe,mixed,LP64,6,0,timeout,,2,,469.0,,,,,,,,,,,,
cprover_havoc/tdh_mng_key_config__invalid_state_tdr_lifecycle__cover_proof_cprover_havoc.yml,cprover_havoc,tdh_mng_key_config__invalid_state_tdr_lifecycle__cover_proof_cprover_havoc.i,reach,unsafe,mixed,LP64,6,0,timeout,,2,,423.5,,,,,,,,,,,,
cprover_havoc/tdh_mng_key_freeid__invalid_input_tdr_hkid__cover_entry_cprover_havoc.yml,cprover_havoc,tdh_mng_key_freeid__invalid_input_tdr_hkid__cover_entry_cprover_havoc.i,reach,unsafe,mixed,LP64,6,0,found,0,0,0,24.6,reach_error.assertion.1,,,,,,,,,yes,,results/tdx_cprover_traces/cprover_havoc__tdh_mng_key_freeid__invalid_input_tdr_hkid__cover_entry_cprover_havoc.yml__reach.txt
cprover_havoc/tdh_mng_key_config__invalid_state_tdr_metadata__cover_proof_cprover_havoc.yml,cprover_havoc,tdh_mng_key_config__invalid_state_tdr_metadata__cover_proof_cprover_havoc.i,reach,unsafe,mixed,LP64,6,0,timeout,,2,,420.3,,,,,,,,,,,,
cprover_havoc/tdh_mng_key_config__invalid_state_tdr_metadata__cover_exit_cprover_havoc.yml,cprover_havoc,tdh_mng_key_config__invalid_state_tdr_metadata__cover_exit_cprover_havoc.i,reach,unsafe,mixed,LP64,6,0,timeout,,2,,449.9,,,,,,,,,,,,
cprover_havoc/tdh_mng_key_freeid__invalid_state_kot__cover_entry_cprover_havoc.yml,cprover_havoc,tdh_mng_key_freeid__invalid_state_kot__cover_entry_cprover_havoc.i,reach,unsafe,mixed,LP64,6,0,found,0,0,0,22.0,reach_error.assertion.1,,,,,,,,,yes,,results/tdx_cprover_traces/cprover_havoc__tdh_mng_key_freeid__invalid_state_kot__cover_entry_cprover_havoc.yml__reach.txt
cprover_havoc/tdh_mng_key_config__unexpected__safety_requirement_cprover_havoc.yml,cprover_havoc,tdh_mng_key_config__unexpected__safety_requirement_cprover_havoc.i,reach,safe,mixed,LP64,6,0,timeout,,0,,180.2,,,,,,,,,,,,
cprover_havoc/tdh_mng_key_config__unconstrained__cover_exit_success_cprover_havoc.yml,cprover_havoc,tdh_mng_key_config__unconstrained__cover_exit_success_cprover_havoc.i,reach,unsafe,mixed,LP64,6,0,timeout,,2,,391.5,,,,,,,,,,,,
cprover_havoc/tdh_mng_key_freeid__invalid_state_tdr_lifecycle__cover_entry_cprover_havoc.yml,cprover_havoc,tdh_mng_key_freeid__invalid_state_tdr_lifecycle__cover_entry_cprover_havoc.i,reach,unsafe,mixed,LP64,6,0,found,0,0,0,22.5,reach_error.assertion.1,,,,,,,,,yes,,results/tdx_cprover_traces/cprover_havoc__tdh_mng_key_freeid__invalid_state_tdr_lifecycle__cover_entry_cprover_havoc.yml__reach.txt
cprover_havoc/tdh_mng_key_config__unconstrained__cover_exit_unsuccess_cprover_havoc.yml,cprover_havoc,tdh_mng_key_config__unconstrained__cover_exit_unsuccess_cprover_havoc.i,reach,unsafe,mixed,LP64,6,0,timeout,,2,,469.2,,,,,,,,,,,,
cprover_havoc/tdh_mng_key_config__unexpected__cover_exit_cprover_havoc.yml,cprover_havoc,tdh_mng_key_config__unexpected__cover_exit_cprover_havoc.i,reach,unsafe,mixed,LP64,6,0,timeout,,2,,452.2,,,,,,,,,,,,
cprover_havoc/tdh_mng_key_freeid__invalid_state_tdr_metadata__cover_entry_cprover_havoc.yml,cprover_havoc,tdh_mng_key_freeid__invalid_state_tdr_metadata__cover_entry_cprover_havoc.i,reach,unsafe,mixed,LP64,6,0,found,0,0,0,24.7,reach_error.assertion.1,,,,,,,,,yes,,results/tdx_cprover_traces/cprover_havoc__tdh_mng_key_freeid__invalid_state_tdr_metadata__cover_entry_cprover_havoc.yml__reach.txt
cprover_havoc/tdh_mng_key_config__unexpected__cover_proof_cprover_havoc.yml,cprover_havoc,tdh_mng_key_config__unexpected__cover_proof_cprover_havoc.i,reach,unsafe,mixed,LP64,6,0,timeout,,2,,452.6,,,,,,,,,,,,
cprover_havoc/tdh_mng_key_freeid__invalid_input_tdr_hkid__cover_exit_cprover_havoc.yml,cprover_havoc,tdh_mng_key_freeid__invalid_input_tdr_hkid__cover_exit_cprover_havoc.i,reach,unsafe,mixed,LP64,6,0,timeout,,2,,433.4,,,,,,,,,,,,
cprover_havoc/tdh_mng_key_freeid__invalid_input_tdr_hkid__cover_proof_cprover_havoc.yml,cprover_havoc,tdh_mng_key_freeid__invalid_input_tdr_hkid__cover_proof_cprover_havoc.i,reach,unsafe,mixed,LP64,6,0,timeout,,2,,474.7,,,,,,,,,,,,
cprover_havoc/tdh_mng_key_freeid__invalid_state_kot__cover_exit_cprover_havoc.yml,cprover_havoc,tdh_mng_key_freeid__invalid_state_kot__cover_exit_cprover_havoc.i,reach,unsafe,mixed,LP64,6,0,timeout,,2,,426.5,,,,,,,,,,,,
cprover_havoc/tdh_mng_key_freeid__unexpected__cover_entry_cprover_havoc.yml,cprover_havoc,tdh_mng_key_freeid__unexpected__cover_entry_cprover_havoc.i,reach,unsafe,mixed,LP64,6,0,found,0,0,0,23.5,reach_error.assertion.1,,,,,,,,,yes,,results/tdx_cprover_traces/cprover_havoc__tdh_mng_key_freeid__unexpected__cover_entry_cprover_havoc.yml__reach.txt
cprover_havoc/tdh_mng_key_freeid__invalid_state_kot__cover_proof_cprover_havoc.yml,cprover_havoc,tdh_mng_key_freeid__invalid_state_kot__cover_proof_cprover_havoc.i,reach,unsafe,mixed,LP64,6,0,timeout,,2,,441.0,,,,,,,,,,,,
cprover_havoc/tdh_mng_key_freeid__invalid_state_tdr_lifecycle__cover_exit_cprover_havoc.yml,cprover_havoc,tdh_mng_key_freeid__invalid_state_tdr_lifecycle__cover_exit_cprover_havoc.i,reach,unsafe,mixed,LP64,6,0,timeout,,2,,422.9,,,,,,,,,,,,
cprover_havoc/tdh_import_abort__expected__cover_entry_cprover_havoc.yml,cprover_havoc,tdh_import_abort__expected__cover_entry_cprover_havoc.i,reach,unsafe,mixed,LP64,7,0,found,0,0,0,20.2,reach_error.assertion.1,,,,,,,,,yes,,results/tdx_cprover_traces/cprover_havoc__tdh_import_abort__expected__cover_entry_cprover_havoc.yml__reach.txt
cprover_havoc/tdh_mng_key_freeid__unexpected__safety_requirement_cprover_havoc.yml,cprover_havoc,tdh_mng_key_freeid__unexpected__safety_requirement_cprover_havoc.i,reach,safe,mixed,LP64,6,0,timeout,,0,,180.2,,,,,,,,,,,,
cprover_havoc/tdh_mng_key_freeid__invalid_state_tdr_lifecycle__cover_proof_cprover_havoc.yml,cprover_havoc,tdh_mng_key_freeid__invalid_state_tdr_lifecycle__cover_proof_cprover_havoc.i,reach,unsafe,mixed,LP64,6,0,timeout,,2,,433.6,,,,,,,,,,,,
cprover_havoc/tdh_mng_key_freeid__invalid_state_tdr_metadata__cover_proof_cprover_havoc.yml,cprover_havoc,tdh_mng_key_freeid__invalid_state_tdr_metadata__cover_proof_cprover_havoc.i,reach,unsafe,mixed,LP64,6,0,timeout,,2,,449.2,,,,,,,,,,,,
cprover_havoc/tdh_mng_key_freeid__invalid_state_tdr_metadata__cover_exit_cprover_havoc.yml,cprover_havoc,tdh_mng_key_freeid__invalid_state_tdr_metadata__cover_exit_cprover_havoc.i,reach,unsafe,mixed,LP64,6,0,timeout,,2,,457.1,,,,,,,,,,,,
cprover_havoc/tdh_import_abort__unexpected__cover_entry_cprover_havoc.yml,cprover_havoc,tdh_import_abort__unexpected__cover_entry_cprover_havoc.i,reach,unsafe,mixed,LP64,7,0,found,0,0,0,21.9,reach_error.assertion.1,,,,,,,,,yes,,results/tdx_cprover_traces/cprover_havoc__tdh_import_abort__unexpected__cover_entry_cprover_havoc.yml__reach.txt
cprover_havoc/tdh_mng_key_freeid__unconstrained__cover_exit_unsuccess_cprover_havoc.yml,cprover_havoc,tdh_mng_key_freeid__unconstrained__cover_exit_unsuccess_cprover_havoc.i,reach,unsafe,mixed,LP64,6,0,timeout,,2,,468.1,,,,,,,,,,,,
cprover_havoc/tdh_import_abort__expected__cover_exit_cprover_havoc.yml,cprover_havoc,tdh_import_abort__expected__cover_exit_cprover_havoc.i,reach,unsafe,mixed,LP64,7,0,timeout,,0,,180.4,,,,,,,,,,,,
cprover_havoc/tdh_import_abort__expected__cover_proof_cprover_havoc.yml,cprover_havoc,tdh_import_abort__expected__cover_proof_cprover_havoc.i,reach,unsafe,mixed,LP64,7,0,timeout,,0,,180.3,,,,,,,,,,,,
cprover_havoc/tdh_mng_vpflushdone__expected__cover_entry_cprover_havoc.yml,cprover_havoc,tdh_mng_vpflushdone__expected__cover_entry_cprover_havoc.i,reach,unsafe,mixed,LP64,7,0,found,0,0,0,17.8,reach_error.assertion.1,,,,,,,,,yes,,results/tdx_cprover_traces/cprover_havoc__tdh_mng_vpflushdone__expected__cover_entry_cprover_havoc.yml__reach.txt
cprover_havoc/tdh_import_abort__expected__safety_requirement_cprover_havoc.yml,cprover_havoc,tdh_import_abort__expected__safety_requirement_cprover_havoc.i,reach,safe,mixed,LP64,7,0,timeout,,0,,180.3,,,,,,,,,,,,
cprover_havoc/tdh_mng_key_freeid__unexpected__cover_exit_cprover_havoc.yml,cprover_havoc,tdh_mng_key_freeid__unexpected__cover_exit_cprover_havoc.i,reach,unsafe,mixed,LP64,6,0,timeout,,2,,456.9,,,,,,,,,,,,
cprover_havoc/tdh_mng_key_freeid__unexpected__cover_proof_cprover_havoc.yml,cprover_havoc,tdh_mng_key_freeid__unexpected__cover_proof_cprover_havoc.i,reach,unsafe,mixed,LP64,6,0,timeout,,2,,452.3,,,,,,,,,,,,
cprover_havoc/tdh_mng_vpflushdone__invalid_input_tdr_hkid__cover_entry_cprover_havoc.yml,cprover_havoc,tdh_mng_vpflushdone__invalid_input_tdr_hkid__cover_entry_cprover_havoc.i,reach,unsafe,mixed,LP64,7,0,found,0,0,0,19.0,reach_error.assertion.1,,,,,,,,,yes,,results/tdx_cprover_traces/cprover_havoc__tdh_mng_vpflushdone__invalid_input_tdr_hkid__cover_entry_cprover_havoc.yml__reach.txt
cprover_havoc/tdh_import_abort__unconstrained__cover_exit_unsuccess_cprover_havoc.yml,cprover_havoc,tdh_import_abort__unconstrained__cover_exit_unsuccess_cprover_havoc.i,reach,unsafe,mixed,LP64,7,0,timeout,,0,,180.3,,,,,,,,,,,,
cprover_havoc/tdh_import_abort__unexpected__cover_exit_cprover_havoc.yml,cprover_havoc,tdh_import_abort__unexpected__cover_exit_cprover_havoc.i,reach,unsafe,mixed,LP64,7,0,timeout,,0,,180.3,,,,,,,,,,,,
cprover_havoc/tdh_mng_vpflushdone__invalid_state_op_state__cover_entry_cprover_havoc.yml,cprover_havoc,tdh_mng_vpflushdone__invalid_state_op_state__cover_entry_cprover_havoc.i,reach,unsafe,mixed,LP64,7,0,found,0,0,0,22.5,reach_error.assertion.1,,,,,,,,,yes,,results/tdx_cprover_traces/cprover_havoc__tdh_mng_vpflushdone__invalid_state_op_state__cover_entry_cprover_havoc.yml__reach.txt
cprover_havoc/tdh_import_abort__unexpected__cover_proof_cprover_havoc.yml,cprover_havoc,tdh_import_abort__unexpected__cover_proof_cprover_havoc.i,reach,unsafe,mixed,LP64,7,0,timeout,,0,,180.4,,,,,,,,,,,,
cprover_havoc/tdh_import_abort__unexpected__safety_requirement_cprover_havoc.yml,cprover_havoc,tdh_import_abort__unexpected__safety_requirement_cprover_havoc.i,reach,safe,mixed,LP64,7,0,timeout,,0,,180.5,,,,,,,,,,,,
cprover_havoc/tdh_mng_vpflushdone__invalid_state_tdr_lifecycle__cover_entry_cprover_havoc.yml,cprover_havoc,tdh_mng_vpflushdone__invalid_state_tdr_lifecycle__cover_entry_cprover_havoc.i,reach,unsafe,mixed,LP64,7,0,found,0,0,0,20.1,reach_error.assertion.1,,,,,,,,,yes,,results/tdx_cprover_traces/cprover_havoc__tdh_mng_vpflushdone__invalid_state_tdr_lifecycle__cover_entry_cprover_havoc.yml__reach.txt
cprover_havoc/tdh_mng_vpflushdone__expected__cover_exit_cprover_havoc.yml,cprover_havoc,tdh_mng_vpflushdone__expected__cover_exit_cprover_havoc.i,reach,unsafe,mixed,LP64,7,0,timeout,,0,,180.3,,,,,,,,,,,,
cprover_havoc/tdh_mng_vpflushdone__expected__cover_proof_cprover_havoc.yml,cprover_havoc,tdh_mng_vpflushdone__expected__cover_proof_cprover_havoc.i,reach,unsafe,mixed,LP64,7,0,timeout,,0,,180.2,,,,,,,,,,,,
cprover_havoc/tdh_mng_vpflushdone__expected__safety_requirement_cprover_havoc.yml,cprover_havoc,tdh_mng_vpflushdone__expected__safety_requirement_cprover_havoc.i,reach,safe,mixed,LP64,7,0,timeout,,0,,180.2,,,,,,,,,,,,
cprover_havoc/tdh_mng_vpflushdone__invalid_state_tdr_metadata__cover_entry_cprover_havoc.yml,cprover_havoc,tdh_mng_vpflushdone__invalid_state_tdr_metadata__cover_entry_cprover_havoc.i,reach,unsafe,mixed,LP64,7,0,found,0,0,0,21.2,reach_error.assertion.1,,,,,,,,,yes,,results/tdx_cprover_traces/cprover_havoc__tdh_mng_vpflushdone__invalid_state_tdr_metadata__cover_entry_cprover_havoc.yml__reach.txt
cprover_havoc/tdh_mng_vpflushdone__invalid_input_tdr_hkid__cover_exit_cprover_havoc.yml,cprover_havoc,tdh_mng_vpflushdone__invalid_input_tdr_hkid__cover_exit_cprover_havoc.i,reach,unsafe,mixed,LP64,7,0,timeout,,0,,180.3,,,,,,,,,,,,
cprover_havoc/tdh_mng_vpflushdone__invalid_input_tdr_hkid__cover_proof_cprover_havoc.yml,cprover_havoc,tdh_mng_vpflushdone__invalid_input_tdr_hkid__cover_proof_cprover_havoc.i,reach,unsafe,mixed,LP64,7,0,timeout,,0,,180.3,,,,,,,,,,,,
cprover_havoc/tdh_mng_vpflushdone__unexpected__cover_entry_cprover_havoc.yml,cprover_havoc,tdh_mng_vpflushdone__unexpected__cover_entry_cprover_havoc.i,reach,unsafe,mixed,LP64,7,0,found,0,0,0,15.6,reach_error.assertion.1,,,,,,,,,yes,,results/tdx_cprover_traces/cprover_havoc__tdh_mng_vpflushdone__unexpected__cover_entry_cprover_havoc.yml__reach.txt
cprover_havoc/tdh_mng_vpflushdone__invalid_state_op_state__cover_exit_cprover_havoc.yml,cprover_havoc,tdh_mng_vpflushdone__invalid_state_op_state__cover_exit_cprover_havoc.i,reach,unsafe,mixed,LP64,7,0,timeout,,0,,180.2,,,,,,,,,,,,
cprover_havoc/tdh_mng_vpflushdone__invalid_state_op_state__cover_proof_cprover_havoc.yml,cprover_havoc,tdh_mng_vpflushdone__invalid_state_op_state__cover_proof_cprover_havoc.i,reach,unsafe,mixed,LP64,7,0,timeout,,0,,180.2,,,,,,,,,,,,
cprover_havoc/tdh_mng_vpflushdone__invalid_state_tdr_lifecycle__cover_exit_cprover_havoc.yml,cprover_havoc,tdh_mng_vpflushdone__invalid_state_tdr_lifecycle__cover_exit_cprover_havoc.i,reach,unsafe,mixed,LP64,7,0,timeout,,0,,180.2,,,,,,,,,,,,
cprover_havoc/tdh_mng_vpflushdone__invalid_state_tdr_lifecycle__cover_proof_cprover_havoc.yml,cprover_havoc,tdh_mng_vpflushdone__invalid_state_tdr_lifecycle__cover_proof_cprover_havoc.i,reach,unsafe,mixed,LP64,7,0,timeout,,0,,180.2,,,,,,,,,,,,
cprover_havoc/tdh_mng_vpflushdone__invalid_state_tdr_metadata__cover_exit_cprover_havoc.yml,cprover_havoc,tdh_mng_vpflushdone__invalid_state_tdr_metadata__cover_exit_cprover_havoc.i,reach,unsafe,mixed,LP64,7,0,timeout,,0,,180.2,,,,,,,,,,,,
cprover_havoc/tdh_mng_vpflushdone__invalid_state_tdr_metadata__cover_proof_cprover_havoc.yml,cprover_havoc,tdh_mng_vpflushdone__invalid_state_tdr_metadata__cover_proof_cprover_havoc.i,reach,unsafe,mixed,LP64,7,0,timeout,,0,,180.3,,,,,,,,,,,,
cprover_havoc/tdh_mng_vpflushdone__unconstrained__cover_exit_unsuccess_cprover_havoc.yml,cprover_havoc,tdh_mng_vpflushdone__unconstrained__cover_exit_unsuccess_cprover_havoc.i,reach,unsafe,mixed,LP64,7,0,timeout,,0,,180.2,,,,,,,,,,,,
cprover_havoc/tdh_mng_vpflushdone__unexpected__cover_exit_cprover_havoc.yml,cprover_havoc,tdh_mng_vpflushdone__unexpected__cover_exit_cprover_havoc.i,reach,unsafe,mixed,LP64,7,0,timeout,,0,,180.3,,,,,,,,,,,,
cprover_havoc/tdh_mng_vpflushdone__unexpected__cover_proof_cprover_havoc.yml,cprover_havoc,tdh_mng_vpflushdone__unexpected__cover_proof_cprover_havoc.i,reach,unsafe,mixed,LP64,7,0,timeout,,0,,180.3,,,,,,,,,,,,
cprover_havoc/tdh_mng_vpflushdone__unexpected__safety_requirement_cprover_havoc.yml,cprover_havoc,tdh_mng_vpflushdone__unexpected__safety_requirement_cprover_havoc.i,reach,safe,mixed,LP64,7,0,timeout,,0,,180.2,,,,,,,,,,,,
cprover_havoc/tdh_mr_finalize__expected__cover_proof_cprover_havoc.yml,cprover_havoc,tdh_mr_finalize__expected__cover_proof_cprover_havoc.i,reach,unsafe,mixed,LP64,8,0,timeout,,2,,356.2,,,,,,,,,,,,
cprover_havoc/tdh_mr_finalize__expected__cover_entry_cprover_havoc.yml,cprover_havoc,tdh_mr_finalize__expected__cover_entry_cprover_havoc.i,reach,unsafe,mixed,LP64,8,0,timeout,,2,,397.6,,,,,,,,,,,,
cprover_havoc/tdh_mr_finalize__expected__cover_exit_cprover_havoc.yml,cprover_havoc,tdh_mr_finalize__expected__cover_exit_cprover_havoc.i,reach,unsafe,mixed,LP64,8,0,timeout,,2,,380.0,,,,,,,,,,,,
cprover_havoc/tdh_mr_finalize__expected__safety_requirement_cprover_havoc.yml,cprover_havoc,tdh_mr_finalize__expected__safety_requirement_cprover_havoc.i,reach,safe,mixed,LP64,8,0,timeout,,2,,397.3,,,,,,,,,,,,
cprover_havoc/tdh_mr_finalize__invalid_input_hkid__cover_entry_cprover_havoc.yml,cprover_havoc,tdh_mr_finalize__invalid_input_hkid__cover_entry_cprover_havoc.i,reach,unsafe,mixed,LP64,8,0,timeout,,2,,394.3,,,,,,,,,,,,
cprover_havoc/tdh_mr_finalize__invalid_input_hkid__cover_exit_cprover_havoc.yml,cprover_havoc,tdh_mr_finalize__invalid_input_hkid__cover_exit_cprover_havoc.i,reach,unsafe,mixed,LP64,8,0,timeout,,2,,400.5,,,,,,,,,,,,
cprover_havoc/tdh_mr_finalize__invalid_input_hkid__cover_proof_cprover_havoc.yml,cprover_havoc,tdh_mr_finalize__invalid_input_hkid__cover_proof_cprover_havoc.i,reach,unsafe,mixed,LP64,8,0,timeout,,2,,377.1,,,,,,,,,,,,
cprover_havoc/tdh_mr_finalize__invalid_input_hkid__safety_requirement_cprover_havoc.yml,cprover_havoc,tdh_mr_finalize__invalid_input_hkid__safety_requirement_cprover_havoc.i,reach,safe,mixed,LP64,8,0,timeout,,2,,374.8,,,,,,,,,,,,
cprover_havoc/tdh_mr_finalize__invalid_state_lifecycle__cover_proof_cprover_havoc.yml,cprover_havoc,tdh_mr_finalize__invalid_state_lifecycle__cover_proof_cprover_havoc.i,reach,unsafe,mixed,LP64,8,0,timeout,,2,,358.1,,,,,,,,,,,,
cprover_havoc/tdh_mr_finalize__invalid_state_lifecycle__cover_entry_cprover_havoc.yml,cprover_havoc,tdh_mr_finalize__invalid_state_lifecycle__cover_entry_cprover_havoc.i,reach,unsafe,mixed,LP64,8,0,timeout,,2,,384.3,,,,,,,,,,,,
cprover_havoc/tdh_mr_finalize__invalid_state_lifecycle__cover_exit_cprover_havoc.yml,cprover_havoc,tdh_mr_finalize__invalid_state_lifecycle__cover_exit_cprover_havoc.i,reach,unsafe,mixed,LP64,8,0,timeout,,2,,388.9,,,,,,,,,,,,
cprover_havoc/tdh_mr_finalize__invalid_state_op_state__cover_entry_cprover_havoc.yml,cprover_havoc,tdh_mr_finalize__invalid_state_op_state__cover_entry_cprover_havoc.i,reach,unsafe,mixed,LP64,8,0,timeout,,2,,361.6,,,,,,,,,,,,
cprover_havoc/tdh_mr_finalize__invalid_state_lifecycle__safety_requirement_cprover_havoc.yml,cprover_havoc,tdh_mr_finalize__invalid_state_lifecycle__safety_requirement_cprover_havoc.i,reach,safe,mixed,LP64,8,0,timeout,,2,,381.2,,,,,,,,,,,,
cprover_havoc/tdh_mr_finalize__invalid_state_op_state__cover_exit_cprover_havoc.yml,cprover_havoc,tdh_mr_finalize__invalid_state_op_state__cover_exit_cprover_havoc.i,reach,unsafe,mixed,LP64,8,0,timeout,,2,,352.8,,,,,,,,,,,,
cprover_havoc/tdh_mr_finalize__invalid_state_op_state__cover_proof_cprover_havoc.yml,cprover_havoc,tdh_mr_finalize__invalid_state_op_state__cover_proof_cprover_havoc.i,reach,unsafe,mixed,LP64,8,0,timeout,,2,,354.7,,,,,,,,,,,,
cprover_havoc/tdh_mr_finalize__invalid_state_op_state__safety_requirement_cprover_havoc.yml,cprover_havoc,tdh_mr_finalize__invalid_state_op_state__safety_requirement_cprover_havoc.i,reach,safe,mixed,LP64,8,0,timeout,,2,,357.0,,,,,,,,,,,,
cprover_havoc/tdh_mr_finalize__invalid_state_tdr_metadata__cover_exit_cprover_havoc.yml,cprover_havoc,tdh_mr_finalize__invalid_state_tdr_metadata__cover_exit_cprover_havoc.i,reach,unsafe,mixed,LP64,8,0,timeout,,0,,180.3,,,,,,,,,,,,
cprover_havoc/tdh_mr_finalize__invalid_state_tdr_metadata__cover_proof_cprover_havoc.yml,cprover_havoc,tdh_mr_finalize__invalid_state_tdr_metadata__cover_proof_cprover_havoc.i,reach,unsafe,mixed,LP64,8,0,timeout,,0,,180.3,,,,,,,,,,,,
cprover_havoc/tdh_mr_finalize__invalid_state_td_state__cover_proof_cprover_havoc.yml,cprover_havoc,tdh_mr_finalize__invalid_state_td_state__cover_proof_cprover_havoc.i,reach,unsafe,mixed,LP64,8,0,timeout,,2,,344.2,,,,,,,,,,,,
cprover_havoc/tdh_mr_finalize__invalid_state_td_state__cover_exit_cprover_havoc.yml,cprover_havoc,tdh_mr_finalize__invalid_state_td_state__cover_exit_cprover_havoc.i,reach,unsafe,mixed,LP64,8,0,timeout,,2,,393.0,,,,,,,,,,,,
cprover_havoc/tdh_mr_finalize__invalid_state_td_state__cover_entry_cprover_havoc.yml,cprover_havoc,tdh_mr_finalize__invalid_state_td_state__cover_entry_cprover_havoc.i,reach,unsafe,mixed,LP64,8,0,timeout,,2,,413.6,,,,,,,,,,,,
cprover_havoc/tdh_mr_finalize__invalid_state_td_state__safety_requirement_cprover_havoc.yml,cprover_havoc,tdh_mr_finalize__invalid_state_td_state__safety_requirement_cprover_havoc.i,reach,safe,mixed,LP64,8,0,timeout,,2,,402.2,,,,,,,,,,,,
cprover_havoc/tdh_mr_finalize__unexpected__cover_exit_cprover_havoc.yml,cprover_havoc,tdh_mr_finalize__unexpected__cover_exit_cprover_havoc.i,reach,unsafe,mixed,LP64,8,0,timeout,,0,,180.3,,,,,,,,,,,,
cprover_havoc/tdh_mr_finalize__invalid_state_tdr_metadata__cover_entry_cprover_havoc.yml,cprover_havoc,tdh_mr_finalize__invalid_state_tdr_metadata__cover_entry_cprover_havoc.i,reach,unsafe,mixed,LP64,8,0,timeout,,2,,484.0,,,,,,,,,,,,
cprover_havoc/tdh_mr_finalize__unconstrained__cover_exit_success_cprover_havoc.yml,cprover_havoc,tdh_mr_finalize__unconstrained__cover_exit_success_cprover_havoc.i,reach,unsafe,mixed,LP64,8,0,timeout,,2,,447.0,,,,,,,,,,,,
cprover_havoc/tdh_mr_finalize__unexpected__cover_proof_cprover_havoc.yml,cprover_havoc,tdh_mr_finalize__unexpected__cover_proof_cprover_havoc.i,reach,unsafe,mixed,LP64,8,0,timeout,,0,,180.4,,,,,,,,,,,,
cprover_havoc/tdh_mr_finalize__unexpected__safety_requirement_cprover_havoc.yml,cprover_havoc,tdh_mr_finalize__unexpected__safety_requirement_cprover_havoc.i,reach,safe,mixed,LP64,8,0,timeout,,0,,180.3,,,,,,,,,,,,
cprover_havoc/tdh_mr_finalize__unexpected__cover_entry_cprover_havoc.yml,cprover_havoc,tdh_mr_finalize__unexpected__cover_entry_cprover_havoc.i,reach,unsafe,mixed,LP64,8,0,timeout,,2,,412.0,,,,,,,,,,,,
cprover_havoc/tdh_mr_finalize__unconstrained__cover_exit_unsuccess_cprover_havoc.yml,cprover_havoc,tdh_mr_finalize__unconstrained__cover_exit_unsuccess_cprover_havoc.i,reach,unsafe,mixed,LP64,8,0,timeout,,2,,527.0,,,,,,,,,,,,
cprover_havoc/tdh_phymem_page_reclaim__expected__cover_entry_cprover_havoc.yml,cprover_havoc,tdh_phymem_page_reclaim__expected__cover_entry_cprover_havoc.i,reach,unsafe,mixed,LP64,9,0,timeout,,32,,899.4,,,,,,,,,,,,
cprover_havoc/tdh_phymem_page_reclaim__expected__cover_exit_cprover_havoc.yml,cprover_havoc,tdh_phymem_page_reclaim__expected__cover_exit_cprover_havoc.i,reach,unsafe,mixed,LP64,9,0,timeout,,33,,899.1,,,,,,,,,,,,
cprover_havoc/tdh_phymem_page_reclaim__expected__cover_proof_cprover_havoc.yml,cprover_havoc,tdh_phymem_page_reclaim__expected__cover_proof_cprover_havoc.i,reach,unsafe,mixed,LP64,9,0,timeout,,33,,899.7,,,,,,,,,,,,
cprover_havoc/tdh_phymem_page_reclaim__expected__safety_requirement_cprover_havoc.yml,cprover_havoc,tdh_phymem_page_reclaim__expected__safety_requirement_cprover_havoc.i,reach,safe,mixed,LP64,9,0,timeout,,33,,899.4,,,,,,,,,,,,
cprover_havoc/tdh_phymem_page_reclaim__invalid_input_pa__cover_entry_cprover_havoc.yml,cprover_havoc,tdh_phymem_page_reclaim__invalid_input_pa__cover_entry_cprover_havoc.i,reach,unsafe,mixed,LP64,9,0,timeout,,33,,899.2,,,,,,,,,,,,
cprover_havoc/tdh_phymem_page_reclaim__invalid_input_pa__cover_exit_cprover_havoc.yml,cprover_havoc,tdh_phymem_page_reclaim__invalid_input_pa__cover_exit_cprover_havoc.i,reach,unsafe,mixed,LP64,9,0,timeout,,33,,899.8,,,,,,,,,,,,
cprover_havoc/tdh_phymem_page_reclaim__invalid_input_pa__cover_proof_cprover_havoc.yml,cprover_havoc,tdh_phymem_page_reclaim__invalid_input_pa__cover_proof_cprover_havoc.i,reach,unsafe,mixed,LP64,9,0,timeout,,33,,899.2,,,,,,,,,,,,
cprover_havoc/tdh_phymem_page_reclaim__invalid_input_pa__safety_requirement_cprover_havoc.yml,cprover_havoc,tdh_phymem_page_reclaim__invalid_input_pa__safety_requirement_cprover_havoc.i,reach,safe,mixed,LP64,9,0,timeout,,33,,899.2,,,,,,,,,,,,
cprover_havoc/tdh_phymem_page_reclaim__invalid_state_child_count__cover_entry_cprover_havoc.yml,cprover_havoc,tdh_phymem_page_reclaim__invalid_state_child_count__cover_entry_cprover_havoc.i,reach,unsafe,mixed,LP64,9,0,timeout,,33,,899.7,,,,,,,,,,,,
cprover_havoc/tdh_phymem_page_reclaim__invalid_state_child_count__cover_exit_cprover_havoc.yml,cprover_havoc,tdh_phymem_page_reclaim__invalid_state_child_count__cover_exit_cprover_havoc.i,reach,unsafe,mixed,LP64,9,0,timeout,,32,,899.1,,,,,,,,,,,,
cprover_havoc/tdh_phymem_page_reclaim__invalid_state_child_count__cover_proof_cprover_havoc.yml,cprover_havoc,tdh_phymem_page_reclaim__invalid_state_child_count__cover_proof_cprover_havoc.i,reach,unsafe,mixed,LP64,9,0,timeout,,33,,899.5,,,,,,,,,,,,
cprover_havoc/tdh_phymem_page_reclaim__invalid_state_child_count__safety_requirement_cprover_havoc.yml,cprover_havoc,tdh_phymem_page_reclaim__invalid_state_child_count__safety_requirement_cprover_havoc.i,reach,safe,mixed,LP64,9,0,timeout,,33,,899.6,,,,,,,,,,,,
cprover_havoc/tdh_phymem_page_reclaim__invalid_state_lifecycle__cover_entry_cprover_havoc.yml,cprover_havoc,tdh_phymem_page_reclaim__invalid_state_lifecycle__cover_entry_cprover_havoc.i,reach,unsafe,mixed,LP64,9,0,timeout,,32,,899.7,,,,,,,,,,,,
cprover_havoc/tdh_phymem_page_reclaim__invalid_state_lifecycle__cover_exit_cprover_havoc.yml,cprover_havoc,tdh_phymem_page_reclaim__invalid_state_lifecycle__cover_exit_cprover_havoc.i,reach,unsafe,mixed,LP64,9,0,timeout,,32,,899.6,,,,,,,,,,,,
cprover_havoc/tdh_phymem_page_reclaim__invalid_state_lifecycle__cover_proof_cprover_havoc.yml,cprover_havoc,tdh_phymem_page_reclaim__invalid_state_lifecycle__cover_proof_cprover_havoc.i,reach,unsafe,mixed,LP64,9,0,timeout,,32,,899.4,,,,,,,,,,,,
cprover_havoc/tdh_phymem_page_reclaim__invalid_state_lifecycle__safety_requirement_cprover_havoc.yml,cprover_havoc,tdh_phymem_page_reclaim__invalid_state_lifecycle__safety_requirement_cprover_havoc.i,reach,safe,mixed,LP64,9,0,timeout,,32,,899.6,,,,,,,,,,,,
cprover_havoc/tdh_phymem_page_reclaim__invalid_state_pamt_metadata__cover_entry_cprover_havoc.yml,cprover_havoc,tdh_phymem_page_reclaim__invalid_state_pamt_metadata__cover_entry_cprover_havoc.i,reach,unsafe,mixed,LP64,9,0,timeout,,33,,900.0,,,,,,,,,,,,
cprover_havoc/tdh_phymem_page_reclaim__invalid_state_pamt_metadata__cover_exit_cprover_havoc.yml,cprover_havoc,tdh_phymem_page_reclaim__invalid_state_pamt_metadata__cover_exit_cprover_havoc.i,reach,unsafe,mixed,LP64,9,0,timeout,,32,,899.9,,,,,,,,,,,,
cprover_havoc/tdh_phymem_page_reclaim__invalid_state_pamt_metadata__cover_proof_cprover_havoc.yml,cprover_havoc,tdh_phymem_page_reclaim__invalid_state_pamt_metadata__cover_proof_cprover_havoc.i,reach,unsafe,mixed,LP64,9,0,timeout,,33,,899.1,,,,,,,,,,,,
cprover_havoc/tdg_sys_rd__expected__cover_entry_cprover_havoc.yml,cprover_havoc,tdg_sys_rd__expected__cover_entry_cprover_havoc.i,reach,unsafe,mixed,LP64,10,1,found,0,0,0,22.6,reach_error.assertion.1,,,,,,,,,yes,,results/tdx_cprover_traces/cprover_havoc__tdg_sys_rd__expected__cover_entry_cprover_havoc.yml__reach.txt
cprover_havoc/tdh_phymem_page_reclaim__unconstrained__cover_exit_success_cprover_havoc.yml,cprover_havoc,tdh_phymem_page_reclaim__unconstrained__cover_exit_success_cprover_havoc.i,reach,unsafe,mixed,LP64,9,0,timeout,,32,,899.3,,,,,,,,,,,,
cprover_havoc/tdh_phymem_page_reclaim__unconstrained__cover_exit_unsuccess_cprover_havoc.yml,cprover_havoc,tdh_phymem_page_reclaim__unconstrained__cover_exit_unsuccess_cprover_havoc.i,reach,unsafe,mixed,LP64,9,0,timeout,,33,,899.1,,,,,,,,,,,,
cprover_havoc/tdh_phymem_page_reclaim__unexpected__cover_entry_cprover_havoc.yml,cprover_havoc,tdh_phymem_page_reclaim__unexpected__cover_entry_cprover_havoc.i,reach,unsafe,mixed,LP64,9,0,timeout,,33,,899.8,,,,,,,,,,,,
cprover_havoc/tdh_phymem_page_reclaim__unexpected__cover_proof_cprover_havoc.yml,cprover_havoc,tdh_phymem_page_reclaim__unexpected__cover_proof_cprover_havoc.i,reach,unsafe,mixed,LP64,9,0,timeout,,28,,1439.2,,,,,,,,,,,,
cprover_havoc/tdg_sys_rd__unconstrained__cover_exit_success_cprover_havoc.yml,cprover_havoc,tdg_sys_rd__unconstrained__cover_exit_success_cprover_havoc.i,reach,unsafe,mixed,LP64,10,1,timeout,,0,,771.7,,,,,,,,,,,,
cprover_havoc/tdh_phymem_page_reclaim__unexpected__safety_requirement_cprover_havoc.yml,cprover_havoc,tdh_phymem_page_reclaim__unexpected__safety_requirement_cprover_havoc.i,reach,safe,mixed,LP64,9,0,timeout,,10,,890.0,,,,,,,,,,,,
cprover_havoc/tdg_sys_rd__unconstrained__cover_exit_unsuccess_cprover_havoc.yml,cprover_havoc,tdg_sys_rd__unconstrained__cover_exit_unsuccess_cprover_havoc.i,reach,unsafe,mixed,LP64,10,1,timeout,,0,,756.7,,,,,,,,,,,,
cprover_havoc/tdh_phymem_page_reclaim__unexpected__cover_exit_cprover_havoc.yml,cprover_havoc,tdh_phymem_page_reclaim__unexpected__cover_exit_cprover_havoc.i,reach,unsafe,mixed,LP64,9,0,timeout,,31,,1541.2,,,,,,,,,,,,
cprover_havoc/tdg_sys_rd__expected__safety_requirement_cprover_havoc.yml,cprover_havoc,tdg_sys_rd__expected__safety_requirement_cprover_havoc.i,reach,safe,mixed,LP64,10,1,timeout,,0,,781.5,,,,,,,,,,,,
cprover_havoc/tdg_sys_rd__expected__cover_proof_cprover_havoc.yml,cprover_havoc,tdg_sys_rd__expected__cover_proof_cprover_havoc.i,reach,unsafe,mixed,LP64,10,1,timeout,,0,,787.8,,,,,,,,,,,,
cprover_havoc/tdg_sys_rd__expected__cover_exit_cprover_havoc.yml,cprover_havoc,tdg_sys_rd__expected__cover_exit_cprover_havoc.i,reach,unsafe,mixed,LP64,10,1,timeout,,0,,808.8,,,,,,,,,,,,
cprover_havoc/tdh_export_restore__expected__cover_entry_cprover_havoc.yml,cprover_havoc,tdh_export_restore__expected__cover_entry_cprover_havoc.i,reach,unsafe,mixed,LP64,10,0,found,0,0,0,19.2,reach_error.assertion.1,,,,,,,,,yes,,results/tdx_cprover_traces/cprover_havoc__tdh_export_restore__expected__cover_entry_cprover_havoc.yml__reach.txt
cprover_havoc/tdg_sys_rd__unexpected__cover_entry_cprover_havoc.yml,cprover_havoc,tdg_sys_rd__unexpected__cover_entry_cprover_havoc.i,reach,unsafe,mixed,LP64,10,1,found,0,0,0,27.1,reach_error.assertion.1,,,,,,,,,yes,,results/tdx_cprover_traces/cprover_havoc__tdg_sys_rd__unexpected__cover_entry_cprover_havoc.yml__reach.txt
cprover_havoc/tdg_sys_rd__unexpected__cover_exit_cprover_havoc.yml,cprover_havoc,tdg_sys_rd__unexpected__cover_exit_cprover_havoc.i,reach,unsafe,mixed,LP64,10,1,found,0,0,0,67.4,reach_error.assertion.1,,,,,,,,,yes,,results/tdx_cprover_traces/cprover_havoc__tdg_sys_rd__unexpected__cover_exit_cprover_havoc.yml__reach.txt
cprover_havoc/tdg_sys_rd__unexpected__cover_proof_cprover_havoc.yml,cprover_havoc,tdg_sys_rd__unexpected__cover_proof_cprover_havoc.i,reach,unsafe,mixed,LP64,10,1,found,0,0,0,75.0,reach_error.assertion.1,,,,,,,,,yes,,results/tdx_cprover_traces/cprover_havoc__tdg_sys_rd__unexpected__cover_proof_cprover_havoc.yml__reach.txt
cprover_havoc/tdh_export_restore__unexpected__cover_entry_cprover_havoc.yml,cprover_havoc,tdh_export_restore__unexpected__cover_entry_cprover_havoc.i,reach,unsafe,mixed,LP64,10,0,found,0,0,0,23.4,reach_error.assertion.1,,,,,,,,,yes,,results/tdx_cprover_traces/cprover_havoc__tdh_export_restore__unexpected__cover_entry_cprover_havoc.yml__reach.txt
cprover_havoc/tdg_sys_rd__unexpected__safety_requirement_cprover_havoc.yml,cprover_havoc,tdg_sys_rd__unexpected__safety_requirement_cprover_havoc.i,reach,safe,mixed,LP64,10,1,timeout,,0,,180.1,,,,,,,,,,,,
cprover_havoc/tdh_export_restore__expected__cover_exit_cprover_havoc.yml,cprover_havoc,tdh_export_restore__expected__cover_exit_cprover_havoc.i,reach,unsafe,mixed,LP64,10,0,timeout,,0,,180.5,,,,,,,,,,,,
cprover_havoc/tdh_export_restore__expected__cover_proof_cprover_havoc.yml,cprover_havoc,tdh_export_restore__expected__cover_proof_cprover_havoc.i,reach,unsafe,mixed,LP64,10,0,timeout,,0,,180.4,,,,,,,,,,,,
cprover_havoc/tdh_export_restore__expected__safety_requirement_cprover_havoc.yml,cprover_havoc,tdh_export_restore__expected__safety_requirement_cprover_havoc.i,reach,safe,mixed,LP64,10,0,timeout,,0,,180.4,,,,,,,,,,,,
cprover_havoc/tdh_export_restore__unconstrained__cover_exit_success_cprover_havoc.yml,cprover_havoc,tdh_export_restore__unconstrained__cover_exit_success_cprover_havoc.i,reach,unsafe,mixed,LP64,10,0,timeout,,0,,180.3,,,,,,,,,,,,
cprover_havoc/tdh_export_restore__unconstrained__cover_exit_unsuccess_cprover_havoc.yml,cprover_havoc,tdh_export_restore__unconstrained__cover_exit_unsuccess_cprover_havoc.i,reach,unsafe,mixed,LP64,10,0,timeout,,0,,180.3,,,,,,,,,,,,
cprover_havoc/tdg_vm_wr__expected__cover_entry_cprover_havoc.yml,cprover_havoc,tdg_vm_wr__expected__cover_entry_cprover_havoc.i,reach,unsafe,mixed,LP64,11,1,found,0,0,0,31.2,reach_error.assertion.1,,,,,,,,,yes,,results/tdx_cprover_traces/cprover_havoc__tdg_vm_wr__expected__cover_entry_cprover_havoc.yml__reach.txt
cprover_havoc/tdg_vm_wr__invalid_input_field_id__cover_entry_cprover_havoc.yml,cprover_havoc,tdg_vm_wr__invalid_input_field_id__cover_entry_cprover_havoc.i,reach,unsafe,mixed,LP64,11,1,found,0,0,0,27.4,reach_error.assertion.1,,,,,,,,,yes,,results/tdx_cprover_traces/cprover_havoc__tdg_vm_wr__invalid_input_field_id__cover_entry_cprover_havoc.yml__reach.txt
cprover_havoc/tdh_export_restore__unexpected__cover_exit_cprover_havoc.yml,cprover_havoc,tdh_export_restore__unexpected__cover_exit_cprover_havoc.i,reach,unsafe,mixed,LP64,10,0,timeout,,0,,180.5,,,,,,,,,,,,
cprover_havoc/tdh_export_restore__unexpected__cover_proof_cprover_havoc.yml,cprover_havoc,tdh_export_restore__unexpected__cover_proof_cprover_havoc.i,reach,unsafe,mixed,LP64,10,0,timeout,,0,,180.4,,,,,,,,,,,,
cprover_havoc/tdg_vm_wr__invalid_input_rcx__cover_entry_cprover_havoc.yml,cprover_havoc,tdg_vm_wr__invalid_input_rcx__cover_entry_cprover_havoc.i,reach,unsafe,mixed,LP64,11,1,found,0,0,0,30.6,reach_error.assertion.1,,,,,,,,,yes,,results/tdx_cprover_traces/cprover_havoc__tdg_vm_wr__invalid_input_rcx__cover_entry_cprover_havoc.yml__reach.txt
cprover_havoc/tdh_export_restore__unexpected__safety_requirement_cprover_havoc.yml,cprover_havoc,tdh_export_restore__unexpected__safety_requirement_cprover_havoc.i,reach,safe,mixed,LP64,10,0,timeout,,0,,180.4,,,,,,,,,,,,
cprover_havoc/tdg_vm_wr__expected__cover_exit_cprover_havoc.yml,cprover_havoc,tdg_vm_wr__expected__cover_exit_cprover_havoc.i,reach,unsafe,mixed,LP64,11,1,timeout,,0,,180.7,,,,,,,,,,,,
cprover_havoc/tdg_vm_wr__expected__cover_proof_cprover_havoc.yml,cprover_havoc,tdg_vm_wr__expected__cover_proof_cprover_havoc.i,reach,unsafe,mixed,LP64,11,1,timeout,,0,,180.7,,,,,,,,,,,,
cprover_havoc/tdg_vm_wr__expected__safety_requirement_cprover_havoc.yml,cprover_havoc,tdg_vm_wr__expected__safety_requirement_cprover_havoc.i,reach,safe,mixed,LP64,11,1,timeout,,0,,181.1,,,,,,,,,,,,
cprover_havoc/tdg_vm_wr__invalid_input_field_id__cover_exit_cprover_havoc.yml,cprover_havoc,tdg_vm_wr__invalid_input_field_id__cover_exit_cprover_havoc.i,reach,unsafe,mixed,LP64,11,1,timeout,,0,,180.7,,,,,,,,,,,,
cprover_havoc/tdg_vm_wr__invalid_input_field_id__cover_proof_cprover_havoc.yml,cprover_havoc,tdg_vm_wr__invalid_input_field_id__cover_proof_cprover_havoc.i,reach,unsafe,mixed,LP64,11,1,timeout,,0,,180.9,,,,,,,,,,,,
cprover_havoc/tdg_vm_wr__unexpected__cover_entry_cprover_havoc.yml,cprover_havoc,tdg_vm_wr__unexpected__cover_entry_cprover_havoc.i,reach,unsafe,mixed,LP64,11,1,found,0,0,0,37.0,reach_error.assertion.1,,,,,,,,,yes,,results/tdx_cprover_traces/cprover_havoc__tdg_vm_wr__unexpected__cover_entry_cprover_havoc.yml__reach.txt
cprover_havoc/tdg_vm_wr__invalid_input_rcx__cover_exit_cprover_havoc.yml,cprover_havoc,tdg_vm_wr__invalid_input_rcx__cover_exit_cprover_havoc.i,reach,unsafe,mixed,LP64,11,1,timeout,,0,,180.7,,,,,,,,,,,,
cprover_havoc/tdg_vm_wr__invalid_input_rcx__cover_proof_cprover_havoc.yml,cprover_havoc,tdg_vm_wr__invalid_input_rcx__cover_proof_cprover_havoc.i,reach,unsafe,mixed,LP64,11,1,timeout,,0,,180.7,,,,,,,,,,,,
cprover_havoc/tdg_vm_wr__invalid_input_rcx__safety_requirement_cprover_havoc.yml,cprover_havoc,tdg_vm_wr__invalid_input_rcx__safety_requirement_cprover_havoc.i,reach,safe,mixed,LP64,11,1,timeout,,0,,180.7,,,,,,,,,,,,
cprover_havoc/tdg_vm_wr__unconstrained__cover_exit_success_cprover_havoc.yml,cprover_havoc,tdg_vm_wr__unconstrained__cover_exit_success_cprover_havoc.i,reach,unsafe,mixed,LP64,11,1,timeout,,0,,181.0,,,,,,,,,,,,
cprover_havoc/tdg_vm_wr__unconstrained__cover_exit_unsuccess_cprover_havoc.yml,cprover_havoc,tdg_vm_wr__unconstrained__cover_exit_unsuccess_cprover_havoc.i,reach,unsafe,mixed,LP64,11,1,timeout,,0,,181.0,,,,,,,,,,,,
cprover_havoc/tdg_vm_wr__unexpected__cover_exit_cprover_havoc.yml,cprover_havoc,tdg_vm_wr__unexpected__cover_exit_cprover_havoc.i,reach,unsafe,mixed,LP64,11,1,timeout,,0,,181.2,,,,,,,,,,,,
cprover_havoc/tdg_vm_wr__unexpected__cover_proof_cprover_havoc.yml,cprover_havoc,tdg_vm_wr__unexpected__cover_proof_cprover_havoc.i,reach,unsafe,mixed,LP64,11,1,timeout,,0,,181.2,,,,,,,,,,,,
cprover_havoc/tdg_vm_wr__unexpected__safety_requirement_cprover_havoc.yml,cprover_havoc,tdg_vm_wr__unexpected__safety_requirement_cprover_havoc.i,reach,safe,mixed,LP64,11,1,timeout,,0,,180.9,,,,,,,,,,,,
cprover_havoc/tdh_mng_addcx__invalid_input_tdcx_pa__cover_exit_cprover_havoc.yml,cprover_havoc,tdh_mng_addcx__invalid_input_tdcx_pa__cover_exit_cprover_havoc.i,reach,unsafe,mixed,LP64,12,1,timeout,,2,,405.4,,,,,,,,,,,,
cprover_havoc/tdh_mng_addcx__invalid_input_tdcx_pa__safety_requirement_cprover_havoc.yml,cprover_havoc,tdh_mng_addcx__invalid_input_tdcx_pa__safety_requirement_cprover_havoc.i,reach,safe,mixed,LP64,12,1,timeout,,2,,380.8,,,,,,,,,,,,
cprover_havoc/tdh_mng_addcx__invalid_input_tdcx_pa__cover_proof_cprover_havoc.yml,cprover_havoc,tdh_mng_addcx__invalid_input_tdcx_pa__cover_proof_cprover_havoc.i,reach,unsafe,mixed,LP64,12,1,timeout,,1,,382.2,,,,,,,,,,,,
cprover_havoc/tdh_mng_addcx__expected__cover_proof_cprover_havoc.yml,cprover_havoc,tdh_mng_addcx__expected__cover_proof_cprover_havoc.i,reach,unsafe,mixed,LP64,12,1,timeout,,2,,439.3,,,,,,,,,,,,
cprover_havoc/tdh_mng_addcx__expected__safety_requirement_cprover_havoc.yml,cprover_havoc,tdh_mng_addcx__expected__safety_requirement_cprover_havoc.i,reach,safe,mixed,LP64,12,1,timeout,,2,,434.5,,,,,,,,,,,,
cprover_havoc/tdh_mng_addcx__invalid_input_tdcx_pa__cover_entry_cprover_havoc.yml,cprover_havoc,tdh_mng_addcx__invalid_input_tdcx_pa__cover_entry_cprover_havoc.i,reach,unsafe,mixed,LP64,12,1,timeout,,2,,434.7,,,,,,,,,,,,
cprover_havoc/tdh_mng_addcx__expected__cover_entry_cprover_havoc.yml,cprover_havoc,tdh_mng_addcx__expected__cover_entry_cprover_havoc.i,reach,unsafe,mixed,LP64,12,1,timeout,,2,,528.6,,,,,,,,,,,,
cprover_havoc/tdh_mng_addcx__expected__cover_exit_cprover_havoc.yml,cprover_havoc,tdh_mng_addcx__expected__cover_exit_cprover_havoc.i,reach,unsafe,mixed,LP64,12,1,timeout,,2,,514.0,,,,,,,,,,,,
cprover_havoc/tdh_mng_addcx__invalid_state_lifecycle__cover_proof_cprover_havoc.yml,cprover_havoc,tdh_mng_addcx__invalid_state_lifecycle__cover_proof_cprover_havoc.i,reach,unsafe,mixed,LP64,12,1,timeout,,2,,358.6,,,,,,,,,,,,
cprover_havoc/tdh_mng_addcx__invalid_input_tdr_pa__cover_proof_cprover_havoc.yml,cprover_havoc,tdh_mng_addcx__invalid_input_tdr_pa__cover_proof_cprover_havoc.i,reach,unsafe,mixed,LP64,12,1,timeout,,2,,362.8,,,,,,,,,,,,
cprover_havoc/tdh_mng_addcx__invalid_input_tdr_pa__cover_exit_cprover_havoc.yml,cprover_havoc,tdh_mng_addcx__invalid_input_tdr_pa__cover_exit_cprover_havoc.i,reach,unsafe,mixed,LP64,12,1,timeout,,2,,366.8,,,,,,,,,,,,
cprover_havoc/tdh_mng_addcx__invalid_input_tdr_pa__safety_requirement_cprover_havoc.yml,cprover_havoc,tdh_mng_addcx__invalid_input_tdr_pa__safety_requirement_cprover_havoc.i,reach,safe,mixed,LP64,12,1,timeout,,2,,368.2,,,,,,,,,,,,
cprover_havoc/tdh_mng_addcx__invalid_state_lifecycle__cover_entry_cprover_havoc.yml,cprover_havoc,tdh_mng_addcx__invalid_state_lifecycle__cover_entry_cprover_havoc.i,reach,unsafe,mixed,LP64,12,1,timeout,,2,,381.4,,,,,,,,,,,,
cprover_havoc/tdh_mng_addcx__invalid_state_lifecycle__cover_exit_cprover_havoc.yml,cprover_havoc,tdh_mng_addcx__invalid_state_lifecycle__cover_exit_cprover_havoc.i,reach,unsafe,mixed,LP64,12,1,timeout,,2,,384.6,,,,,,,,,,,,
cprover_havoc/tdh_mng_addcx__invalid_state_lifecycle__safety_requirement_cprover_havoc.yml,cprover_havoc,tdh_mng_addcx__invalid_state_lifecycle__safety_requirement_cprover_havoc.i,reach,safe,mixed,LP64,12,1,timeout,,2,,389.1,,,,,,,,,,,,
cprover_havoc/tdh_mng_addcx__invalid_input_tdr_pa__cover_entry_cprover_havoc.yml,cprover_havoc,tdh_mng_addcx__invalid_input_tdr_pa__cover_entry_cprover_havoc.i,reach,unsafe,mixed,LP64,12,1,timeout,,2,,394.3,,,,,,,,,,,,
cprover_havoc/tdh_mng_addcx__invalid_state_num_tdcx__cover_entry_cprover_havoc.yml,cprover_havoc,tdh_mng_addcx__invalid_state_num_tdcx__cover_entry_cprover_havoc.i,reach,safe,mixed,LP64,12,1,found,0,0,0,67.0,,,,,,,,,,yes,,results/tdx_cprover_traces/cprover_havoc__tdh_mng_addcx__invalid_state_num_tdcx__cover_entry_cprover_havoc.yml__reach.txt
cprover_havoc/tdh_mng_addcx__invalid_state_num_tdcx__cover_exit_cprover_havoc.yml,cprover_havoc,tdh_mng_addcx__invalid_state_num_tdcx__cover_exit_cprover_havoc.i,reach,safe,mixed,LP64,12,1,found,0,0,0,76.0,,,,,,,,,,yes,,results/tdx_cprover_traces/cprover_havoc__tdh_mng_addcx__invalid_state_num_tdcx__cover_exit_cprover_havoc.yml__reach.txt
cprover_havoc/tdh_mng_addcx__invalid_state_num_tdcx__cover_proof_cprover_havoc.yml,cprover_havoc,tdh_mng_addcx__invalid_state_num_tdcx__cover_proof_cprover_havoc.i,reach,safe,mixed,LP64,12,1,found,0,0,0,79.8,,,,,,,,,,yes,,results/tdx_cprover_traces/cprover_havoc__tdh_mng_addcx__invalid_state_num_tdcx__cover_proof_cprover_havoc.yml__reach.txt
cprover_havoc/tdh_mng_addcx__invalid_state_num_tdcx__safety_requirement_cprover_havoc.yml,cprover_havoc,tdh_mng_addcx__invalid_state_num_tdcx__safety_requirement_cprover_havoc.i,reach,safe,mixed,LP64,12,1,found,0,0,0,93.6,,,,,,,,,,yes,,results/tdx_cprover_traces/cprover_havoc__tdh_mng_addcx__invalid_state_num_tdcx__safety_requirement_cprover_havoc.yml__reach.txt
cprover_havoc/tdh_mng_addcx__invalid_state_pamt_metadata__cover_exit_cprover_havoc.yml,cprover_havoc,tdh_mng_addcx__invalid_state_pamt_metadata__cover_exit_cprover_havoc.i,reach,unsafe,mixed,LP64,12,1,timeout,,0,,180.4,,,,,,,,,,,,
cprover_havoc/tdh_mng_addcx__invalid_state_pamt_metadata__cover_proof_cprover_havoc.yml,cprover_havoc,tdh_mng_addcx__invalid_state_pamt_metadata__cover_proof_cprover_havoc.i,reach,unsafe,mixed,LP64,12,1,timeout,,0,,180.3,,,,,,,,,,,,
cprover_havoc/tdh_mng_addcx__unconstrained__cover_exit_success_cprover_havoc.yml,cprover_havoc,tdh_mng_addcx__unconstrained__cover_exit_success_cprover_havoc.i,reach,unsafe,mixed,LP64,12,1,timeout,,0,,180.3,,,,,,,,,,,,
cprover_havoc/tdh_mng_addcx__invalid_state_td_state__cover_entry_cprover_havoc.yml,cprover_havoc,tdh_mng_addcx__invalid_state_td_state__cover_entry_cprover_havoc.i,reach,unsafe,mixed,LP64,12,1,timeout,,2,,350.9,,,,,,,,,,,,
cprover_havoc/tdh_mng_addcx__unconstrained__cover_exit_unsuccess_cprover_havoc.yml,cprover_havoc,tdh_mng_addcx__unconstrained__cover_exit_unsuccess_cprover_havoc.i,reach,unsafe,mixed,LP64,12,1,timeout,,0,,180.2,,,,,,,,,,,,
cprover_havoc/tdh_mng_addcx__invalid_state_td_state__safety_requirement_cprover_havoc.yml,cprover_havoc,tdh_mng_addcx__invalid_state_td_state__safety_requirement_cprover_havoc.i,reach,safe,mixed,LP64,12,1,timeout,,2,,364.3,,,,,,,,,,,,
cprover_havoc/tdh_mng_addcx__invalid_state_td_state__cover_proof_cprover_havoc.yml,cprover_havoc,tdh_mng_addcx__invalid_state_td_state__cover_proof_cprover_havoc.i,reach,unsafe,mixed,LP64,12,1,timeout,,2,,374.7,,,,,,,,,,,,
cprover_havoc/tdh_mng_addcx__invalid_state_td_state__cover_exit_cprover_havoc.yml,cprover_havoc,tdh_mng_addcx__invalid_state_td_state__cover_exit_cprover_havoc.i,reach,unsafe,mixed,LP64,12,1,timeout,,2,,395.4,,,,,,,,,,,,
cprover_havoc/tdh_mng_addcx__unexpected__cover_exit_cprover_havoc.yml,cprover_havoc,tdh_mng_addcx__unexpected__cover_exit_cprover_havoc.i,reach,unsafe,mixed,LP64,12,1,timeout,,0,,180.3,,,,,,,,,,,,
cprover_havoc/tdh_mng_create__invalid_input_rcx__cover_entry_cprover_havoc.yml,cprover_havoc,tdh_mng_create__invalid_input_rcx__cover_entry_cprover_havoc.i,reach,unsafe,mixed,LP64,12,1,found,0,0,0,17.2,reach_error.assertion.1,,,,,,,,,yes,,results/tdx_cprover_traces/cprover_havoc__tdh_mng_create__invalid_input_rcx__cover_entry_cprover_havoc.yml__reach.txt
cprover_havoc/tdh_mng_addcx__invalid_state_pamt_metadata__cover_entry_cprover_havoc.yml,cprover_havoc,tdh_mng_addcx__invalid_state_pamt_metadata__cover_entry_cprover_havoc.i,reach,unsafe,mixed,LP64,12,1,timeout,,2,,458.0,,,,,,,,,,,,
cprover_havoc/tdh_mng_create__invalid_input_rdx__cover_entry_cprover_havoc.yml,cprover_havoc,tdh_mng_create__invalid_input_rdx__cover_entry_cprover_havoc.i,reach,unsafe,mixed,LP64,12,1,found,0,0,0,25.2,reach_error.assertion.1,,,,,,,,,yes,,results/tdx_cprover_traces/cprover_havoc__tdh_mng_create__invalid_input_rdx__cover_entry_cprover_havoc.yml__reach.txt
cprover_havoc/tdh_mng_addcx__unexpected__cover_proof_cprover_havoc.yml,cprover_havoc,tdh_mng_addcx__unexpected__cover_proof_cprover_havoc.i,reach,unsafe,mixed,LP64,12,1,timeout,,0,,180.3,,,,,,,,,,,,
cprover_havoc/tdh_mng_addcx__unexpected__safety_requirement_cprover_havoc.yml,cprover_havoc,tdh_mng_addcx__unexpected__safety_requirement_cprover_havoc.i,reach,safe,mixed,LP64,12,1,timeout,,0,,180.3,,,,,,,,,,,,
cprover_havoc/tdh_mng_create__invalid_state_kot_entry__cover_entry_cprover_havoc.yml,cprover_havoc,tdh_mng_create__invalid_state_kot_entry__cover_entry_cprover_havoc.i,reach,unsafe,mixed,LP64,12,1,found,0,0,0,20.3,reach_error.assertion.1,,,,,,,,,yes,,results/tdx_cprover_traces/cprover_havoc__tdh_mng_create__invalid_state_kot_entry__cover_entry_cprover_havoc.yml__reach.txt
cprover_havoc/tdh_mng_create__invalid_input_rcx__cover_exit_cprover_havoc.yml,cprover_havoc,tdh_mng_create__invalid_input_rcx__cover_exit_cprover_havoc.i,reach,unsafe,mixed,LP64,12,1,timeout,,0,,180.2,,,,,,,,,,,,
cprover_havoc/tdh_mng_addcx__unexpected__cover_entry_cprover_havoc.yml,cprover_havoc,tdh_mng_addcx__unexpected__cover_entry_cprover_havoc.i,reach,unsafe,mixed,LP64,12,1,timeout,,2,,428.2,,,,,,,,,,,,
cprover_havoc/tdh_mng_create__invalid_input_rcx__cover_proof_cprover_havoc.yml,cprover_havoc,tdh_mng_create__invalid_input_rcx__cover_proof_cprover_havoc.i,reach,unsafe,mixed,LP64,12,1,timeout,,0,,180.3,,,,,,,,,,,,
cprover_havoc/tdh_mng_create__invalid_input_rdx__cover_exit_cprover_havoc.yml,cprover_havoc,tdh_mng_create__invalid_input_rdx__cover_exit_cprover_havoc.i,reach,unsafe,mixed,LP64,12,1,timeout,,0,,180.2,,,,,,,,,,,,
cprover_havoc/tdh_mng_create__invalid_state_tdr_page__cover_entry_cprover_havoc.yml,cprover_havoc,tdh_mng_create__invalid_state_tdr_page__cover_entry_cprover_havoc.i,reach,unsafe,mixed,LP64,12,1,found,0,0,0,18.6,reach_error.assertion.1,,,,,,,,,yes,,results/tdx_cprover_traces/cprover_havoc__tdh_mng_create__invalid_state_tdr_page__cover_entry_cprover_havoc.yml__reach.txt
cprover_havoc/tdh_mng_create__invalid_input_rdx__cover_proof_cprover_havoc.yml,cprover_havoc,tdh_mng_create__invalid_input_rdx__cover_proof_cprover_havoc.i,reach,unsafe,mixed,LP64,12,1,timeout,,0,,180.2,,,,,,,,,,,,
cprover_havoc/tdh_mng_create__invalid_input_rdx__safety_requirement_cprover_havoc.yml,cprover_havoc,tdh_mng_create__invalid_input_rdx__safety_requirement_cprover_havoc.i,reach,safe,mixed,LP64,12,1,timeout,,0,,180.2,,,,,,,,,,,,
cprover_havoc/tdh_mng_create__unexpected__cover_entry_cprover_havoc.yml,cprover_havoc,tdh_mng_create__unexpected__cover_entry_cprover_havoc.i,reach,unsafe,mixed,LP64,12,1,found,0,0,0,19.5,reach_error.assertion.1,,,,,,,,,yes,,results/tdx_cprover_traces/cprover_havoc__tdh_mng_create__unexpected__cover_entry_cprover_havoc.yml__reach.txt
cprover_havoc/tdh_mng_create__invalid_state_tdr_page__cover_proof_cprover_havoc.yml,cprover_havoc,tdh_mng_create__invalid_state_tdr_page__cover_proof_cprover_havoc.i,reach,unsafe,mixed,LP64,12,1,timeout,,0,,276.5,,,,,,,,,,,,
cprover_havoc/tdh_mng_create__unconstrained__cover_exit_unsuccess_cprover_havoc.yml,cprover_havoc,tdh_mng_create__unconstrained__cover_exit_unsuccess_cprover_havoc.i,reach,unsafe,mixed,LP64,12,1,timeout,,0,,270.3,,,,,,,,,,,,
cprover_havoc/tdh_mng_create__unexpected__cover_proof_cprover_havoc.yml,cprover_havoc,tdh_mng_create__unexpected__cover_proof_cprover_havoc.i,reach,unsafe,mixed,LP64,12,1,timeout,,0,,250.3,,,,,,,,,,,,
cprover_havoc/tdh_mng_create__invalid_state_tdr_page__cover_exit_cprover_havoc.yml,cprover_havoc,tdh_mng_create__invalid_state_tdr_page__cover_exit_cprover_havoc.i,reach,unsafe,mixed,LP64,12,1,timeout,,0,,279.8,,,,,,,,,,,,
cprover_havoc/tdh_mng_create__invalid_state_kot_entry__cover_exit_cprover_havoc.yml,cprover_havoc,tdh_mng_create__invalid_state_kot_entry__cover_exit_cprover_havoc.i,reach,unsafe,mixed,LP64,12,1,timeout,,0,,352.4,,,,,,,,,,,,
cprover_havoc/tdh_mng_create__unexpected__safety_requirement_cprover_havoc.yml,cprover_havoc,tdh_mng_create__unexpected__safety_requirement_cprover_havoc.i,reach,safe,mixed,LP64,12,1,timeout,,0,,246.7,,,,,,,,,,,,
cprover_havoc/tdh_mng_create__invalid_state_kot_entry__cover_proof_cprover_havoc.yml,cprover_havoc,tdh_mng_create__invalid_state_kot_entry__cover_proof_cprover_havoc.i,reach,unsafe,mixed,LP64,12,1,timeout,,0,,333.2,,,,,,,,,,,,
cprover_havoc/tdh_mng_create__unexpected__cover_exit_cprover_havoc.yml,cprover_havoc,tdh_mng_create__unexpected__cover_exit_cprover_havoc.i,reach,unsafe,mixed,LP64,12,1,timeout,,0,,258.7,,,,,,,,,,,,
cprover_havoc/tdh_sys_init__invalid_input_rcx__safety_requirement_cprover_havoc.yml,cprover_havoc,tdh_sys_init__invalid_input_rcx__safety_requirement_cprover_havoc.i,reach,safe,mixed,LP64,12,1,timeout,,0,,201.1,,,,,,,,,,,,
cprover_havoc/tdh_sys_init__expected__safety_requirement_cprover_havoc.yml,cprover_havoc,tdh_sys_init__expected__safety_requirement_cprover_havoc.i,reach,safe,mixed,LP64,12,1,timeout,,0,,201.3,,,,,,,,,,,,
cprover_havoc/tdh_sys_init__expected__cover_proof_cprover_havoc.yml,cprover_havoc,tdh_sys_init__expected__cover_proof_cprover_havoc.i,reach,unsafe,mixed,LP64,12,1,timeout,,0,,201.5,,,,,,,,,,,,
cprover_havoc/tdh_sys_init__invalid_input_rcx__cover_proof_cprover_havoc.yml,cprover_havoc,tdh_sys_init__invalid_input_rcx__cover_proof_cprover_havoc.i,reach,unsafe,mixed,LP64,12,1,timeout,,0,,201.6,,,,,,,,,,,,
cprover_havoc/tdh_sys_init__expected__cover_exit_cprover_havoc.yml,cprover_havoc,tdh_sys_init__expected__cover_exit_cprover_havoc.i,reach,unsafe,mixed,LP64,12,1,timeout,,0,,201.9,,,,,,,,,,,,
cprover_havoc/tdh_sys_init__expected__cover_entry_cprover_havoc.yml,cprover_havoc,tdh_sys_init__expected__cover_entry_cprover_havoc.i,reach,unsafe,mixed,LP64,12,1,found,0,0,0,204.1,reach_error.assertion.1,,,,,,,,,yes,,results/tdx_cprover_traces/cprover_havoc__tdh_sys_init__expected__cover_entry_cprover_havoc.yml__reach.txt
cprover_havoc/tdh_sys_init__invalid_input_rcx__cover_exit_cprover_havoc.yml,cprover_havoc,tdh_sys_init__invalid_input_rcx__cover_exit_cprover_havoc.i,reach,unsafe,mixed,LP64,12,1,found,0,0,0,204.0,reach_error.assertion.1,,,,,,,,,yes,,results/tdx_cprover_traces/cprover_havoc__tdh_sys_init__invalid_input_rcx__cover_exit_cprover_havoc.yml__reach.txt
cprover_havoc/tdh_sys_init__invalid_input_rcx__cover_entry_cprover_havoc.yml,cprover_havoc,tdh_sys_init__invalid_input_rcx__cover_entry_cprover_havoc.i,reach,unsafe,mixed,LP64,12,1,found,0,0,0,205.2,reach_error.assertion.1,,,,,,,,,yes,,results/tdx_cprover_traces/cprover_havoc__tdh_sys_init__invalid_input_rcx__cover_entry_cprover_havoc.yml__reach.txt
cprover_havoc/tdh_sys_init__unconstrained__cover_exit_unsuccess_cprover_havoc.yml,cprover_havoc,tdh_sys_init__unconstrained__cover_exit_unsuccess_cprover_havoc.i,reach,unsafe,mixed,LP64,12,1,found,0,0,0,15.2,reach_error.assertion.1,,,,,,,,,yes,,results/tdx_cprover_traces/cprover_havoc__tdh_sys_init__unconstrained__cover_exit_unsuccess_cprover_havoc.yml__reach.txt
cprover_havoc/tdh_sys_init__unexpected__cover_exit_cprover_havoc.yml,cprover_havoc,tdh_sys_init__unexpected__cover_exit_cprover_havoc.i,reach,unsafe,mixed,LP64,12,1,found,0,0,0,13.4,reach_error.assertion.1,,,,,,,,,yes,,results/tdx_cprover_traces/cprover_havoc__tdh_sys_init__unexpected__cover_exit_cprover_havoc.yml__reach.txt
cprover_havoc/tdh_sys_init__invalid_state_sys_state__cover_entry_cprover_havoc.yml,cprover_havoc,tdh_sys_init__invalid_state_sys_state__cover_entry_cprover_havoc.i,reach,unsafe,mixed,LP64,12,1,found,0,0,0,16.4,reach_error.assertion.1,,,,,,,,,yes,,results/tdx_cprover_traces/cprover_havoc__tdh_sys_init__invalid_state_sys_state__cover_entry_cprover_havoc.yml__reach.txt
cprover_havoc/tdh_sys_init__unexpected__cover_entry_cprover_havoc.yml,cprover_havoc,tdh_sys_init__unexpected__cover_entry_cprover_havoc.i,reach,unsafe,mixed,LP64,12,1,found,0,0,0,14.4,reach_error.assertion.1,,,,,,,,,yes,,results/tdx_cprover_traces/cprover_havoc__tdh_sys_init__unexpected__cover_entry_cprover_havoc.yml__reach.txt
cprover_havoc/tdh_sys_init__invalid_state_sys_state__cover_exit_cprover_havoc.yml,cprover_havoc,tdh_sys_init__invalid_state_sys_state__cover_exit_cprover_havoc.i,reach,unsafe,mixed,LP64,12,1,found,0,0,0,18.7,reach_error.assertion.1,,,,,,,,,yes,,results/tdx_cprover_traces/cprover_havoc__tdh_sys_init__invalid_state_sys_state__cover_exit_cprover_havoc.yml__reach.txt
cprover_havoc/tdh_sys_init__unexpected__cover_proof_cprover_havoc.yml,cprover_havoc,tdh_sys_init__unexpected__cover_proof_cprover_havoc.i,reach,unsafe,mixed,LP64,12,1,found,0,0,0,18.5,reach_error.assertion.1,,,,,,,,,yes,,results/tdx_cprover_traces/cprover_havoc__tdh_sys_init__unexpected__cover_proof_cprover_havoc.yml__reach.txt
cprover_havoc/tdh_sys_init__invalid_state_sys_state__cover_proof_cprover_havoc.yml,cprover_havoc,tdh_sys_init__invalid_state_sys_state__cover_proof_cprover_havoc.i,reach,unsafe,mixed,LP64,12,1,found,0,0,0,23.4,reach_error.assertion.1,,,,,,,,,yes,,results/tdx_cprover_traces/cprover_havoc__tdh_sys_init__invalid_state_sys_state__cover_proof_cprover_havoc.yml__reach.txt
cprover_havoc/tdg_vp_enter__expected__cover_entry_cprover_havoc.yml,cprover_havoc,tdg_vp_enter__expected__cover_entry_cprover_havoc.i,reach,unsafe,mixed,LP64,14,0,found,0,0,0,30.7,reach_error.assertion.1,,,,,,,,,yes,,results/tdx_cprover_traces/cprover_havoc__tdg_vp_enter__expected__cover_entry_cprover_havoc.yml__reach.txt
cprover_havoc/tdg_vp_enter__invalid_input_gpa__cover_entry_cprover_havoc.yml,cprover_havoc,tdg_vp_enter__invalid_input_gpa__cover_entry_cprover_havoc.i,reach,unsafe,mixed,LP64,14,0,found,0,0,0,31.7,reach_error.assertion.1,,,,,,,,,yes,,results/tdx_cprover_traces/cprover_havoc__tdg_vp_enter__invalid_input_gpa__cover_entry_cprover_havoc.yml__reach.txt
cprover_havoc/tdh_sys_init__invalid_state_sys_state__safety_requirement_cprover_havoc.yml,cprover_havoc,tdh_sys_init__invalid_state_sys_state__safety_requirement_cprover_havoc.i,reach,safe,mixed,LP64,12,1,timeout,,0,,180.1,,,,,,,,,,,,
cprover_havoc/tdh_sys_init__unexpected__safety_requirement_cprover_havoc.yml,cprover_havoc,tdh_sys_init__unexpected__safety_requirement_cprover_havoc.i,reach,safe,mixed,LP64,12,1,timeout,,0,,180.1,,,,,,,,,,,,
cprover_havoc/tdg_vp_enter__expected__cover_exit_cprover_havoc.yml,cprover_havoc,tdg_vp_enter__expected__cover_exit_cprover_havoc.i,reach,unsafe,mixed,LP64,14,0,timeout,,0,,180.6,,,,,,,,,,,,
cprover_havoc/tdg_vp_enter__expected__cover_proof_cprover_havoc.yml,cprover_havoc,tdg_vp_enter__expected__cover_proof_cprover_havoc.i,reach,unsafe,mixed,LP64,14,0,timeout,,0,,180.5,,,,,,,,,,,,
cprover_havoc/tdg_vp_enter__expected__safety_requirement_cprover_havoc.yml,cprover_havoc,tdg_vp_enter__expected__safety_requirement_cprover_havoc.i,reach,safe,mixed,LP64,14,0,timeout,,0,,180.5,,,,,,,,,,,,
cprover_havoc/tdg_vp_enter__invalid_input_gpa__cover_exit_cprover_havoc.yml,cprover_havoc,tdg_vp_enter__invalid_input_gpa__cover_exit_cprover_havoc.i,reach,unsafe,mixed,LP64,14,0,timeout,,0,,180.7,,,,,,,,,,,,
cprover_havoc/tdg_vp_enter__invalid_input_vmflag__cover_entry_cprover_havoc.yml,cprover_havoc,tdg_vp_enter__invalid_input_vmflag__cover_entry_cprover_havoc.i,reach,unsafe,mixed,LP64,14,0,found,0,0,0,33.8,reach_error.assertion.1,,,,,,,,,yes,,results/tdx_cprover_traces/cprover_havoc__tdg_vp_enter__invalid_input_vmflag__cover_entry_cprover_havoc.yml__reach.txt
cprover_havoc/tdg_vp_enter__invalid_input_gpa__cover_proof_cprover_havoc.yml,cprover_havoc,tdg_vp_enter__invalid_input_gpa__cover_proof_cprover_havoc.i,reach,unsafe,mixed,LP64,14,0,timeout,,0,,180.6,,,,,,,,,,,,
cprover_havoc/tdg_vp_enter__invalid_input_gpa__safety_requirement_cprover_havoc.yml,cprover_havoc,tdg_vp_enter__invalid_input_gpa__safety_requirement_cprover_havoc.i,reach,safe,mixed,LP64,14,0,timeout,,0,,313.5,,,,,,,,,,,,
cprover_havoc/tdg_vp_enter__unexpected__cover_proof_cprover_havoc.yml,cprover_havoc,tdg_vp_enter__unexpected__cover_proof_cprover_havoc.i,reach,unsafe,mixed,LP64,14,0,timeout,,0,,253.8,,,,,,,,,,,,
cprover_havoc/tdg_vp_enter__unexpected__cover_entry_cprover_havoc.yml,cprover_havoc,tdg_vp_enter__unexpected__cover_entry_cprover_havoc.i,reach,unsafe,mixed,LP64,14,0,timeout,,0,,407.2,,,,,,,,,,,,
cprover_havoc/tdg_vp_enter__unexpected__cover_exit_cprover_havoc.yml,cprover_havoc,tdg_vp_enter__unexpected__cover_exit_cprover_havoc.i,reach,unsafe,mixed,LP64,14,0,timeout,,0,,393.9,,,,,,,,,,,,
cprover_havoc/tdg_vp_enter__invalid_input_vmflag__cover_exit_cprover_havoc.yml,cprover_havoc,tdg_vp_enter__invalid_input_vmflag__cover_exit_cprover_havoc.i,reach,unsafe,mixed,LP64,14,0,timeout,,0,,426.2,,,,,,,,,,,,
cprover_havoc/tdg_vp_enter__invalid_input_vmflag__cover_proof_cprover_havoc.yml,cprover_havoc,tdg_vp_enter__invalid_input_vmflag__cover_proof_cprover_havoc.i,reach,unsafe,mixed,LP64,14,0,timeout,,0,,425.1,,,,,,,,,,,,
cprover_havoc/tdg_vp_enter__invalid_input_vmflag__safety_requirement_cprover_havoc.yml,cprover_havoc,tdg_vp_enter__invalid_input_vmflag__safety_requirement_cprover_havoc.i,reach,safe,mixed,LP64,14,0,timeout,,0,,424.3,,,,,,,,,,,,
cprover_havoc/tdg_vp_enter__unconstrained__cover_exit_unsuccess_cprover_havoc.yml,cprover_havoc,tdg_vp_enter__unconstrained__cover_exit_unsuccess_cprover_havoc.i,reach,unsafe,mixed,LP64,14,0,timeout,,0,,417.9,,,,,,,,,,,,
cprover_havoc/tdg_vp_enter__unconstrained__cover_exit_success_cprover_havoc.yml,cprover_havoc,tdg_vp_enter__unconstrained__cover_exit_success_cprover_havoc.i,reach,unsafe,mixed,LP64,14,0,timeout,,0,,423.1,,,,,,,,,,,,
cprover_havoc/tdg_vp_vmcall__expected__cover_entry_cprover_havoc.yml,cprover_havoc,tdg_vp_vmcall__expected__cover_entry_cprover_havoc.i,reach,unsafe,mixed,LP64,14,0,found,0,0,0,25.7,reach_error.assertion.1,,,,,,,,,yes,,results/tdx_cprover_traces/cprover_havoc__tdg_vp_vmcall__expected__cover_entry_cprover_havoc.yml__reach.txt
cprover_havoc/tdg_vp_vmcall__invalid_input_bitmap__cover_entry_cprover_havoc.yml,cprover_havoc,tdg_vp_vmcall__invalid_input_bitmap__cover_entry_cprover_havoc.i,reach,unsafe,mixed,LP64,14,0,found,0,0,0,27.5,reach_error.assertion.1,,,,,,,,,yes,,results/tdx_cprover_traces/cprover_havoc__tdg_vp_vmcall__invalid_input_bitmap__cover_entry_cprover_havoc.yml__reach.txt
cprover_havoc/tdg_vp_vmcall__invalid_input_bitmap__cover_exit_cprover_havoc.yml,cprover_havoc,tdg_vp_vmcall__invalid_input_bitmap__cover_exit_cprover_havoc.i,reach,unsafe,mixed,LP64,14,0,found,0,0,0,30.5,reach_error.assertion.1,,,,,,,,,yes,,results/tdx_cprover_traces/cprover_havoc__tdg_vp_vmcall__invalid_input_bitmap__cover_exit_cprover_havoc.yml__reach.txt
cprover_havoc/tdg_vp_vmcall__unexpected__cover_entry_cprover_havoc.yml,cprover_havoc,tdg_vp_vmcall__unexpected__cover_entry_cprover_havoc.i,reach,unsafe,mixed,LP64,14,0,found,0,0,0,30.4,reach_error.assertion.1,,,,,,,,,yes,,results/tdx_cprover_traces/cprover_havoc__tdg_vp_vmcall__unexpected__cover_entry_cprover_havoc.yml__reach.txt
cprover_havoc/tdg_vp_vmcall__invalid_input_bitmap__cover_proof_cprover_havoc.yml,cprover_havoc,tdg_vp_vmcall__invalid_input_bitmap__cover_proof_cprover_havoc.i,reach,unsafe,mixed,LP64,14,0,found,0,0,0,37.4,reach_error.assertion.1,,,,,,,,,yes,,results/tdx_cprover_traces/cprover_havoc__tdg_vp_vmcall__invalid_input_bitmap__cover_proof_cprover_havoc.yml__reach.txt
cprover_havoc/tdg_vp_vmcall__unexpected__cover_exit_cprover_havoc.yml,cprover_havoc,tdg_vp_vmcall__unexpected__cover_exit_cprover_havoc.i,reach,unsafe,mixed,LP64,14,0,found,0,0,0,23.3,reach_error.assertion.1,,,,,,,,,yes,,results/tdx_cprover_traces/cprover_havoc__tdg_vp_vmcall__unexpected__cover_exit_cprover_havoc.yml__reach.txt
cprover_havoc/tdg_mr_report__expected__cover_entry_cprover_havoc.yml,cprover_havoc,tdg_mr_report__expected__cover_entry_cprover_havoc.i,reach,unsafe,mixed,LP64,15,0,found,0,0,0,26.7,reach_error.assertion.1,,,,,,,,,yes,,results/tdx_cprover_traces/cprover_havoc__tdg_mr_report__expected__cover_entry_cprover_havoc.yml__reach.txt
cprover_havoc/tdg_vp_vmcall__unexpected__cover_proof_cprover_havoc.yml,cprover_havoc,tdg_vp_vmcall__unexpected__cover_proof_cprover_havoc.i,reach,unsafe,mixed,LP64,14,0,found,0,0,0,38.6,reach_error.assertion.1,,,,,,,,,yes,,results/tdx_cprover_traces/cprover_havoc__tdg_vp_vmcall__unexpected__cover_proof_cprover_havoc.yml__reach.txt
cprover_havoc/tdg_vp_vmcall__invalid_input_bitmap__safety_requirement_cprover_havoc.yml,cprover_havoc,tdg_vp_vmcall__invalid_input_bitmap__safety_requirement_cprover_havoc.i,reach,safe,mixed,LP64,14,0,timeout,,0,,180.2,,,,,,,,,,,,
cprover_havoc/tdg_vp_enter__unexpected__safety_requirement_cprover_havoc.yml,cprover_havoc,tdg_vp_enter__unexpected__safety_requirement_cprover_havoc.i,reach,safe,mixed,LP64,14,0,timeout,,0,,180.8,,,,,,,,,,,,
cprover_havoc/tdg_vp_vmcall__unexpected__safety_requirement_cprover_havoc.yml,cprover_havoc,tdg_vp_vmcall__unexpected__safety_requirement_cprover_havoc.i,reach,safe,mixed,LP64,14,0,timeout,,0,,180.2,,,,,,,,,,,,
cprover_havoc/tdg_mr_report__unexpected__cover_entry_cprover_havoc.yml,cprover_havoc,tdg_mr_report__unexpected__cover_entry_cprover_havoc.i,reach,unsafe,mixed,LP64,15,0,found,0,0,0,30.7,reach_error.assertion.1,,,,,,,,,yes,,results/tdx_cprover_traces/cprover_havoc__tdg_mr_report__unexpected__cover_entry_cprover_havoc.yml__reach.txt
cprover_havoc/tdg_mr_report__expected__cover_exit_cprover_havoc.yml,cprover_havoc,tdg_mr_report__expected__cover_exit_cprover_havoc.i,reach,unsafe,mixed,LP64,15,0,timeout,,0,,181.2,,,,,,,,,,,,
cprover_havoc/tdg_mr_report__expected__cover_proof_cprover_havoc.yml,cprover_havoc,tdg_mr_report__expected__cover_proof_cprover_havoc.i,reach,unsafe,mixed,LP64,15,0,timeout,,0,,181.0,,,,,,,,,,,,
cprover_havoc/tdg_mr_report__expected__safety_requirement_cprover_havoc.yml,cprover_havoc,tdg_mr_report__expected__safety_requirement_cprover_havoc.i,reach,safe,mixed,LP64,15,0,timeout,,0,,180.6,,,,,,,,,,,,
cprover_havoc/tdg_mr_report__unconstrained__cover_exit_success_cprover_havoc.yml,cprover_havoc,tdg_mr_report__unconstrained__cover_exit_success_cprover_havoc.i,reach,unsafe,mixed,LP64,15,0,timeout,,0,,180.8,,,,,,,,,,,,
cprover_havoc/tdg_mr_report__unconstrained__cover_exit_unsuccess_cprover_havoc.yml,cprover_havoc,tdg_mr_report__unconstrained__cover_exit_unsuccess_cprover_havoc.i,reach,unsafe,mixed,LP64,15,0,timeout,,0,,180.8,,,,,,,,,,,,
cprover_havoc/tdg_mr_report__unexpected__cover_exit_cprover_havoc.yml,cprover_havoc,tdg_mr_report__unexpected__cover_exit_cprover_havoc.i,reach,unsafe,mixed,LP64,15,0,timeout,,0,,180.9,,,,,,,,,,,,
cprover_havoc/tdg_mr_report__unexpected__cover_proof_cprover_havoc.yml,cprover_havoc,tdg_mr_report__unexpected__cover_proof_cprover_havoc.i,reach,unsafe,mixed,LP64,15,0,timeout,,0,,180.8,,,,,,,,,,,,
cprover_havoc/tdg_mr_report__unexpected__safety_requirement_cprover_havoc.yml,cprover_havoc,tdg_mr_report__unexpected__safety_requirement_cprover_havoc.i,reach,safe,mixed,LP64,15,0,timeout,,0,,180.8,,,,,,,,,,,,
cprover_havoc/tdh_mng_init__expected__cover_exit_cprover_havoc.yml,cprover_havoc,tdh_mng_init__expected__cover_exit_cprover_havoc.i,reach,unsafe,mixed,LP64,20,1,timeout,,2,,350.6,,,,,,,,,,,,
cprover_havoc/tdh_mng_init__expected__cover_entry_cprover_havoc.yml,cprover_havoc,tdh_mng_init__expected__cover_entry_cprover_havoc.i,reach,unsafe,mixed,LP64,20,1,timeout,,2,,361.9,,,,,,,,,,,,
cprover_havoc/tdh_mng_init__expected__cover_proof_cprover_havoc.yml,cprover_havoc,tdh_mng_init__expected__cover_proof_cprover_havoc.i,reach,unsafe,mixed,LP64,20,1,timeout,,2,,368.5,,,,,,,,,,,,
cprover_havoc/tdh_mng_init__expected__safety_requirement_cprover_havoc.yml,cprover_havoc,tdh_mng_init__expected__safety_requirement_cprover_havoc.i,reach,safe,mixed,LP64,20,1,timeout,,2,,391.7,,,,,,,,,,,,
cprover_havoc/tdh_mng_init__invalid_input_tdr_pa__cover_proof_cprover_havoc.yml,cprover_havoc,tdh_mng_init__invalid_input_tdr_pa__cover_proof_cprover_havoc.i,reach,unsafe,mixed,LP64,20,1,timeout,,2,,355.3,,,,,,,,,,,,
cprover_havoc/tdh_mng_init__invalid_input_tdr_pa__cover_exit_cprover_havoc.yml,cprover_havoc,tdh_mng_init__invalid_input_tdr_pa__cover_exit_cprover_havoc.i,reach,unsafe,mixed,LP64,20,1,timeout,,2,,370.6,,,,,,,,,,,,
cprover_havoc/tdh_mng_init__invalid_input_tdr_pa__cover_entry_cprover_havoc.yml,cprover_havoc,tdh_mng_init__invalid_input_tdr_pa__cover_entry_cprover_havoc.i,reach,unsafe,mixed,LP64,20,1,timeout,,2,,375.3,,,,,,,,,,,,
cprover_havoc/tdh_mng_init__invalid_state_no_tdcx__cover_entry_cprover_havoc.yml,cprover_havoc,tdh_mng_init__invalid_state_no_tdcx__cover_entry_cprover_havoc.i,reach,safe,mixed,LP64,20,1,found,0,0,0,81.0,,,,,,,,,,yes,,results/tdx_cprover_traces/cprover_havoc__tdh_mng_init__invalid_state_no_tdcx__cover_entry_cprover_havoc.yml__reach.txt
cprover_havoc/tdh_mng_init__invalid_state_no_tdcx__cover_exit_cprover_havoc.yml,cprover_havoc,tdh_mng_init__invalid_state_no_tdcx__cover_exit_cprover_havoc.i,reach,safe,mixed,LP64,20,1,found,0,0,0,82.1,,,,,,,,,,yes,,results/tdx_cprover_traces/cprover_havoc__tdh_mng_init__invalid_state_no_tdcx__cover_exit_cprover_havoc.yml__reach.txt
cprover_havoc/tdg_vp_vmcall__unconstrained__cover_exit_unsuccess_cprover_havoc.yml,cprover_havoc,tdg_vp_vmcall__unconstrained__cover_exit_unsuccess_cprover_havoc.i,reach,unsafe,mixed,LP64,14,0,timeout,,15,,900.1,,,,,,,,,,,,
cprover_havoc/tdh_mng_init__invalid_state_no_tdcx__cover_proof_cprover_havoc.yml,cprover_havoc,tdh_mng_init__invalid_state_no_tdcx__cover_proof_cprover_havoc.i,reach,safe,mixed,LP64,20,1,found,0,0,0,83.9,,,,,,,,,,yes,,results/tdx_cprover_traces/cprover_havoc__tdh_mng_init__invalid_state_no_tdcx__cover_proof_cprover_havoc.yml__reach.txt
cprover_havoc/tdh_mng_init__invalid_state_no_tdcx__safety_requirement_cprover_havoc.yml,cprover_havoc,tdh_mng_init__invalid_state_no_tdcx__safety_requirement_cprover_havoc.i,reach,safe,mixed,LP64,20,1,found,0,0,0,103.0,,,,,,,,,,yes,,results/tdx_cprover_traces/cprover_havoc__tdh_mng_init__invalid_state_no_tdcx__safety_requirement_cprover_havoc.yml__reach.txt
cprover_havoc/tdh_mng_init__invalid_state_lifecycle__cover_entry_cprover_havoc.yml,cprover_havoc,tdh_mng_init__invalid_state_lifecycle__cover_entry_cprover_havoc.i,reach,unsafe,mixed,LP64,20,1,timeout,,2,,372.1,,,,,,,,,,,,
cprover_havoc/tdh_mng_init__invalid_input_tdr_pa__safety_requirement_cprover_havoc.yml,cprover_havoc,tdh_mng_init__invalid_input_tdr_pa__safety_requirement_cprover_havoc.i,reach,safe,mixed,LP64,20,1,timeout,,2,,383.3,,,,,,,,,,,,
cprover_havoc/tdh_mng_init__invalid_state_lifecycle__cover_exit_cprover_havoc.yml,cprover_havoc,tdh_mng_init__invalid_state_lifecycle__cover_exit_cprover_havoc.i,reach,unsafe,mixed,LP64,20,1,timeout,,2,,369.1,,,,,,,,,,,,
cprover_havoc/tdh_mng_init__invalid_state_lifecycle__cover_proof_cprover_havoc.yml,cprover_havoc,tdh_mng_init__invalid_state_lifecycle__cover_proof_cprover_havoc.i,reach,unsafe,mixed,LP64,20,1,timeout,,2,,376.6,,,,,,,,,,,,
cprover_havoc/tdh_mng_init__invalid_state_lifecycle__safety_requirement_cprover_havoc.yml,cprover_havoc,tdh_mng_init__invalid_state_lifecycle__safety_requirement_cprover_havoc.i,reach,safe,mixed,LP64,20,1,timeout,,2,,389.8,,,,,,,,,,,,
cprover_havoc/tdh_mng_init__invalid_state_pamt_metadata__cover_exit_cprover_havoc.yml,cprover_havoc,tdh_mng_init__invalid_state_pamt_metadata__cover_exit_cprover_havoc.i,reach,unsafe,mixed,LP64,20,1,timeout,,0,,180.3,,,,,,,,,,,,
cprover_havoc/tdh_mng_init__invalid_state_op_state__cover_entry_cprover_havoc.yml,cprover_havoc,tdh_mng_init__invalid_state_op_state__cover_entry_cprover_havoc.i,reach,unsafe,mixed,LP64,20,1,timeout,,2,,365.6,,,,,,,,,,,,
cprover_havoc/tdh_mng_init__invalid_state_op_state__cover_exit_cprover_havoc.yml,cprover_havoc,tdh_mng_init__invalid_state_op_state__cover_exit_cprover_havoc.i,reach,unsafe,mixed,LP64,20,1,timeout,,2,,367.1,,,,,,,,,,,,
cprover_havoc/tdh_mng_init__invalid_state_pamt_metadata__cover_proof_cprover_havoc.yml,cprover_havoc,tdh_mng_init__invalid_state_pamt_metadata__cover_proof_cprover_havoc.i,reach,unsafe,mixed,LP64,20,1,timeout,,0,,180.3,,,,,,,,,,,,
cprover_havoc/tdh_mng_init__invalid_state_op_state__cover_proof_cprover_havoc.yml,cprover_havoc,tdh_mng_init__invalid_state_op_state__cover_proof_cprover_havoc.i,reach,unsafe,mixed,LP64,20,1,timeout,,2,,374.2,,,,,,,,,,,,
cprover_havoc/tdh_mng_init__invalid_state_op_state__safety_requirement_cprover_havoc.yml,cprover_havoc,tdh_mng_init__invalid_state_op_state__safety_requirement_cprover_havoc.i,reach,safe,mixed,LP64,20,1,timeout,,2,,370.1,,,,,,,,,,,,
cprover_havoc/tdh_mng_init__invalid_state_pamt_metadata__cover_entry_cprover_havoc.yml,cprover_havoc,tdh_mng_init__invalid_state_pamt_metadata__cover_entry_cprover_havoc.i,reach,unsafe,mixed,LP64,20,1,timeout,,2,,459.9,,,,,,,,,,,,
cprover_havoc/tdh_mng_init__unconstrained__cover_exit_success_cprover_havoc.yml,cprover_havoc,tdh_mng_init__unconstrained__cover_exit_success_cprover_havoc.i,reach,unsafe,mixed,LP64,20,1,timeout,,0,,180.3,,,,,,,,,,,,
cprover_havoc/tdh_mng_init__unconstrained__cover_exit_unsuccess_cprover_havoc.yml,cprover_havoc,tdh_mng_init__unconstrained__cover_exit_unsuccess_cprover_havoc.i,reach,unsafe,mixed,LP64,20,1,timeout,,0,,180.3,,,,,,,,,,,,
cprover_havoc/tdh_mng_init__invalid_state_td_state__cover_entry_cprover_havoc.yml,cprover_havoc,tdh_mng_init__invalid_state_td_state__cover_entry_cprover_havoc.i,reach,unsafe,mixed,LP64,20,1,timeout,,2,,373.9,,,,,,,,,,,,
cprover_havoc/tdh_mng_init__invalid_state_td_state__cover_exit_cprover_havoc.yml,cprover_havoc,tdh_mng_init__invalid_state_td_state__cover_exit_cprover_havoc.i,reach,unsafe,mixed,LP64,20,1,timeout,,2,,394.0,,,,,,,,,,,,
cprover_havoc/tdh_mng_init__unexpected__cover_exit_cprover_havoc.yml,cprover_havoc,tdh_mng_init__unexpected__cover_exit_cprover_havoc.i,reach,unsafe,mixed,LP64,20,1,timeout,,0,,180.3,,,,,,,,,,,,
cprover_havoc/tdh_mng_init__invalid_state_td_state__cover_proof_cprover_havoc.yml,cprover_havoc,tdh_mng_init__invalid_state_td_state__cover_proof_cprover_havoc.i,reach,unsafe,mixed,LP64,20,1,timeout,,2,,373.5,,,,,,,,,,,,
cprover_havoc/tdh_mng_init__unexpected__cover_proof_cprover_havoc.yml,cprover_havoc,tdh_mng_init__unexpected__cover_proof_cprover_havoc.i,reach,unsafe,mixed,LP64,20,1,timeout,,0,,180.3,,,,,,,,,,,,
cprover_havoc/tdh_mng_init__unexpected__safety_requirement_cprover_havoc.yml,cprover_havoc,tdh_mng_init__unexpected__safety_requirement_cprover_havoc.i,reach,safe,mixed,LP64,20,1,timeout,,0,,180.4,,,,,,,,,,,,
cprover_havoc/tdh_mng_init__invalid_state_td_state__safety_requirement_cprover_havoc.yml,cprover_havoc,tdh_mng_init__invalid_state_td_state__safety_requirement_cprover_havoc.i,reach,safe,mixed,LP64,20,1,timeout,,2,,412.3,,,,,,,,,,,,
cprover_havoc/tdh_mng_init__unexpected__cover_entry_cprover_havoc.yml,cprover_havoc,tdh_mng_init__unexpected__cover_entry_cprover_havoc.i,reach,unsafe,mixed,LP64,20,1,timeout,,2,,434.7,,,,,,,,,,,,
cprover_havoc/tdh_sys_config__unconstrained__cover_exit_unsuccess_cprover_havoc.yml,cprover_havoc,tdh_sys_config__unconstrained__cover_exit_unsuccess_cprover_havoc.i,reach,unsafe,mixed,LP64,20,1,timeout,,33,,899.4,,,,,,,,,,,,
cprover_havoc/tdh_sys_config__expected__cover_entry_cprover_havoc.yml,cprover_havoc,tdh_sys_config__expected__cover_entry_cprover_havoc.i,reach,unsafe,mixed,LP64,22,1,timeout,,32,,899.5,,,,,,,,,,,,
cprover_havoc/tdh_sys_config__expected__cover_exit_cprover_havoc.yml,cprover_havoc,tdh_sys_config__expected__cover_exit_cprover_havoc.i,reach,unsafe,mixed,LP64,22,1,timeout,,33,,899.8,,,,,,,,,,,,
cprover_havoc/tdh_sys_config__expected__cover_proof_cprover_havoc.yml,cprover_havoc,tdh_sys_config__expected__cover_proof_cprover_havoc.i,reach,unsafe,mixed,LP64,22,1,timeout,,33,,899.4,,,,,,,,,,,,
cprover_havoc/tdh_sys_config__expected__safety_requirement_cprover_havoc.yml,cprover_havoc,tdh_sys_config__expected__safety_requirement_cprover_havoc.i,reach,safe,mixed,LP64,22,1,timeout,,32,,899.3,,,,,,,,,,,,
cprover_havoc/tdh_sys_config__invalid_input_hkid__cover_entry_cprover_havoc.yml,cprover_havoc,tdh_sys_config__invalid_input_hkid__cover_entry_cprover_havoc.i,reach,unsafe,mixed,LP64,22,1,timeout,,33,,899.6,,,,,,,,,,,,
cprover_havoc/tdh_sys_config__invalid_input_hkid__cover_exit_cprover_havoc.yml,cprover_havoc,tdh_sys_config__invalid_input_hkid__cover_exit_cprover_havoc.i,reach,unsafe,mixed,LP64,22,1,timeout,,34,,900.0,,,,,,,,,,,,
cprover_havoc/tdh_sys_config__invalid_input_hkid__cover_proof_cprover_havoc.yml,cprover_havoc,tdh_sys_config__invalid_input_hkid__cover_proof_cprover_havoc.i,reach,unsafe,mixed,LP64,22,1,timeout,,33,,899.4,,,,,,,,,,,,
cprover_havoc/tdh_sys_config__invalid_input_hkid__safety_requirement_cprover_havoc.yml,cprover_havoc,tdh_sys_config__invalid_input_hkid__safety_requirement_cprover_havoc.i,reach,safe,mixed,LP64,22,1,timeout,,32,,899.1,,,,,,,,,,,,
cprover_havoc/tdh_sys_config__invalid_input_num_ptr__cover_entry_cprover_havoc.yml,cprover_havoc,tdh_sys_config__invalid_input_num_ptr__cover_entry_cprover_havoc.i,reach,unsafe,mixed,LP64,22,1,timeout,,33,,900.3,,,,,,,,,,,,
cprover_havoc/tdh_sys_config__invalid_input_num_ptr__cover_exit_cprover_havoc.yml,cprover_havoc,tdh_sys_config__invalid_input_num_ptr__cover_exit_cprover_havoc.i,reach,unsafe,mixed,LP64,22,1,timeout,,32,,899.7,,,,,,,,,,,,
cprover_havoc/tdh_sys_config__invalid_input_num_ptr__cover_proof_cprover_havoc.yml,cprover_havoc,tdh_sys_config__invalid_input_num_ptr__cover_proof_cprover_havoc.i,reach,unsafe,mixed,LP64,22,1,timeout,,34,,899.8,,,,,,,,,,,,
cprover_havoc/tdh_sys_config__invalid_input_num_ptr__safety_requirement_cprover_havoc.yml,cprover_havoc,tdh_sys_config__invalid_input_num_ptr__safety_requirement_cprover_havoc.i,reach,safe,mixed,LP64,22,1,timeout,,33,,899.3,,,,,,,,,,,,
cprover_havoc/tdh_sys_config__invalid_state_lp_state__cover_entry_cprover_havoc.yml,cprover_havoc,tdh_sys_config__invalid_state_lp_state__cover_entry_cprover_havoc.i,reach,unsafe,mixed,LP64,22,1,timeout,,33,,899.8,,,,,,,,,,,,
cprover_havoc/tdh_sys_config__invalid_state_lp_state__cover_exit_cprover_havoc.yml,cprover_havoc,tdh_sys_config__invalid_state_lp_state__cover_exit_cprover_havoc.i,reach,unsafe,mixed,LP64,22,1,timeout,,33,,900.0,,,,,,,,,,,,
cprover_havoc/tdh_sys_config__invalid_state_lp_state__cover_proof_cprover_havoc.yml,cprover_havoc,tdh_sys_config__invalid_state_lp_state__cover_proof_cprover_havoc.i,reach,unsafe,mixed,LP64,22,1,timeout,,33,,899.1,,,,,,,,,,,,
cprover_havoc/tdh_sys_config__invalid_state_lp_state__safety_requirement_cprover_havoc.yml,cprover_havoc,tdh_sys_config__invalid_state_lp_state__safety_requirement_cprover_havoc.i,reach,safe,mixed,LP64,22,1,timeout,,33,,899.9,,,,,,,,,,,,
cprover_havoc/tdh_sys_config__invalid_state_sys_state__cover_entry_cprover_havoc.yml,cprover_havoc,tdh_sys_config__invalid_state_sys_state__cover_entry_cprover_havoc.i,reach,unsafe,mixed,LP64,22,1,timeout,,32,,899.2,,,,,,,,,,,,
cprover_havoc/tdh_sys_config__invalid_state_sys_state__cover_exit_cprover_havoc.yml,cprover_havoc,tdh_sys_config__invalid_state_sys_state__cover_exit_cprover_havoc.i,reach,unsafe,mixed,LP64,22,1,timeout,,33,,899.6,,,,,,,,,,,,
cprover_havoc/tdh_sys_config__invalid_state_sys_state__cover_proof_cprover_havoc.yml,cprover_havoc,tdh_sys_config__invalid_state_sys_state__cover_proof_cprover_havoc.i,reach,unsafe,mixed,LP64,22,1,timeout,,33,,899.4,,,,,,,,,,,,
cprover_havoc/tdh_sys_config__invalid_state_sys_state__safety_requirement_cprover_havoc.yml,cprover_havoc,tdh_sys_config__invalid_state_sys_state__safety_requirement_cprover_havoc.i,reach,safe,mixed,LP64,22,1,timeout,,33,,899.1,,,,,,,,,,,,
cprover_havoc/tdh_sys_config__invalid_state_tdmr_info__cover_entry_cprover_havoc.yml,cprover_havoc,tdh_sys_config__invalid_state_tdmr_info__cover_entry_cprover_havoc.i,reach,unsafe,mixed,LP64,22,1,timeout,,33,,899.5,,,,,,,,,,,,
cprover_havoc/tdh_sys_config__invalid_state_tdmr_info__cover_exit_cprover_havoc.yml,cprover_havoc,tdh_sys_config__invalid_state_tdmr_info__cover_exit_cprover_havoc.i,reach,unsafe,mixed,LP64,22,1,timeout,,34,,899.9,,,,,,,,,,,,
cprover_havoc/tdh_sys_config__invalid_state_tdmr_info__cover_proof_cprover_havoc.yml,cprover_havoc,tdh_sys_config__invalid_state_tdmr_info__cover_proof_cprover_havoc.i,reach,unsafe,mixed,LP64,22,1,timeout,,32,,899.5,,,,,,,,,,,,
cprover_havoc/tdg_servtd_wr__expected__cover_exit_cprover_havoc.yml,cprover_havoc,tdg_servtd_wr__expected__cover_exit_cprover_havoc.i,reach,unsafe,mixed,LP64,25,1,timeout,,0,,180.4,,,,,,,,,,,,
cprover_havoc/tdg_servtd_wr__expected__cover_proof_cprover_havoc.yml,cprover_havoc,tdg_servtd_wr__expected__cover_proof_cprover_havoc.i,reach,unsafe,mixed,LP64,25,1,timeout,,0,,180.4,,,,,,,,,,,,
cprover_havoc/tdg_servtd_wr__expected__cover_entry_cprover_havoc.yml,cprover_havoc,tdg_servtd_wr__expected__cover_entry_cprover_havoc.i,reach,unsafe,mixed,LP64,25,1,timeout,,2,,284.4,,,,,,,,,,,,
cprover_havoc/tdg_servtd_wr__expected__safety_requirement_cprover_havoc.yml,cprover_havoc,tdg_servtd_wr__expected__safety_requirement_cprover_havoc.i,reach,safe,mixed,LP64,25,1,timeout,,0,,180.6,,,,,,,,,,,,
cprover_havoc/tdg_servtd_wr__unconstrained__cover_exit_success_cprover_havoc.yml,cprover_havoc,tdg_servtd_wr__unconstrained__cover_exit_success_cprover_havoc.i,reach,unsafe,mixed,LP64,25,1,timeout,,0,,180.5,,,,,,,,,,,,
cprover_havoc/tdg_servtd_wr__unconstrained__cover_exit_unsuccess_cprover_havoc.yml,cprover_havoc,tdg_servtd_wr__unconstrained__cover_exit_unsuccess_cprover_havoc.i,reach,unsafe,mixed,LP64,25,1,timeout,,0,,180.6,,,,,,,,,,,,
cprover_havoc/tdg_servtd_wr__unexpected__cover_exit_cprover_havoc.yml,cprover_havoc,tdg_servtd_wr__unexpected__cover_exit_cprover_havoc.i,reach,unsafe,mixed,LP64,25,1,timeout,,0,,180.6,,,,,,,,,,,,
cprover_havoc/tdg_servtd_wr__unexpected__cover_proof_cprover_havoc.yml,cprover_havoc,tdg_servtd_wr__unexpected__cover_proof_cprover_havoc.i,reach,unsafe,mixed,LP64,25,1,timeout,,0,,180.4,,,,,,,,,,,,
cprover_havoc/tdg_servtd_wr__unexpected__cover_entry_cprover_havoc.yml,cprover_havoc,tdg_servtd_wr__unexpected__cover_entry_cprover_havoc.i,reach,unsafe,mixed,LP64,25,1,timeout,,2,,288.5,,,,,,,,,,,,
cprover_havoc/tdh_sys_config__invalid_state_tdmr_info__safety_requirement_cprover_havoc.yml,cprover_havoc,tdh_sys_config__invalid_state_tdmr_info__safety_requirement_cprover_havoc.i,reach,safe,mixed,LP64,22,1,timeout,,32,,899.6,,,,,,,,,,,,
cprover_havoc/tdh_sys_config__unexpected__cover_entry_cprover_havoc.yml,cprover_havoc,tdh_sys_config__unexpected__cover_entry_cprover_havoc.i,reach,unsafe,mixed,LP64,22,1,timeout,,33,,899.0,,,,,,,,,,,,
cprover_havoc/tdg_servtd_wr__unexpected__safety_requirement_cprover_havoc.yml,cprover_havoc,tdg_servtd_wr__unexpected__safety_requirement_cprover_havoc.i,reach,safe,mixed,LP64,25,1,timeout,,0,,180.6,,,,,,,,,,,,
cprover_havoc/tdh_sys_config__unexpected__cover_exit_cprover_havoc.yml,cprover_havoc,tdh_sys_config__unexpected__cover_exit_cprover_havoc.i,reach,unsafe,mixed,LP64,22,1,timeout,,33,,899.7,,,,,,,,,,,,
cprover_havoc/tdh_sys_config__unexpected__cover_proof_cprover_havoc.yml,cprover_havoc,tdh_sys_config__unexpected__cover_proof_cprover_havoc.i,reach,unsafe,mixed,LP64,22,1,timeout,,33,,899.7,,,,,,,,,,,,
cprover_havoc/tdh_sys_config__unexpected__safety_requirement_cprover_havoc.yml,cprover_havoc,tdh_sys_config__unexpected__safety_requirement_cprover_havoc.i,reach,safe,mixed,LP64,22,1,timeout,,33,,899.2,,,,,,,,,,,,
cprover_havoc/tdh_vp_enter__expected__cover_entry_cprover_havoc.yml,cprover_havoc,tdh_vp_enter__expected__cover_entry_cprover_havoc.i,reach,unsafe,mixed,LP64,29,0,timeout,,2,,240.3,,,,,,,,,,,,
cprover_havoc/tdh_vp_enter__invalid_input_vcpu_handle__cover_entry_cprover_havoc.yml,cprover_havoc,tdh_vp_enter__invalid_input_vcpu_handle__cover_entry_cprover_havoc.i,reach,unsafe,mixed,LP64,29,0,timeout,,2,,237.5,,,,,,,,,,,,
cprover_havoc/tdh_vp_enter__invalid_state_num_tdcx__cover_entry_cprover_havoc.yml,cprover_havoc,tdh_vp_enter__invalid_state_num_tdcx__cover_entry_cprover_havoc.i,reach,safe,mixed,LP64,29,0,found,0,0,0,10.9,,,,,,,,,,yes,,results/tdx_cprover_traces/cprover_havoc__tdh_vp_enter__invalid_state_num_tdcx__cover_entry_cprover_havoc.yml__reach.txt
cprover_havoc/tdh_vp_enter__invalid_state_num_tdcx__cover_exit_cprover_havoc.yml,cprover_havoc,tdh_vp_enter__invalid_state_num_tdcx__cover_exit_cprover_havoc.i,reach,safe,mixed,LP64,29,0,found,0,0,0,8.3,,,,,,,,,,yes,,results/tdx_cprover_traces/cprover_havoc__tdh_vp_enter__invalid_state_num_tdcx__cover_exit_cprover_havoc.yml__reach.txt
cprover_havoc/tdh_vp_enter__invalid_state_num_tdcx__cover_proof_cprover_havoc.yml,cprover_havoc,tdh_vp_enter__invalid_state_num_tdcx__cover_proof_cprover_havoc.i,reach,safe,mixed,LP64,29,0,found,0,0,0,10.0,,,,,,,,,,yes,,results/tdx_cprover_traces/cprover_havoc__tdh_vp_enter__invalid_state_num_tdcx__cover_proof_cprover_havoc.yml__reach.txt
cprover_havoc/tdh_vp_enter__invalid_state_num_tdcx__safety_requirement_cprover_havoc.yml,cprover_havoc,tdh_vp_enter__invalid_state_num_tdcx__safety_requirement_cprover_havoc.i,reach,safe,mixed,LP64,29,0,found,0,0,0,11.7,,,,,,,,,,yes,,results/tdx_cprover_traces/cprover_havoc__tdh_vp_enter__invalid_state_num_tdcx__safety_requirement_cprover_havoc.yml__reach.txt
cprover_havoc/tdh_vp_enter__invalid_input_vcpu_handle__cover_exit_cprover_havoc.yml,cprover_havoc,tdh_vp_enter__invalid_input_vcpu_handle__cover_exit_cprover_havoc.i,reach,unsafe,mixed,LP64,29,0,timeout,,2,,238.3,,,,,,,,,,,,
cprover_havoc/tdh_vp_enter__invalid_input_vcpu_handle__cover_proof_cprover_havoc.yml,cprover_havoc,tdh_vp_enter__invalid_input_vcpu_handle__cover_proof_cprover_havoc.i,reach,unsafe,mixed,LP64,29,0,timeout,,2,,236.1,,,,,,,,,,,,
cprover_havoc/tdh_vp_enter__invalid_input_vcpu_handle__safety_requirement_cprover_havoc.yml,cprover_havoc,tdh_vp_enter__invalid_input_vcpu_handle__safety_requirement_cprover_havoc.i,reach,safe,mixed,LP64,29,0,timeout,,2,,245.2,,,,,,,,,,,,
cprover_havoc/tdh_vp_enter__invalid_state_lifecycle__cover_entry_cprover_havoc.yml,cprover_havoc,tdh_vp_enter__invalid_state_lifecycle__cover_entry_cprover_havoc.i,reach,unsafe,mixed,LP64,29,0,timeout,,2,,238.5,,,,,,,,,,,,
cprover_havoc/tdh_vp_enter__invalid_state_lifecycle__cover_exit_cprover_havoc.yml,cprover_havoc,tdh_vp_enter__invalid_state_lifecycle__cover_exit_cprover_havoc.i,reach,unsafe,mixed,LP64,29,0,timeout,,2,,237.0,,,,,,,,,,,,
cprover_havoc/tdh_vp_enter__invalid_state_lifecycle__cover_proof_cprover_havoc.yml,cprover_havoc,tdh_vp_enter__invalid_state_lifecycle__cover_proof_cprover_havoc.i,reach,unsafe,mixed,LP64,29,0,timeout,,2,,235.2,,,,,,,,,,,,
cprover_havoc/tdh_vp_enter__invalid_state_lifecycle__safety_requirement_cprover_havoc.yml,cprover_havoc,tdh_vp_enter__invalid_state_lifecycle__safety_requirement_cprover_havoc.i,reach,safe,mixed,LP64,29,0,timeout,,2,,231.3,,,,,,,,,,,,
cprover_havoc/tdh_vp_enter__invalid_state_op_state__cover_entry_cprover_havoc.yml,cprover_havoc,tdh_vp_enter__invalid_state_op_state__cover_entry_cprover_havoc.i,reach,unsafe,mixed,LP64,29,0,timeout,,2,,242.0,,,,,,,,,,,,
cprover_havoc/tdh_vp_enter__invalid_state_op_state__cover_exit_cprover_havoc.yml,cprover_havoc,tdh_vp_enter__invalid_state_op_state__cover_exit_cprover_havoc.i,reach,unsafe,mixed,LP64,29,0,timeout,,2,,238.7,,,,,,,,,,,,
cprover_havoc/tdh_vp_enter__invalid_state_op_state__cover_proof_cprover_havoc.yml,cprover_havoc,tdh_vp_enter__invalid_state_op_state__cover_proof_cprover_havoc.i,reach,unsafe,mixed,LP64,29,0,timeout,,2,,245.6,,,,,,,,,,,,
cprover_havoc/tdh_vp_enter__invalid_state_op_state__safety_requirement_cprover_havoc.yml,cprover_havoc,tdh_vp_enter__invalid_state_op_state__safety_requirement_cprover_havoc.i,reach,safe,mixed,LP64,29,0,timeout,,2,,229.5,,,,,,,,,,,,
cprover_havoc/tdh_vp_enter__invalid_state_pamt_metadata__cover_entry_cprover_havoc.yml,cprover_havoc,tdh_vp_enter__invalid_state_pamt_metadata__cover_entry_cprover_havoc.i,reach,unsafe,mixed,LP64,29,0,timeout,,2,,281.0,,,,,,,,,,,,
cprover_havoc/tdh_vp_enter__invalid_state_td_state__cover_entry_cprover_havoc.yml,cprover_havoc,tdh_vp_enter__invalid_state_td_state__cover_entry_cprover_havoc.i,reach,unsafe,mixed,LP64,29,0,timeout,,2,,241.0,,,,,,,,,,,,
cprover_havoc/tdh_vp_enter__invalid_state_pamt_metadata__cover_exit_cprover_havoc.yml,cprover_havoc,tdh_vp_enter__invalid_state_pamt_metadata__cover_exit_cprover_havoc.i,reach,unsafe,mixed,LP64,29,0,timeout,,2,,282.3,,,,,,,,,,,,
cprover_havoc/tdh_vp_enter__invalid_state_pamt_metadata__cover_proof_cprover_havoc.yml,cprover_havoc,tdh_vp_enter__invalid_state_pamt_metadata__cover_proof_cprover_havoc.i,reach,unsafe,mixed,LP64,29,0,timeout,,2,,289.4,,,,,,,,,,,,
cprover_havoc/tdh_vp_enter__invalid_state_td_state__cover_exit_cprover_havoc.yml,cprover_havoc,tdh_vp_enter__invalid_state_td_state__cover_exit_cprover_havoc.i,reach,unsafe,mixed,LP64,29,0,timeout,,2,,232.1,,,,,,,,,,,,
cprover_havoc/tdh_vp_enter__invalid_state_td_state__cover_proof_cprover_havoc.yml,cprover_havoc,tdh_vp_enter__invalid_state_td_state__cover_proof_cprover_havoc.i,reach,unsafe,mixed,LP64,29,0,timeout,,2,,243.3,,,,,,,,,,,,
cprover_havoc/tdh_vp_enter__invalid_state_td_state__safety_requirement_cprover_havoc.yml,cprover_havoc,tdh_vp_enter__invalid_state_td_state__safety_requirement_cprover_havoc.i,reach,safe,mixed,LP64,29,0,timeout,,2,,247.1,,,,,,,,,,,,
cprover_havoc/tdh_vp_enter__unconstrained__cover_exit_unsuccess_cprover_havoc.yml,cprover_havoc,tdh_vp_enter__unconstrained__cover_exit_unsuccess_cprover_havoc.i,reach,unsafe,mixed,LP64,29,0,timeout,,2,,290.2,,,,,,,,,,,,
cprover_havoc/tdh_vp_enter__unexpected__safety_requirement_cprover_havoc.yml,cprover_havoc,tdh_vp_enter__unexpected__safety_requirement_cprover_havoc.i,reach,safe,mixed,LP64,29,0,timeout,,0,,180.2,,,,,,,,,,,,
cprover_havoc/tdh_vp_enter__unexpected__cover_entry_cprover_havoc.yml,cprover_havoc,tdh_vp_enter__unexpected__cover_entry_cprover_havoc.i,reach,unsafe,mixed,LP64,29,0,timeout,,2,,272.9,,,,,,,,,,,,
cprover_havoc/tdh_vp_enter__unexpected__cover_exit_cprover_havoc.yml,cprover_havoc,tdh_vp_enter__unexpected__cover_exit_cprover_havoc.i,reach,unsafe,mixed,LP64,29,0,timeout,,2,,284.8,,,,,,,,,,,,
cprover_havoc/tdh_vp_enter__unexpected__cover_proof_cprover_havoc.yml,cprover_havoc,tdh_vp_enter__unexpected__cover_proof_cprover_havoc.i,reach,unsafe,mixed,LP64,29,0,timeout,,2,,285.5,,,,,,,,,,,,
