task,dir,c_file,property,verdict,category,data_model,n_loops,max_nesting,uniform_outcome,uniform_kstar,uniform_k_reached,uniform_cost,uniform_time,uniform_failing_property,schedule_outcome,schedule_kstar,schedule_cost,schedule_rounds,schedule_time,schedule_failing_property,schedule_path,cost_ratio,loop_independent,other_property_violation,trace_file
intel-tdx-module/tdg_mr_report__expected__cover_exit_havoc_object.yml,intel-tdx-module,tdg_mr_report__expected__cover_exit_havoc_object.i,reach,unsafe,mixed,LP64,0,0,timeout,,109,,899.4,,,,,,,,,,,,
intel-tdx-module/tdg_mr_report__unexpected__cover_entry_havoc_object.yml,intel-tdx-module,tdg_mr_report__unexpected__cover_entry_havoc_object.i,reach,unsafe,mixed,LP64,0,0,timeout,,109,,899.4,,,,,,,,,,,,
intel-tdx-module/tdg_mr_report__unconstrained__cover_exit_success_havoc_object.yml,intel-tdx-module,tdg_mr_report__unconstrained__cover_exit_success_havoc_object.i,reach,unsafe,mixed,LP64,0,0,timeout,,109,,899.5,,,,,,,,,,,,
intel-tdx-module/tdg_mr_report__unconstrained__cover_exit_unsuccess_havoc_object.yml,intel-tdx-module,tdg_mr_report__unconstrained__cover_exit_unsuccess_havoc_object.i,reach,unsafe,mixed,LP64,0,0,timeout,,109,,899.5,,,,,,,,,,,,
intel-tdx-module/tdg_mr_report__expected__cover_entry_havoc_object.yml,intel-tdx-module,tdg_mr_report__expected__cover_entry_havoc_object.i,reach,unsafe,mixed,LP64,0,0,timeout,,109,,899.5,,,,,,,,,,,,
intel-tdx-module/tdg_mr_report__unexpected__cover_exit_havoc_object.yml,intel-tdx-module,tdg_mr_report__unexpected__cover_exit_havoc_object.i,reach,unsafe,mixed,LP64,0,0,timeout,,109,,899.5,,,,,,,,,,,,
intel-tdx-module/tdg_mr_report__expected__cover_proof_havoc_object.yml,intel-tdx-module,tdg_mr_report__expected__cover_proof_havoc_object.i,reach,unsafe,mixed,LP64,0,0,timeout,,109,,899.5,,,,,,,,,,,,
intel-tdx-module/tdg_mr_report__expected__safety_requirement_havoc_object.yml,intel-tdx-module,tdg_mr_report__expected__safety_requirement_havoc_object.i,reach,safe,mixed,LP64,0,0,timeout,,109,,899.6,,,,,,,,,,,,
intel-tdx-module/tdg_servtd_wr__unconstrained__cover_exit_success_havoc_object.yml,intel-tdx-module,tdg_servtd_wr__unconstrained__cover_exit_success_havoc_object.i,reach,unsafe,mixed,LP64,0,0,timeout,,103,,899.2,,,,,,,,,,,,
intel-tdx-module/tdg_servtd_wr__unconstrained__cover_exit_unsuccess_havoc_object.yml,intel-tdx-module,tdg_servtd_wr__unconstrained__cover_exit_unsuccess_havoc_object.i,reach,unsafe,mixed,LP64,0,0,timeout,,103,,899.2,,,,,,,,,,,,
intel-tdx-module/tdg_servtd_wr__expected__cover_exit_havoc_object.yml,intel-tdx-module,tdg_servtd_wr__expected__cover_exit_havoc_object.i,reach,unsafe,mixed,LP64,0,0,timeout,,104,,899.3,,,,,,,,,,,,
intel-tdx-module/tdg_servtd_wr__expected__cover_entry_havoc_object.yml,intel-tdx-module,tdg_servtd_wr__expected__cover_entry_havoc_object.i,reach,unsafe,mixed,LP64,0,0,timeout,,104,,899.4,,,,,,,,,,,,
intel-tdx-module/tdg_servtd_wr__expected__cover_proof_havoc_object.yml,intel-tdx-module,tdg_servtd_wr__expected__cover_proof_havoc_object.i,reach,unsafe,mixed,LP64,0,0,timeout,,104,,899.3,,,,,,,,,,,,
intel-tdx-module/tdg_servtd_wr__expected__safety_requirement_havoc_object.yml,intel-tdx-module,tdg_servtd_wr__expected__safety_requirement_havoc_object.i,reach,safe,mixed,LP64,0,0,timeout,,104,,899.3,,,,,,,,,,,,
intel-tdx-module/tdg_mr_report__unexpected__cover_proof_havoc_object.yml,intel-tdx-module,tdg_mr_report__unexpected__cover_proof_havoc_object.i,reach,unsafe,mixed,LP64,0,0,timeout,,125,,899.5,,,,,,,,,,,,
intel-tdx-module/tdg_mr_report__unexpected__safety_requirement_havoc_object.yml,intel-tdx-module,tdg_mr_report__unexpected__safety_requirement_havoc_object.i,reach,safe,mixed,LP64,0,0,timeout,,125,,899.5,,,,,,,,,,,,
intel-tdx-module/tdg_sys_rd__expected__cover_exit_havoc_object.yml,intel-tdx-module,tdg_sys_rd__expected__cover_exit_havoc_object.i,reach,unsafe,mixed,LP64,0,0,timeout,,109,,899.3,,,,,,,,,,,,
intel-tdx-module/tdg_servtd_wr__unexpected__cover_proof_havoc_object.yml,intel-tdx-module,tdg_servtd_wr__unexpected__cover_proof_havoc_object.i,reach,unsafe,mixed,LP64,0,0,timeout,,108,,899.4,,,,,,,,,,,,
intel-tdx-module/tdg_sys_rd__expected__cover_proof_havoc_object.yml,intel-tdx-module,tdg_sys_rd__expected__cover_proof_havoc_object.i,reach,unsafe,mixed,LP64,0,0,timeout,,109,,899.4,,,,,,,,,,,,
intel-tdx-module/tdg_servtd_wr__unexpected__safety_requirement_havoc_object.yml,intel-tdx-module,tdg_servtd_wr__unexpected__safety_requirement_havoc_object.i,reach,safe,mixed,LP64,0,0,timeout,,108,,899.5,,,,,,,,,,,,
intel-tdx-module/tdg_servtd_wr__unexpected__cover_entry_havoc_object.yml,intel-tdx-module,tdg_servtd_wr__unexpected__cover_entry_havoc_object.i,reach,unsafe,mixed,LP64,0,0,timeout,,109,,899.6,,,,,,,,,,,,
intel-tdx-module/tdg_sys_rd__expected__cover_entry_havoc_object.yml,intel-tdx-module,tdg_sys_rd__expected__cover_entry_havoc_object.i,reach,unsafe,mixed,LP64,0,0,timeout,,110,,899.5,,,,,,,,,,,,
intel-tdx-module/tdg_sys_rd__expected__safety_requirement_havoc_object.yml,intel-tdx-module,tdg_sys_rd__expected__safety_requirement_havoc_object.i,reach,safe,mixed,LP64,0,0,timeout,,110,,899.4,,,,,,,,,,,,
intel-tdx-module/tdg_servtd_wr__unexpected__cover_exit_havoc_object.yml,intel-tdx-module,tdg_servtd_wr__unexpected__cover_exit_havoc_object.i,reach,unsafe,mixed,LP64,0,0,timeout,,109,,899.6,,,,,,,,,,,,
intel-tdx-module/tdg_sys_rd__unconstrained__cover_exit_unsuccess_havoc_object.yml,intel-tdx-module,tdg_sys_rd__unconstrained__cover_exit_unsuccess_havoc_object.i,reach,unsafe,mixed,LP64,0,0,timeout,,109,,899.9,,,,,,,,,,,,
intel-tdx-module/tdg_sys_rd__unexpected__cover_exit_havoc_object.yml,intel-tdx-module,tdg_sys_rd__unexpected__cover_exit_havoc_object.i,reach,unsafe,mixed,LP64,0,0,timeout,,109,,899.8,,,,,,,,,,,,
intel-tdx-module/tdg_sys_rd__unexpected__cover_entry_havoc_object.yml,intel-tdx-module,tdg_sys_rd__unexpected__cover_entry_havoc_object.i,reach,unsafe,mixed,LP64,0,0,timeout,,109,,899.9,,,,,,,,,,,,
intel-tdx-module/tdg_sys_rd__unexpected__cover_proof_havoc_object.yml,intel-tdx-module,tdg_sys_rd__unexpected__cover_proof_havoc_object.i,reach,unsafe,mixed,LP64,0,0,timeout,,109,,899.8,,,,,,,,,,,,
intel-tdx-module/tdg_sys_rd__unexpected__safety_requirement_havoc_object.yml,intel-tdx-module,tdg_sys_rd__unexpected__safety_requirement_havoc_object.i,reach,safe,mixed,LP64,0,0,timeout,,109,,899.9,,,,,,,,,,,,
intel-tdx-module/tdg_vm_wr__expected__cover_entry_havoc_object.yml,intel-tdx-module,tdg_vm_wr__expected__cover_entry_havoc_object.i,reach,unsafe,mixed,LP64,0,0,timeout,,109,,899.9,,,,,,,,,,,,
intel-tdx-module/tdg_vm_wr__expected__cover_exit_havoc_object.yml,intel-tdx-module,tdg_vm_wr__expected__cover_exit_havoc_object.i,reach,unsafe,mixed,LP64,0,0,timeout,,109,,899.9,,,,,,,,,,,,
intel-tdx-module/tdg_sys_rd__unconstrained__cover_exit_success_havoc_object.yml,intel-tdx-module,tdg_sys_rd__unconstrained__cover_exit_success_havoc_object.i,reach,unsafe,mixed,LP64,0,0,timeout,,110,,900.0,,,,,,,,,,,,
intel-tdx-module/tdg_vm_wr__expected__safety_requirement_havoc_object.yml,intel-tdx-module,tdg_vm_wr__expected__safety_requirement_havoc_object.i,reach,safe,mixed,LP64,0,0,timeout,,109,,899.0,,,,,,,,,,,,
intel-tdx-module/tdg_vm_wr__expected__cover_proof_havoc_object.yml,intel-tdx-module,tdg_vm_wr__expected__cover_proof_havoc_object.i,reach,unsafe,mixed,LP64,0,0,timeout,,109,,899.1,,,,,,,,,,,,
intel-tdx-module/tdg_vm_wr__invalid_input_field_id__cover_exit_havoc_object.yml,intel-tdx-module,tdg_vm_wr__invalid_input_field_id__cover_exit_havoc_object.i,reach,unsafe,mixed,LP64,0,0,timeout,,109,,899.1,,,,,,,,,,,,
intel-tdx-module/tdg_vm_wr__invalid_input_field_id__cover_entry_havoc_object.yml,intel-tdx-module,tdg_vm_wr__invalid_input_field_id__cover_entry_havoc_object.i,reach,unsafe,mixed,LP64,0,0,timeout,,109,,899.1,,,,,,,,,,,,
intel-tdx-module/tdg_vm_wr__invalid_input_field_id__cover_proof_havoc_object.yml,intel-tdx-module,tdg_vm_wr__invalid_input_field_id__cover_proof_havoc_object.i,reach,unsafe,mixed,LP64,0,0,timeout,,109,,899.1,,,,,,,,,,,,
intel-tdx-module/tdg_vm_wr__invalid_input_rcx__cover_entry_havoc_object.yml,intel-tdx-module,tdg_vm_wr__invalid_input_rcx__cover_entry_havoc_object.i,reach,unsafe,mixed,LP64,0,0,timeout,,109,,899.1,,,,,,,,,,,,
intel-tdx-module/tdg_vm_wr__invalid_input_rcx__cover_exit_havoc_object.yml,intel-tdx-module,tdg_vm_wr__invalid_input_rcx__cover_exit_havoc_object.i,reach,unsafe,mixed,LP64,0,0,timeout,,109,,899.1,,,,,,,,,,,,
intel-tdx-module/tdg_vm_wr__invalid_input_rcx__cover_proof_havoc_object.yml,intel-tdx-module,tdg_vm_wr__invalid_input_rcx__cover_proof_havoc_object.i,reach,unsafe,mixed,LP64,0,0,timeout,,109,,899.1,,,,,,,,,,,,
intel-tdx-module/tdg_vm_wr__unexpected__cover_exit_havoc_object.yml,intel-tdx-module,tdg_vm_wr__unexpected__cover_exit_havoc_object.i,reach,unsafe,mixed,LP64,0,0,timeout,,108,,899.5,,,,,,,,,,,,
intel-tdx-module/tdg_vp_enter__expected__cover_entry_havoc_object.yml,intel-tdx-module,tdg_vp_enter__expected__cover_entry_havoc_object.i,reach,unsafe,mixed,LP64,0,0,timeout,,114,,899.4,,,,,,,,,,,,
intel-tdx-module/tdg_vm_wr__unexpected__cover_entry_havoc_object.yml,intel-tdx-module,tdg_vm_wr__unexpected__cover_entry_havoc_object.i,reach,unsafe,mixed,LP64,0,0,timeout,,108,,899.5,,,,,,,,,,,,
intel-tdx-module/tdg_vm_wr__unexpected__safety_requirement_havoc_object.yml,intel-tdx-module,tdg_vm_wr__unexpected__safety_requirement_havoc_object.i,reach,safe,mixed,LP64,0,0,timeout,,108,,899.5,,,,,,,,,,,,
intel-tdx-module/tdg_vm_wr__unexpected__cover_proof_havoc_object.yml,intel-tdx-module,tdg_vm_wr__unexpected__cover_proof_havoc_object.i,reach,unsafe,mixed,LP64,0,0,timeout,,108,,899.6,,,,,,,,,,,,
intel-tdx-module/tdg_vm_wr__invalid_input_rcx__safety_requirement_havoc_object.yml,intel-tdx-module,tdg_vm_wr__invalid_input_rcx__safety_requirement_havoc_object.i,reach,safe,mixed,LP64,0,0,timeout,,109,,899.7,,,,,,,,,,,,
intel-tdx-module/tdg_vm_wr__unconstrained__cover_exit_success_havoc_object.yml,intel-tdx-module,tdg_vm_wr__unconstrained__cover_exit_success_havoc_object.i,reach,unsafe,mixed,LP64,0,0,timeout,,109,,899.7,,,,,,,,,,,,
intel-tdx-module/tdg_vm_wr__unconstrained__cover_exit_unsuccess_havoc_object.yml,intel-tdx-module,tdg_vm_wr__unconstrained__cover_exit_unsuccess_havoc_object.i,reach,unsafe,mixed,LP64,0,0,timeout,,109,,899.7,,,,,,,,,,,,
intel-tdx-module/tdg_vp_enter__expected__cover_exit_havoc_object.yml,intel-tdx-module,tdg_vp_enter__expected__cover_exit_havoc_object.i,reach,unsafe,mixed,LP64,0,0,timeout,,109,,899.2,,,,,,,,,,,,
intel-tdx-module/tdg_vp_enter__expected__safety_requirement_havoc_object.yml,intel-tdx-module,tdg_vp_enter__expected__safety_requirement_havoc_object.i,reach,safe,mixed,LP64,0,0,timeout,,109,,899.1,,,,,,,,,,,,
intel-tdx-module/tdg_vp_enter__expected__cover_proof_havoc_object.yml,intel-tdx-module,tdg_vp_enter__expected__cover_proof_havoc_object.i,reach,unsafe,mixed,LP64,0,0,timeout,,109,,899.2,,,,,,,,,,,,
intel-tdx-module/tdg_vp_enter__invalid_input_gpa__cover_proof_havoc_object.yml,intel-tdx-module,tdg_vp_enter__invalid_input_gpa__cover_proof_havoc_object.i,reach,unsafe,mixed,LP64,0,0,timeout,,109,,899.1,,,,,,,,,,,,
intel-tdx-module/tdg_vp_enter__invalid_input_gpa__cover_entry_havoc_object.yml,intel-tdx-module,tdg_vp_enter__invalid_input_gpa__cover_entry_havoc_object.i,reach,unsafe,mixed,LP64,0,0,timeout,,109,,899.2,,,,,,,,,,,,
intel-tdx-module/tdg_vp_enter__invalid_input_gpa__safety_requirement_havoc_object.yml,intel-tdx-module,tdg_vp_enter__invalid_input_gpa__safety_requirement_havoc_object.i,reach,safe,mixed,LP64,0,0,timeout,,109,,899.2,,,,,,,,,,,,
intel-tdx-module/tdg_vp_enter__invalid_input_vmflag__cover_entry_havoc_object.yml,intel-tdx-module,tdg_vp_enter__invalid_input_vmflag__cover_entry_havoc_object.i,reach,unsafe,mixed,LP64,0,0,timeout,,109,,899.1,,,,,,,,,,,,
intel-tdx-module/tdg_vp_enter__invalid_input_gpa__cover_exit_havoc_object.yml,intel-tdx-module,tdg_vp_enter__invalid_input_gpa__cover_exit_havoc_object.i,reach,unsafe,mixed,LP64,0,0,timeout,,110,,900.2,,,,,,,,,,,,
intel-tdx-module/tdg_vp_enter__invalid_input_vmflag__cover_exit_havoc_object.yml,intel-tdx-module,tdg_vp_enter__invalid_input_vmflag__cover_exit_havoc_object.i,reach,unsafe,mixed,LP64,0,0,timeout,,109,,899.1,,,,,,,,,,,,
intel-tdx-module/tdg_vp_enter__invalid_input_vmflag__cover_proof_havoc_object.yml,intel-tdx-module,tdg_vp_enter__invalid_input_vmflag__cover_proof_havoc_object.i,reach,unsafe,mixed,LP64,0,0,timeout,,109,,899.1,,,,,,,,,,,,
intel-tdx-module/tdg_vp_enter__unexpected__cover_exit_havoc_object.yml,intel-tdx-module,tdg_vp_enter__unexpected__cover_exit_havoc_object.i,reach,unsafe,mixed,LP64,0,0,timeout,,109,,899.1,,,,,,,,,,,,
intel-tdx-module/tdg_vp_enter__unconstrained__cover_exit_success_havoc_object.yml,intel-tdx-module,tdg_vp_enter__unconstrained__cover_exit_success_havoc_object.i,reach,unsafe,mixed,LP64,0,0,timeout,,109,,899.2,,,,,,,,,,,,
intel-tdx-module/tdg_vp_enter__unconstrained__cover_exit_unsuccess_havoc_object.yml,intel-tdx-module,tdg_vp_enter__unconstrained__cover_exit_unsuccess_havoc_object.i,reach,unsafe,mixed,LP64,0,0,timeout,,109,,899.1,,,,,,,,,,,,
intel-tdx-module/tdg_vp_enter__invalid_input_vmflag__safety_requirement_havoc_object.yml,intel-tdx-module,tdg_vp_enter__invalid_input_vmflag__safety_requirement_havoc_object.i,reach,safe,mixed,LP64,0,0,timeout,,110,,899.2,,,,,,,,,,,,
intel-tdx-module/tdg_vp_enter__unexpected__cover_entry_havoc_object.yml,intel-tdx-module,tdg_vp_enter__unexpected__cover_entry_havoc_object.i,reach,unsafe,mixed,LP64,0,0,timeout,,109,,900.0,,,,,,,,,,,,
intel-tdx-module/tdg_vp_enter__unexpected__cover_proof_havoc_object.yml,intel-tdx-module,tdg_vp_enter__unexpected__cover_proof_havoc_object.i,reach,unsafe,mixed,LP64,0,0,timeout,,109,,899.1,,,,,,,,,,,,
intel-tdx-module/tdg_vp_vmcall__expected__cover_entry_havoc_object.yml,intel-tdx-module,tdg_vp_vmcall__expected__cover_entry_havoc_object.i,reach,unsafe,mixed,LP64,0,0,timeout,,109,,899.1,,,,,,,,,,,,
intel-tdx-module/tdg_vp_vmcall__invalid_input_bitmap__safety_requirement_havoc_object.yml,intel-tdx-module,tdg_vp_vmcall__invalid_input_bitmap__safety_requirement_havoc_object.i,reach,safe,mixed,LP64,0,0,timeout,,109,,899.1,,,,,,,,,,,,
intel-tdx-module/tdg_vp_enter__unexpected__safety_requirement_havoc_object.yml,intel-tdx-module,tdg_vp_enter__unexpected__safety_requirement_havoc_object.i,reach,safe,mixed,LP64,0,0,timeout,,109,,899.2,,,,,,,,,,,,
intel-tdx-module/tdg_vp_vmcall__invalid_input_bitmap__cover_entry_havoc_object.yml,intel-tdx-module,tdg_vp_vmcall__invalid_input_bitmap__cover_entry_havoc_object.i,reach,unsafe,mixed,LP64,0,0,timeout,,109,,900.0,,,,,,,,,,,,
intel-tdx-module/tdg_vp_vmcall__invalid_input_bitmap__cover_proof_havoc_object.yml,intel-tdx-module,tdg_vp_vmcall__invalid_input_bitmap__cover_proof_havoc_object.i,reach,unsafe,mixed,LP64,0,0,timeout,,109,,900.0,,,,,,,,,,,,
intel-tdx-module/tdg_vp_vmcall__invalid_input_bitmap__cover_exit_havoc_object.yml,intel-tdx-module,tdg_vp_vmcall__invalid_input_bitmap__cover_exit_havoc_object.i,reach,unsafe,mixed,LP64,0,0,timeout,,109,,900.0,,,,,,,,,,,,
intel-tdx-module/tdg_vp_vmcall__unconstrained__cover_exit_unsuccess_havoc_object.yml,intel-tdx-module,tdg_vp_vmcall__unconstrained__cover_exit_unsuccess_havoc_object.i,reach,unsafe,mixed,LP64,0,0,timeout,,109,,899.2,,,,,,,,,,,,
intel-tdx-module/tdg_vp_vmcall__unexpected__cover_entry_havoc_object.yml,intel-tdx-module,tdg_vp_vmcall__unexpected__cover_entry_havoc_object.i,reach,unsafe,mixed,LP64,0,0,timeout,,109,,899.1,,,,,,,,,,,,
intel-tdx-module/tdg_vp_vmcall__unexpected__cover_exit_havoc_object.yml,intel-tdx-module,tdg_vp_vmcall__unexpected__cover_exit_havoc_object.i,reach,unsafe,mixed,LP64,0,0,timeout,,109,,899.1,,,,,,,,,,,,
intel-tdx-module/tdg_vp_vmcall__unexpected__cover_proof_havoc_object.yml,intel-tdx-module,tdg_vp_vmcall__unexpected__cover_proof_havoc_object.i,reach,unsafe,mixed,LP64,0,0,timeout,,109,,900.0,,,,,,,,,,,,
intel-tdx-module/tdg_vp_vmcall__unexpected__safety_requirement_havoc_object.yml,intel-tdx-module,tdg_vp_vmcall__unexpected__safety_requirement_havoc_object.i,reach,safe,mixed,LP64,0,0,timeout,,109,,900.0,,,,,,,,,,,,
intel-tdx-module/tdh_export_restore__expected__cover_exit_havoc_object.yml,intel-tdx-module,tdh_export_restore__expected__cover_exit_havoc_object.i,reach,unsafe,mixed,LP64,0,0,timeout,,109,,899.2,,,,,,,,,,,,
intel-tdx-module/tdh_export_restore__expected__cover_entry_havoc_object.yml,intel-tdx-module,tdh_export_restore__expected__cover_entry_havoc_object.i,reach,unsafe,mixed,LP64,0,0,timeout,,109,,899.2,,,,,,,,,,,,
intel-tdx-module/tdh_export_restore__expected__cover_proof_havoc_object.yml,intel-tdx-module,tdh_export_restore__expected__cover_proof_havoc_object.i,reach,unsafe,mixed,LP64,0,0,timeout,,109,,899.2,,,,,,,,,,,,
intel-tdx-module/tdh_export_restore__unconstrained__cover_exit_success_havoc_object.yml,intel-tdx-module,tdh_export_restore__unconstrained__cover_exit_success_havoc_object.i,reach,unsafe,mixed,LP64,0,0,timeout,,109,,899.1,,,,,,,,,,,,
intel-tdx-module/tdh_export_restore__expected__safety_requirement_havoc_object.yml,intel-tdx-module,tdh_export_restore__expected__safety_requirement_havoc_object.i,reach,safe,mixed,LP64,0,0,timeout,,109,,899.2,,,,,,,,,,,,
intel-tdx-module/tdh_export_restore__unconstrained__cover_exit_unsuccess_havoc_object.yml,intel-tdx-module,tdh_export_restore__unconstrained__cover_exit_unsuccess_havoc_object.i,reach,unsafe,mixed,LP64,0,0,timeout,,109,,899.3,,,,,,,,,,,,
intel-tdx-module/tdh_export_restore__unexpected__cover_entry_havoc_object.yml,intel-tdx-module,tdh_export_restore__unexpected__cover_entry_havoc_object.i,reach,unsafe,mixed,LP64,0,0,timeout,,109,,899.3,,,,,,,,,,,,
intel-tdx-module/tdh_export_restore__unexpected__cover_exit_havoc_object.yml,intel-tdx-module,tdh_export_restore__unexpected__cover_exit_havoc_object.i,reach,unsafe,mixed,LP64,0,0,timeout,,109,,899.3,,,,,,,,,,,,
intel-tdx-module/tdh_export_restore__unexpected__cover_proof_havoc_object.yml,intel-tdx-module,tdh_export_restore__unexpected__cover_proof_havoc_object.i,reach,unsafe,mixed,LP64,0,0,timeout,,109,,899.3,,,,,,,,,,,,
intel-tdx-module/tdh_export_restore__unexpected__safety_requirement_havoc_object.yml,intel-tdx-module,tdh_export_restore__unexpected__safety_requirement_havoc_object.i,reach,safe,mixed,LP64,0,0,timeout,,109,,899.3,,,,,,,,,,,,
intel-tdx-module/tdh_import_abort__expected__cover_exit_havoc_object.yml,intel-tdx-module,tdh_import_abort__expected__cover_exit_havoc_object.i,reach,unsafe,mixed,LP64,0,0,timeout,,109,,899.3,,,,,,,,,,,,
intel-tdx-module/tdh_import_abort__expected__cover_entry_havoc_object.yml,intel-tdx-module,tdh_import_abort__expected__cover_entry_havoc_object.i,reach,unsafe,mixed,LP64,0,0,timeout,,109,,899.3,,,,,,,,,,,,
intel-tdx-module/tdh_import_abort__expected__cover_proof_havoc_object.yml,intel-tdx-module,tdh_import_abort__expected__cover_proof_havoc_object.i,reach,unsafe,mixed,LP64,0,0,timeout,,109,,899.3,,,,,,,,,,,,
intel-tdx-module/tdh_import_abort__expected__safety_requirement_havoc_object.yml,intel-tdx-module,tdh_import_abort__expected__safety_requirement_havoc_object.i,reach,safe,mixed,LP64,0,0,timeout,,109,,899.3,,,,,,,,,,,,
intel-tdx-module/tdh_mng_addcx__expected__cover_entry_havoc_object.yml,intel-tdx-module,tdh_mng_addcx__expected__cover_entry_havoc_object.i,reach,unsafe,mixed,LP64,0,0,timeout,,109,,899.1,,,,,,,,,,,,
intel-tdx-module/tdh_mng_addcx__expected__cover_exit_havoc_object.yml,intel-tdx-module,tdh_mng_addcx__expected__cover_exit_havoc_object.i,reach,unsafe,mixed,LP64,0,0,timeout,,109,,899.1,,,,,,,,,,,,
intel-tdx-module/tdh_import_abort__unexpected__cover_entry_havoc_object.yml,intel-tdx-module,tdh_import_abort__unexpected__cover_entry_havoc_object.i,reach,unsafe,mixed,LP64,0,0,timeout,,109,,899.3,,,,,,,,,,,,
intel-tdx-module/tdh_import_abort__unconstrained__cover_exit_unsuccess_havoc_object.yml,intel-tdx-module,tdh_import_abort__unconstrained__cover_exit_unsuccess_havoc_object.i,reach,unsafe,mixed,LP64,0,0,timeout,,109,,899.4,,,,,,,,,,,,
intel-tdx-module/tdh_import_abort__unexpected__cover_exit_havoc_object.yml,intel-tdx-module,tdh_import_abort__unexpected__cover_exit_havoc_object.i,reach,unsafe,mixed,LP64,0,0,timeout,,109,,899.3,,,,,,,,,,,,
intel-tdx-module/tdh_import_abort__unexpected__cover_proof_havoc_object.yml,intel-tdx-module,tdh_import_abort__unexpected__cover_proof_havoc_object.i,reach,unsafe,mixed,LP64,0,0,timeout,,109,,899.3,,,,,,,,,,,,
intel-tdx-module/tdh_import_abort__unexpected__safety_requirement_havoc_object.yml,intel-tdx-module,tdh_import_abort__unexpected__safety_requirement_havoc_object.i,reach,safe,mixed,LP64,0,0,timeout,,109,,899.3,,,,,,,,,,,,
intel-tdx-module/tdh_mng_addcx__expected__cover_proof_havoc_object.yml,intel-tdx-module,tdh_mng_addcx__expected__cover_proof_havoc_object.i,reach,unsafe,mixed,LP64,0,0,timeout,,109,,899.3,,,,,,,,,,,,
intel-tdx-module/tdh_mng_addcx__invalid_input_tdcx_pa__cover_entry_havoc_object.yml,intel-tdx-module,tdh_mng_addcx__invalid_input_tdcx_pa__cover_entry_havoc_object.i,reach,unsafe,mixed,LP64,0,0,timeout,,109,,899.3,,,,,,,,,,,,
intel-tdx-module/tdh_mng_addcx__expected__safety_requirement_havoc_object.yml,intel-tdx-module,tdh_mng_addcx__expected__safety_requirement_havoc_object.i,reach,safe,mixed,LP64,0,0,timeout,,109,,899.3,,,,,,,,,,,,
intel-tdx-module/tdh_mng_addcx__invalid_input_tdcx_pa__cover_exit_havoc_object.yml,intel-tdx-module,tdh_mng_addcx__invalid_input_tdcx_pa__cover_exit_havoc_object.i,reach,unsafe,mixed,LP64,0,0,timeout,,109,,899.3,,,,,,,,,,,,
intel-tdx-module/tdh_mng_addcx__invalid_input_tdcx_pa__safety_requirement_havoc_object.yml,intel-tdx-module,tdh_mng_addcx__invalid_input_tdcx_pa__safety_requirement_havoc_object.i,reach,safe,mixed,LP64,0,0,timeout,,109,,899.3,,,,,,,,,,,,
intel-tdx-module/tdh_mng_addcx__invalid_input_tdcx_pa__cover_proof_havoc_object.yml,intel-tdx-module,tdh_mng_addcx__invalid_input_tdcx_pa__cover_proof_havoc_object.i,reach,unsafe,mixed,LP64,0,0,timeout,,109,,899.3,,,,,,,,,,,,
intel-tdx-module/tdh_mng_addcx__invalid_input_tdr_pa__cover_exit_havoc_object.yml,intel-tdx-module,tdh_mng_addcx__invalid_input_tdr_pa__cover_exit_havoc_object.i,reach,unsafe,mixed,LP64,0,0,timeout,,109,,899.3,,,,,,,,,,,,
intel-tdx-module/tdh_mng_addcx__invalid_input_tdr_pa__cover_entry_havoc_object.yml,intel-tdx-module,tdh_mng_addcx__invalid_input_tdr_pa__cover_entry_havoc_object.i,reach,unsafe,mixed,LP64,0,0,timeout,,109,,899.3,,,,,,,,,,,,
intel-tdx-module/tdh_mng_addcx__invalid_input_tdr_pa__cover_proof_havoc_object.yml,intel-tdx-module,tdh_mng_addcx__invalid_input_tdr_pa__cover_proof_havoc_object.i,reach,unsafe,mixed,LP64,0,0,timeout,,109,,899.2,,,,,,,,,,,,
intel-tdx-module/tdh_mng_addcx__invalid_state_lifecycle__cover_entry_havoc_object.yml,intel-tdx-module,tdh_mng_addcx__invalid_state_lifecycle__cover_entry_havoc_object.i,reach,unsafe,mixed,LP64,0,0,timeout,,109,,899.2,,,,,,,,,,,,
intel-tdx-module/tdh_mng_addcx__invalid_input_tdr_pa__safety_requirement_havoc_object.yml,intel-tdx-module,tdh_mng_addcx__invalid_input_tdr_pa__safety_requirement_havoc_object.i,reach,safe,mixed,LP64,0,0,timeout,,109,,899.2,,,,,,,,,,,,
intel-tdx-module/tdh_mng_addcx__invalid_state_lifecycle__cover_exit_havoc_object.yml,intel-tdx-module,tdh_mng_addcx__invalid_state_lifecycle__cover_exit_havoc_object.i,reach,unsafe,mixed,LP64,0,0,timeout,,109,,899.2,,,,,,,,,,,,
intel-tdx-module/tdh_mng_addcx__invalid_state_lifecycle__safety_requirement_havoc_object.yml,intel-tdx-module,tdh_mng_addcx__invalid_state_lifecycle__safety_requirement_havoc_object.i,reach,safe,mixed,LP64,0,0,timeout,,109,,899.2,,,,,,,,,,,,
intel-tdx-module/tdh_mng_addcx__invalid_state_lifecycle__cover_proof_havoc_object.yml,intel-tdx-module,tdh_mng_addcx__invalid_state_lifecycle__cover_proof_havoc_object.i,reach,unsafe,mixed,LP64,0,0,timeout,,109,,899.2,,,,,,,,,,,,
intel-tdx-module/tdh_mng_addcx__invalid_state_num_tdcx__cover_exit_havoc_object.yml,intel-tdx-module,tdh_mng_addcx__invalid_state_num_tdcx__cover_exit_havoc_object.i,reach,safe,mixed,LP64,0,0,timeout,,109,,899.2,,,,,,,,,,,,
intel-tdx-module/tdh_mng_addcx__invalid_state_num_tdcx__cover_entry_havoc_object.yml,intel-tdx-module,tdh_mng_addcx__invalid_state_num_tdcx__cover_entry_havoc_object.i,reach,safe,mixed,LP64,0,0,timeout,,109,,899.2,,,,,,,,,,,,
intel-tdx-module/tdh_mng_addcx__invalid_state_num_tdcx__cover_proof_havoc_object.yml,intel-tdx-module,tdh_mng_addcx__invalid_state_num_tdcx__cover_proof_havoc_object.i,reach,safe,mixed,LP64,0,0,timeout,,109,,899.3,,,,,,,,,,,,
intel-tdx-module/tdh_mng_addcx__invalid_state_num_tdcx__safety_requirement_havoc_object.yml,intel-tdx-module,tdh_mng_addcx__invalid_state_num_tdcx__safety_requirement_havoc_object.i,reach,safe,mixed,LP64,0,0,timeout,,109,,899.3,,,,,,,,,,,,
intel-tdx-module/tdh_mng_addcx__invalid_state_pamt_metadata__cover_entry_havoc_object.yml,intel-tdx-module,tdh_mng_addcx__invalid_state_pamt_metadata__cover_entry_havoc_object.i,reach,unsafe,mixed,LP64,0,0,timeout,,109,,899.3,,,,,,,,,,,,
intel-tdx-module/tdh_mng_addcx__invalid_state_pamt_metadata__cover_exit_havoc_object.yml,intel-tdx-module,tdh_mng_addcx__invalid_state_pamt_metadata__cover_exit_havoc_object.i,reach,unsafe,mixed,LP64,0,0,timeout,,109,,899.3,,,,,,,,,,,,
intel-tdx-module/tdh_mng_addcx__invalid_state_pamt_metadata__cover_proof_havoc_object.yml,intel-tdx-module,tdh_mng_addcx__invalid_state_pamt_metadata__cover_proof_havoc_object.i,reach,unsafe,mixed,LP64,0,0,timeout,,109,,899.3,,,,,,,,,,,,
intel-tdx-module/tdh_mng_addcx__invalid_state_td_state__cover_entry_havoc_object.yml,intel-tdx-module,tdh_mng_addcx__invalid_state_td_state__cover_entry_havoc_object.i,reach,unsafe,mixed,LP64,0,0,timeout,,109,,899.3,,,,,,,,,,,,
intel-tdx-module/tdh_mng_addcx__invalid_state_td_state__cover_exit_havoc_object.yml,intel-tdx-module,tdh_mng_addcx__invalid_state_td_state__cover_exit_havoc_object.i,reach,unsafe,mixed,LP64,0,0,timeout,,109,,899.3,,,,,,,,,,,,
intel-tdx-module/tdh_mng_addcx__invalid_state_td_state__cover_proof_havoc_object.yml,intel-tdx-module,tdh_mng_addcx__invalid_state_td_state__cover_proof_havoc_object.i,reach,unsafe,mixed,LP64,0,0,timeout,,109,,899.3,,,,,,,,,,,,
intel-tdx-module/tdh_mng_addcx__invalid_state_td_state__safety_requirement_havoc_object.yml,intel-tdx-module,tdh_mng_addcx__invalid_state_td_state__safety_requirement_havoc_object.i,reach,safe,mixed,LP64,0,0,timeout,,109,,899.2,,,,,,,,,,,,
intel-tdx-module/tdh_mng_addcx__unconstrained__cover_exit_success_havoc_object.yml,intel-tdx-module,tdh_mng_addcx__unconstrained__cover_exit_success_havoc_object.i,reach,unsafe,mixed,LP64,0,0,timeout,,109,,899.3,,,,,,,,,,,,
intel-tdx-module/tdh_mng_addcx__unconstrained__cover_exit_unsuccess_havoc_object.yml,intel-tdx-module,tdh_mng_addcx__unconstrained__cover_exit_unsuccess_havoc_object.i,reach,unsafe,mixed,LP64,0,0,timeout,,109,,899.2,,,,,,,,,,,,
intel-tdx-module/tdh_mng_addcx__unexpected__cover_entry_havoc_object.yml,intel-tdx-module,tdh_mng_addcx__unexpected__cover_entry_havoc_object.i,reach,unsafe,mixed,LP64,0,0,timeout,,109,,899.2,,,,,,,,,,,,
intel-tdx-module/tdh_mng_create__invalid_input_rcx__cover_entry_havoc_object.yml,intel-tdx-module,tdh_mng_create__invalid_input_rcx__cover_entry_havoc_object.i,reach,unsafe,mixed,LP64,0,0,timeout,,109,,899.2,,,,,,,,,,,,
intel-tdx-module/tdh_mng_addcx__unexpected__cover_exit_havoc_object.yml,intel-tdx-module,tdh_mng_addcx__unexpected__cover_exit_havoc_object.i,reach,unsafe,mixed,LP64,0,0,timeout,,109,,899.3,,,,,,,,,,,,
intel-tdx-module/tdh_mng_addcx__unexpected__cover_proof_havoc_object.yml,intel-tdx-module,tdh_mng_addcx__unexpected__cover_proof_havoc_object.i,reach,unsafe,mixed,LP64,0,0,timeout,,109,,899.3,,,,,,,,,,,,
intel-tdx-module/tdh_mng_addcx__unexpected__safety_requirement_havoc_object.yml,intel-tdx-module,tdh_mng_addcx__unexpected__safety_requirement_havoc_object.i,reach,safe,mixed,LP64,0,0,timeout,,109,,899.3,,,,,,,,,,,,
intel-tdx-module/tdh_mng_create__invalid_input_rcx__cover_exit_havoc_object.yml,intel-tdx-module,tdh_mng_create__invalid_input_rcx__cover_exit_havoc_object.i,reach,unsafe,mixed,LP64,0,0,timeout,,109,,899.2,,,,,,,,,,,,
intel-tdx-module/tdh_mng_create__invalid_input_rcx__cover_proof_havoc_object.yml,intel-tdx-module,tdh_mng_create__invalid_input_rcx__cover_proof_havoc_object.i,reach,unsafe,mixed,LP64,0,0,timeout,,109,,899.1,,,,,,,,,,,,
intel-tdx-module/tdh_mng_create__invalid_input_rdx__cover_entry_havoc_object.yml,intel-tdx-module,tdh_mng_create__invalid_input_rdx__cover_entry_havoc_object.i,reach,unsafe,mixed,LP64,0,0,timeout,,109,,899.1,,,,,,,,,,,,
intel-tdx-module/tdh_mng_create__invalid_input_rdx__cover_exit_havoc_object.yml,intel-tdx-module,tdh_mng_create__invalid_input_rdx__cover_exit_havoc_object.i,reach,unsafe,mixed,LP64,0,0,timeout,,109,,899.2,,,,,,,,,,,,
intel-tdx-module/tdh_mng_create__invalid_input_rdx__cover_proof_havoc_object.yml,intel-tdx-module,tdh_mng_create__invalid_input_rdx__cover_proof_havoc_object.i,reach,unsafe,mixed,LP64,0,0,timeout,,109,,899.2,,,,,,,,,,,,
intel-tdx-module/tdh_mng_create__invalid_input_rdx__safety_requirement_havoc_object.yml,intel-tdx-module,tdh_mng_create__invalid_input_rdx__safety_requirement_havoc_object.i,reach,safe,mixed,LP64,0,0,timeout,,109,,899.1,,,,,,,,,,,,
intel-tdx-module/tdh_mng_create__invalid_state_kot_entry__cover_exit_havoc_object.yml,intel-tdx-module,tdh_mng_create__invalid_state_kot_entry__cover_exit_havoc_object.i,reach,unsafe,mixed,LP64,0,0,timeout,,109,,899.1,,,,,,,,,,,,
intel-tdx-module/tdh_mng_create__invalid_state_kot_entry__cover_entry_havoc_object.yml,intel-tdx-module,tdh_mng_create__invalid_state_kot_entry__cover_entry_havoc_object.i,reach,unsafe,mixed,LP64,0,0,timeout,,109,,899.2,,,,,,,,,,,,
intel-tdx-module/tdh_mng_create__invalid_state_kot_entry__cover_proof_havoc_object.yml,intel-tdx-module,tdh_mng_create__invalid_state_kot_entry__cover_proof_havoc_object.i,reach,unsafe,mixed,LP64,0,0,timeout,,110,,900.2,,,,,,,,,,,,
intel-tdx-module/tdh_mng_create__invalid_state_tdr_page__cover_exit_havoc_object.yml,intel-tdx-module,tdh_mng_create__invalid_state_tdr_page__cover_exit_havoc_object.i,reach,unsafe,mixed,LP64,0,0,timeout,,109,,900.0,,,,,,,,,,,,
intel-tdx-module/tdh_mng_create__invalid_state_tdr_page__cover_proof_havoc_object.yml,intel-tdx-module,tdh_mng_create__invalid_state_tdr_page__cover_proof_havoc_object.i,reach,unsafe,mixed,LP64,0,0,timeout,,109,,900.0,,,,,,,,,,,,
intel-tdx-module/tdh_mng_create__unconstrained__cover_exit_unsuccess_havoc_object.yml,intel-tdx-module,tdh_mng_create__unconstrained__cover_exit_unsuccess_havoc_object.i,reach,unsafe,mixed,LP64,0,0,timeout,,109,,900.0,,,,,,,,,,,,
intel-tdx-module/tdh_mng_create__unexpected__cover_entry_havoc_object.yml,intel-tdx-module,tdh_mng_create__unexpected__cover_entry_havoc_object.i,reach,unsafe,mixed,LP64,0,0,timeout,,109,,900.0,,,,,,,,,,,,
intel-tdx-module/tdh_mng_create__unexpected__cover_proof_havoc_object.yml,intel-tdx-module,tdh_mng_create__unexpected__cover_proof_havoc_object.i,reach,unsafe,mixed,LP64,0,0,timeout,,109,,900.0,,,,,,,,,,,,
intel-tdx-module/tdh_mng_create__unexpected__cover_exit_havoc_object.yml,intel-tdx-module,tdh_mng_create__unexpected__cover_exit_havoc_object.i,reach,unsafe,mixed,LP64,0,0,timeout,,109,,900.0,,,,,,,,,,,,
intel-tdx-module/tdh_mng_create__invalid_state_tdr_page__cover_entry_havoc_object.yml,intel-tdx-module,tdh_mng_create__invalid_state_tdr_page__cover_entry_havoc_object.i,reach,unsafe,mixed,LP64,0,0,timeout,,110,,900.2,,,,,,,,,,,,
intel-tdx-module/tdh_mng_create__unexpected__safety_requirement_havoc_object.yml,intel-tdx-module,tdh_mng_create__unexpected__safety_requirement_havoc_object.i,reach,safe,mixed,LP64,0,0,timeout,,109,,899.3,,,,,,,,,,,,
intel-tdx-module/tdh_mng_init__expected__cover_entry_havoc_object.yml,intel-tdx-module,tdh_mng_init__expected__cover_entry_havoc_object.i,reach,unsafe,mixed,LP64,0,0,timeout,,109,,899.5,,,,,,,,,,,,
intel-tdx-module/tdh_mng_init__expected__cover_exit_havoc_object.yml,intel-tdx-module,tdh_mng_init__expected__cover_exit_havoc_object.i,reach,unsafe,mixed,LP64,0,0,timeout,,109,,899.5,,,,,,,,,,,,
intel-tdx-module/tdh_mng_init__expected__cover_proof_havoc_object.yml,intel-tdx-module,tdh_mng_init__expected__cover_proof_havoc_object.i,reach,unsafe,mixed,LP64,0,0,timeout,,109,,899.5,,,,,,,,,,,,
intel-tdx-module/tdh_mng_init__expected__safety_requirement_havoc_object.yml,intel-tdx-module,tdh_mng_init__expected__safety_requirement_havoc_object.i,reach,safe,mixed,LP64,0,0,timeout,,109,,899.5,,,,,,,,,,,,
intel-tdx-module/tdh_mng_init__invalid_input_tdr_pa__cover_proof_havoc_object.yml,intel-tdx-module,tdh_mng_init__invalid_input_tdr_pa__cover_proof_havoc_object.i,reach,unsafe,mixed,LP64,0,0,timeout,,109,,899.4,,,,,,,,,,,,
intel-tdx-module/tdh_mng_init__invalid_input_tdr_pa__cover_entry_havoc_object.yml,intel-tdx-module,tdh_mng_init__invalid_input_tdr_pa__cover_entry_havoc_object.i,reach,unsafe,mixed,LP64,0,0,timeout,,109,,899.5,,,,,,,,,,,,
intel-tdx-module/tdh_mng_init__invalid_input_tdr_pa__cover_exit_havoc_object.yml,intel-tdx-module,tdh_mng_init__invalid_input_tdr_pa__cover_exit_havoc_object.i,reach,unsafe,mixed,LP64,0,0,timeout,,109,,899.5,,,,,,,,,,,,
intel-tdx-module/tdh_mng_init__invalid_input_tdr_pa__safety_requirement_havoc_object.yml,intel-tdx-module,tdh_mng_init__invalid_input_tdr_pa__safety_requirement_havoc_object.i,reach,safe,mixed,LP64,0,0,timeout,,109,,899.6,,,,,,,,,,,,
intel-tdx-module/tdh_mng_init__invalid_state_lifecycle__cover_entry_havoc_object.yml,intel-tdx-module,tdh_mng_init__invalid_state_lifecycle__cover_entry_havoc_object.i,reach,unsafe,mixed,LP64,0,0,timeout,,109,,899.6,,,,,,,,,,,,
intel-tdx-module/tdh_mng_init__invalid_state_lifecycle__cover_proof_havoc_object.yml,intel-tdx-module,tdh_mng_init__invalid_state_lifecycle__cover_proof_havoc_object.i,reach,unsafe,mixed,LP64,0,0,timeout,,109,,899.6,,,,,,,,,,,,
intel-tdx-module/tdh_mng_init__invalid_state_lifecycle__cover_exit_havoc_object.yml,intel-tdx-module,tdh_mng_init__invalid_state_lifecycle__cover_exit_havoc_object.i,reach,unsafe,mixed,LP64,0,0,timeout,,109,,899.6,,,,,,,,,,,,
intel-tdx-module/tdh_mng_init__invalid_state_no_tdcx__cover_entry_havoc_object.yml,intel-tdx-module,tdh_mng_init__invalid_state_no_tdcx__cover_entry_havoc_object.i,reach,safe,mixed,LP64,0,0,timeout,,109,,899.6,,,,,,,,,,,,
intel-tdx-module/tdh_mng_init__invalid_state_no_tdcx__cover_exit_havoc_object.yml,intel-tdx-module,tdh_mng_init__invalid_state_no_tdcx__cover_exit_havoc_object.i,reach,safe,mixed,LP64,0,0,timeout,,109,,899.6,,,,,,,,,,,,
intel-tdx-module/tdh_mng_init__invalid_state_no_tdcx__cover_proof_havoc_object.yml,intel-tdx-module,tdh_mng_init__invalid_state_no_tdcx__cover_proof_havoc_object.i,reach,safe,mixed,LP64,0,0,timeout,,109,,899.6,,,,,,,,,,,,
intel-tdx-module/tdh_mng_init__invalid_state_lifecycle__safety_requirement_havoc_object.yml,intel-tdx-module,tdh_mng_init__invalid_state_lifecycle__safety_requirement_havoc_object.i,reach,safe,mixed,LP64,0,0,timeout,,109,,899.6,,,,,,,,,,,,
intel-tdx-module/tdh_mng_init__invalid_state_no_tdcx__safety_requirement_havoc_object.yml,intel-tdx-module,tdh_mng_init__invalid_state_no_tdcx__safety_requirement_havoc_object.i,reach,safe,mixed,LP64,0,0,timeout,,109,,899.6,,,,,,,,,,,,
intel-tdx-module/tdh_mng_init__invalid_state_op_state__cover_exit_havoc_object.yml,intel-tdx-module,tdh_mng_init__invalid_state_op_state__cover_exit_havoc_object.i,reach,unsafe,mixed,LP64,0,0,timeout,,109,,899.6,,,,,,,,,,,,
intel-tdx-module/tdh_mng_init__invalid_state_op_state__cover_entry_havoc_object.yml,intel-tdx-module,tdh_mng_init__invalid_state_op_state__cover_entry_havoc_object.i,reach,unsafe,mixed,LP64,0,0,timeout,,109,,899.6,,,,,,,,,,,,
intel-tdx-module/tdh_mng_init__invalid_state_op_state__safety_requirement_havoc_object.yml,intel-tdx-module,tdh_mng_init__invalid_state_op_state__safety_requirement_havoc_object.i,reach,safe,mixed,LP64,0,0,timeout,,109,,899.6,,,,,,,,,,,,
intel-tdx-module/tdh_mng_init__invalid_state_op_state__cover_proof_havoc_object.yml,intel-tdx-module,tdh_mng_init__invalid_state_op_state__cover_proof_havoc_object.i,reach,unsafe,mixed,LP64,0,0,timeout,,109,,899.6,,,,,,,,,,,,
intel-tdx-module/tdh_mng_init__invalid_state_pamt_metadata__cover_entry_havoc_object.yml,intel-tdx-module,tdh_mng_init__invalid_state_pamt_metadata__cover_entry_havoc_object.i,reach,unsafe,mixed,LP64,0,0,timeout,,109,,899.6,,,,,,,,,,,,
intel-tdx-module/tdh_mng_init__invalid_state_pamt_metadata__cover_exit_havoc_object.yml,intel-tdx-module,tdh_mng_init__invalid_state_pamt_metadata__cover_exit_havoc_object.i,reach,unsafe,mixed,LP64,0,0,timeout,,109,,899.6,,,,,,,,,,,,
intel-tdx-module/tdh_mng_init__invalid_state_pamt_metadata__cover_proof_havoc_object.yml,intel-tdx-module,tdh_mng_init__invalid_state_pamt_metadata__cover_proof_havoc_object.i,reach,unsafe,mixed,LP64,0,0,timeout,,109,,899.6,,,,,,,,,,,,
intel-tdx-module/tdh_mng_init__invalid_state_td_state__cover_entry_havoc_object.yml,intel-tdx-module,tdh_mng_init__invalid_state_td_state__cover_entry_havoc_object.i,reach,unsafe,mixed,LP64,0,0,timeout,,109,,899.6,,,,,,,,,,,,
intel-tdx-module/tdh_mng_init__invalid_state_td_state__cover_exit_havoc_object.yml,intel-tdx-module,tdh_mng_init__invalid_state_td_state__cover_exit_havoc_object.i,reach,unsafe,mixed,LP64,0,0,timeout,,109,,899.6,,,,,,,,,,,,
intel-tdx-module/tdh_mng_init__invalid_state_td_state__cover_proof_havoc_object.yml,intel-tdx-module,tdh_mng_init__invalid_state_td_state__cover_proof_havoc_object.i,reach,unsafe,mixed,LP64,0,0,timeout,,109,,899.6,,,,,,,,,,,,
intel-tdx-module/tdh_mng_init__unconstrained__cover_exit_success_havoc_object.yml,intel-tdx-module,tdh_mng_init__unconstrained__cover_exit_success_havoc_object.i,reach,unsafe,mixed,LP64,0,0,timeout,,109,,899.6,,,,,,,,,,,,
intel-tdx-module/tdh_mng_init__unconstrained__cover_exit_unsuccess_havoc_object.yml,intel-tdx-module,tdh_mng_init__unconstrained__cover_exit_unsuccess_havoc_object.i,reach,unsafe,mixed,LP64,0,0,timeout,,109,,899.6,,,,,,,,,,,,
intel-tdx-module/tdh_mng_init__unexpected__cover_exit_havoc_object.yml,intel-tdx-module,tdh_mng_init__unexpected__cover_exit_havoc_object.i,reach,unsafe,mixed,LP64,0,0,timeout,,109,,899.6,,,,,,,,,,,,
intel-tdx-module/tdh_mng_init__unexpected__cover_entry_havoc_object.yml,intel-tdx-module,tdh_mng_init__unexpected__cover_entry_havoc_object.i,reach,unsafe,mixed,LP64,0,0,timeout,,109,,899.6,,,,,,,,,,,,
intel-tdx-module/tdh_mng_init__invalid_state_td_state__safety_requirement_havoc_object.yml,intel-tdx-module,tdh_mng_init__invalid_state_td_state__safety_requirement_havoc_object.i,reach,safe,mixed,LP64,0,0,timeout,,109,,899.7,,,,,,,,,,,,
intel-tdx-module/tdh_mng_init__unexpected__cover_proof_havoc_object.yml,intel-tdx-module,tdh_mng_init__unexpected__cover_proof_havoc_object.i,reach,unsafe,mixed,LP64,0,0,timeout,,109,,899.9,,,,,,,,,,,,
intel-tdx-module/tdh_mng_key_config__invalid_input_tdr_hkid__cover_exit_havoc_object.yml,intel-tdx-module,tdh_mng_key_config__invalid_input_tdr_hkid__cover_exit_havoc_object.i,reach,unsafe,mixed,LP64,0,0,timeout,,109,,899.8,,,,,,,,,,,,
intel-tdx-module/tdh_mng_key_config__invalid_input_tdr_hkid__cover_proof_havoc_object.yml,intel-tdx-module,tdh_mng_key_config__invalid_input_tdr_hkid__cover_proof_havoc_object.i,reach,unsafe,mixed,LP64,0,0,timeout,,109,,899.8,,,,,,,,,,,,
intel-tdx-module/tdh_mng_key_config__invalid_input_tdr_hkid__cover_entry_havoc_object.yml,intel-tdx-module,tdh_mng_key_config__invalid_input_tdr_hkid__cover_entry_havoc_object.i,reach,unsafe,mixed,LP64,0,0,timeout,,109,,899.9,,,,,,,,,,,,
intel-tdx-module/tdh_mng_key_config__invalid_state_td_state__cover_entry_havoc_object.yml,intel-tdx-module,tdh_mng_key_config__invalid_state_td_state__cover_entry_havoc_object.i,reach,unsafe,mixed,LP64,0,0,timeout,,109,,899.9,,,,,,,,,,,,
intel-tdx-module/tdh_mng_key_config__invalid_state_td_state__cover_proof_havoc_object.yml,intel-tdx-module,tdh_mng_key_config__invalid_state_td_state__cover_proof_havoc_object.i,reach,unsafe,mixed,LP64,0,0,timeout,,109,,899.8,,,,,,,,,,,,
intel-tdx-module/tdh_mng_key_config__invalid_state_td_state__cover_exit_havoc_object.yml,intel-tdx-module,tdh_mng_key_config__invalid_state_td_state__cover_exit_havoc_object.i,reach,unsafe,mixed,LP64,0,0,timeout,,109,,899.9,,,,,,,,,,,,
intel-tdx-module/tdh_mng_init__unexpected__safety_requirement_havoc_object.yml,intel-tdx-module,tdh_mng_init__unexpected__safety_requirement_havoc_object.i,reach,safe,mixed,LP64,0,0,timeout,,109,,900.0,,,,,,,,,,,,
intel-tdx-module/tdh_mng_key_config__invalid_state_tdr_lifecycle__cover_entry_havoc_object.yml,intel-tdx-module,tdh_mng_key_config__invalid_state_tdr_lifecycle__cover_entry_havoc_object.i,reach,unsafe,mixed,LP64,0,0,timeout,,109,,899.1,,,,,,,,,,,,
intel-tdx-module/tdh_mng_key_config__invalid_state_tdr_lifecycle__cover_exit_havoc_object.yml,intel-tdx-module,tdh_mng_key_config__invalid_state_tdr_lifecycle__cover_exit_havoc_object.i,reach,unsafe,mixed,LP64,0,0,timeout,,109,,899.1,,,,,,,,,,,,
intel-tdx-module/tdh_mng_key_config__invalid_state_tdr_lifecycle__cover_proof_havoc_object.yml,intel-tdx-module,tdh_mng_key_config__invalid_state_tdr_lifecycle__cover_proof_havoc_object.i,reach,unsafe,mixed,LP64,0,0,timeout,,109,,899.1,,,,,,,,,,,,
intel-tdx-module/tdh_mng_key_config__invalid_state_tdr_metadata__cover_entry_havoc_object.yml,intel-tdx-module,tdh_mng_key_config__invalid_state_tdr_metadata__cover_entry_havoc_object.i,reach,unsafe,mixed,LP64,0,0,timeout,,109,,899.1,,,,,,,,,,,,
intel-tdx-module/tdh_mng_key_config__unconstrained__cover_exit_success_havoc_object.yml,intel-tdx-module,tdh_mng_key_config__unconstrained__cover_exit_success_havoc_object.i,reach,unsafe,mixed,LP64,0,0,timeout,,109,,899.1,,,,,,,,,,,,
intel-tdx-module/tdh_mng_key_config__invalid_state_tdr_metadata__cover_proof_havoc_object.yml,intel-tdx-module,tdh_mng_key_config__invalid_state_tdr_metadata__cover_proof_havoc_object.i,reach,unsafe,mixed,LP64,0,0,timeout,,109,,899.1,,,,,,,,,,,,
intel-tdx-module/tdh_mng_key_config__unconstrained__cover_exit_unsuccess_havoc_object.yml,intel-tdx-module,tdh_mng_key_config__unconstrained__cover_exit_unsuccess_havoc_object.i,reach,unsafe,mixed,LP64,0,0,timeout,,109,,899.2,,,,,,,,,,,,
intel-tdx-module/tdh_mng_key_config__invalid_state_tdr_metadata__cover_exit_havoc_object.yml,intel-tdx-module,tdh_mng_key_config__invalid_state_tdr_metadata__cover_exit_havoc_object.i,reach,unsafe,mixed,LP64,0,0,timeout,,109,,899.2,,,,,,,,,,,,
intel-tdx-module/tdh_mng_key_config__unexpected__cover_entry_havoc_object.yml,intel-tdx-module,tdh_mng_key_config__unexpected__cover_entry_havoc_object.i,reach,unsafe,mixed,LP64,0,0,timeout,,109,,899.2,,,,,,,,,,,,
intel-tdx-module/tdh_mng_key_config__unexpected__cover_exit_havoc_object.yml,intel-tdx-module,tdh_mng_key_config__unexpected__cover_exit_havoc_object.i,reach,unsafe,mixed,LP64,0,0,timeout,,109,,899.1,,,,,,,,,,,,
intel-tdx-module/tdh_mng_key_config__unexpected__cover_proof_havoc_object.yml,intel-tdx-module,tdh_mng_key_config__unexpected__cover_proof_havoc_object.i,reach,unsafe,mixed,LP64,0,0,timeout,,109,,899.1,,,,,,,,,,,,
intel-tdx-module/tdh_mng_key_freeid__invalid_input_tdr_hkid__cover_entry_havoc_object.yml,intel-tdx-module,tdh_mng_key_freeid__invalid_input_tdr_hkid__cover_entry_havoc_object.i,reach,unsafe,mixed,LP64,0,0,timeout,,109,,899.1,,,,,,,,,,,,
intel-tdx-module/tdh_mng_key_freeid__invalid_input_tdr_hkid__cover_exit_havoc_object.yml,intel-tdx-module,tdh_mng_key_freeid__invalid_input_tdr_hkid__cover_exit_havoc_object.i,reach,unsafe,mixed,LP64,0,0,timeout,,109,,899.1,,,,,,,,,,,,
intel-tdx-module/tdh_mng_key_freeid__invalid_input_tdr_hkid__cover_proof_havoc_object.yml,intel-tdx-module,tdh_mng_key_freeid__invalid_input_tdr_hkid__cover_proof_havoc_object.i,reach,unsafe,mixed,LP64,0,0,timeout,,109,,899.1,,,,,,,,,,,,
intel-tdx-module/tdh_mng_key_config__unexpected__safety_requirement_havoc_object.yml,intel-tdx-module,tdh_mng_key_config__unexpected__safety_requirement_havoc_object.i,reach,safe,mixed,LP64,0,0,timeout,,109,,899.2,,,,,,,,,,,,
intel-tdx-module/tdh_mng_key_freeid__invalid_state_kot__cover_entry_havoc_object.yml,intel-tdx-module,tdh_mng_key_freeid__invalid_state_kot__cover_entry_havoc_object.i,reach,unsafe,mixed,LP64,0,0,timeout,,109,,899.1,,,,,,,,,,,,
intel-tdx-module/tdh_mng_key_freeid__invalid_state_kot__cover_exit_havoc_object.yml,intel-tdx-module,tdh_mng_key_freeid__invalid_state_kot__cover_exit_havoc_object.i,reach,unsafe,mixed,LP64,0,0,timeout,,109,,899.4,,,,,,,,,,,,
intel-tdx-module/tdh_mng_key_freeid__invalid_state_tdr_lifecycle__cover_entry_havoc_object.yml,intel-tdx-module,tdh_mng_key_freeid__invalid_state_tdr_lifecycle__cover_entry_havoc_object.i,reach,unsafe,mixed,LP64,0,0,timeout,,109,,899.3,,,,,,,,,,,,
intel-tdx-module/tdh_mng_key_freeid__invalid_state_kot__cover_proof_havoc_object.yml,intel-tdx-module,tdh_mng_key_freeid__invalid_state_kot__cover_proof_havoc_object.i,reach,unsafe,mixed,LP64,0,0,timeout,,109,,899.4,,,,,,,,,,,,
intel-tdx-module/tdh_mng_key_freeid__invalid_state_tdr_lifecycle__cover_exit_havoc_object.yml,intel-tdx-module,tdh_mng_key_freeid__invalid_state_tdr_lifecycle__cover_exit_havoc_object.i,reach,unsafe,mixed,LP64,0,0,timeout,,109,,899.4,,,,,,,,,,,,
intel-tdx-module/tdh_mng_key_freeid__invalid_state_tdr_metadata__cover_entry_havoc_object.yml,intel-tdx-module,tdh_mng_key_freeid__invalid_state_tdr_metadata__cover_entry_havoc_object.i,reach,unsafe,mixed,LP64,0,0,timeout,,109,,899.3,,,,,,,,,,,,
intel-tdx-module/tdh_mng_key_freeid__invalid_state_tdr_lifecycle__cover_proof_havoc_object.yml,intel-tdx-module,tdh_mng_key_freeid__invalid_state_tdr_lifecycle__cover_proof_havoc_object.i,reach,unsafe,mixed,LP64,0,0,timeout,,109,,899.4,,,,,,,,,,,,
intel-tdx-module/tdh_mng_key_freeid__invalid_state_tdr_metadata__cover_exit_havoc_object.yml,intel-tdx-module,tdh_mng_key_freeid__invalid_state_tdr_metadata__cover_exit_havoc_object.i,reach,unsafe,mixed,LP64,0,0,timeout,,109,,899.4,,,,,,,,,,,,
intel-tdx-module/tdh_mng_key_freeid__invalid_state_tdr_metadata__cover_proof_havoc_object.yml,intel-tdx-module,tdh_mng_key_freeid__invalid_state_tdr_metadata__cover_proof_havoc_object.i,reach,unsafe,mixed,LP64,0,0,timeout,,109,,899.4,,,,,,,,,,,,
intel-tdx-module/tdh_mng_key_freeid__unconstrained__cover_exit_unsuccess_havoc_object.yml,intel-tdx-module,tdh_mng_key_freeid__unconstrained__cover_exit_unsuccess_havoc_object.i,reach,unsafe,mixed,LP64,0,0,timeout,,109,,899.4,,,,,,,,,,,,
intel-tdx-module/tdh_mng_key_freeid__unexpected__cover_entry_havoc_object.yml,intel-tdx-module,tdh_mng_key_freeid__unexpected__cover_entry_havoc_object.i,reach,unsafe,mixed,LP64,0,0,timeout,,109,,899.4,,,,,,,,,,,,
intel-tdx-module/tdh_mng_key_freeid__unexpected__cover_exit_havoc_object.yml,intel-tdx-module,tdh_mng_key_freeid__unexpected__cover_exit_havoc_object.i,reach,unsafe,mixed,LP64,0,0,timeout,,109,,899.4,,,,,,,,,,,,
intel-tdx-module/tdh_mng_key_freeid__unexpected__cover_proof_havoc_object.yml,intel-tdx-module,tdh_mng_key_freeid__unexpected__cover_proof_havoc_object.i,reach,unsafe,mixed,LP64,0,0,timeout,,109,,899.4,,,,,,,,,,,,
intel-tdx-module/tdh_mng_key_freeid__unexpected__safety_requirement_havoc_object.yml,intel-tdx-module,tdh_mng_key_freeid__unexpected__safety_requirement_havoc_object.i,reach,safe,mixed,LP64,0,0,timeout,,109,,899.4,,,,,,,,,,,,
intel-tdx-module/tdh_mng_vpflushdone__expected__cover_entry_havoc_object.yml,intel-tdx-module,tdh_mng_vpflushdone__expected__cover_entry_havoc_object.i,reach,unsafe,mixed,LP64,0,0,timeout,,109,,899.4,,,,,,,,,,,,
intel-tdx-module/tdh_mng_vpflushdone__expected__cover_exit_havoc_object.yml,intel-tdx-module,tdh_mng_vpflushdone__expected__cover_exit_havoc_object.i,reach,unsafe,mixed,LP64,0,0,timeout,,109,,899.4,,,,,,,,,,,,
intel-tdx-module/tdh_mng_vpflushdone__expected__cover_proof_havoc_object.yml,intel-tdx-module,tdh_mng_vpflushdone__expected__cover_proof_havoc_object.i,reach,unsafe,mixed,LP64,0,0,timeout,,109,,899.4,,,,,,,,,,,,
intel-tdx-module/tdh_mng_vpflushdone__expected__safety_requirement_havoc_object.yml,intel-tdx-module,tdh_mng_vpflushdone__expected__safety_requirement_havoc_object.i,reach,safe,mixed,LP64,0,0,timeout,,109,,899.4,,,,,,,,,,,,
intel-tdx-module/tdh_mng_vpflushdone__invalid_input_tdr_hkid__cover_exit_havoc_object.yml,intel-tdx-module,tdh_mng_vpflushdone__invalid_input_tdr_hkid__cover_exit_havoc_object.i,reach,unsafe,mixed,LP64,0,0,timeout,,109,,899.4,,,,,,,,,,,,
intel-tdx-module/tdh_mng_vpflushdone__invalid_input_tdr_hkid__cover_entry_havoc_object.yml,intel-tdx-module,tdh_mng_vpflushdone__invalid_input_tdr_hkid__cover_entry_havoc_object.i,reach,unsafe,mixed,LP64,0,0,timeout,,109,,899.4,,,,,,,,,,,,
intel-tdx-module/tdh_mng_vpflushdone__invalid_state_op_state__cover_entry_havoc_object.yml,intel-tdx-module,tdh_mng_vpflushdone__invalid_state_op_state__cover_entry_havoc_object.i,reach,unsafe,mixed,LP64,0,0,timeout,,109,,899.4,,,,,,,,,,,,
intel-tdx-module/tdh_mng_vpflushdone__invalid_input_tdr_hkid__cover_proof_havoc_object.yml,intel-tdx-module,tdh_mng_vpflushdone__invalid_input_tdr_hkid__cover_proof_havoc_object.i,reach,unsafe,mixed,LP64,0,0,timeout,,109,,899.4,,,,,,,,,,,,
intel-tdx-module/tdh_mng_vpflushdone__invalid_state_op_state__cover_exit_havoc_object.yml,intel-tdx-module,tdh_mng_vpflushdone__invalid_state_op_state__cover_exit_havoc_object.i,reach,unsafe,mixed,LP64,0,0,timeout,,109,,899.4,,,,,,,,,,,,
intel-tdx-module/tdh_mng_vpflushdone__invalid_state_op_state__cover_proof_havoc_object.yml,intel-tdx-module,tdh_mng_vpflushdone__invalid_state_op_state__cover_proof_havoc_object.i,reach,unsafe,mixed,LP64,0,0,timeout,,109,,899.4,,,,,,,,,,,,
intel-tdx-module/tdh_mng_vpflushdone__invalid_state_tdr_lifecycle__cover_entry_havoc_object.yml,intel-tdx-module,tdh_mng_vpflushdone__invalid_state_tdr_lifecycle__cover_entry_havoc_object.i,reach,unsafe,mixed,LP64,0,0,timeout,,109,,899.4,,,,,,,,,,,,
intel-tdx-module/tdh_mng_vpflushdone__invalid_state_tdr_lifecycle__cover_exit_havoc_object.yml,intel-tdx-module,tdh_mng_vpflushdone__invalid_state_tdr_lifecycle__cover_exit_havoc_object.i,reach,unsafe,mixed,LP64,0,0,timeout,,109,,899.4,,,,,,,,,,,,
intel-tdx-module/tdh_mng_vpflushdone__invalid_state_tdr_lifecycle__cover_proof_havoc_object.yml,intel-tdx-module,tdh_mng_vpflushdone__invalid_state_tdr_lifecycle__cover_proof_havoc_object.i,reach,unsafe,mixed,LP64,0,0,timeout,,109,,899.3,,,,,,,,,,,,
intel-tdx-module/tdh_mng_vpflushdone__invalid_state_tdr_metadata__cover_exit_havoc_object.yml,intel-tdx-module,tdh_mng_vpflushdone__invalid_state_tdr_metadata__cover_exit_havoc_object.i,reach,unsafe,mixed,LP64,0,0,timeout,,109,,899.3,,,,,,,,,,,,
intel-tdx-module/tdh_mng_vpflushdone__invalid_state_tdr_metadata__cover_entry_havoc_object.yml,intel-tdx-module,tdh_mng_vpflushdone__invalid_state_tdr_metadata__cover_entry_havoc_object.i,reach,unsafe,mixed,LP64,0,0,timeout,,109,,899.4,,,,,,,,,,,,
intel-tdx-module/tdh_mng_vpflushdone__invalid_state_tdr_metadata__cover_proof_havoc_object.yml,intel-tdx-module,tdh_mng_vpflushdone__invalid_state_tdr_metadata__cover_proof_havoc_object.i,reach,unsafe,mixed,LP64,0,0,timeout,,109,,899.3,,,,,,,,,,,,
intel-tdx-module/tdh_mng_vpflushdone__unconstrained__cover_exit_unsuccess_havoc_object.yml,intel-tdx-module,tdh_mng_vpflushdone__unconstrained__cover_exit_unsuccess_havoc_object.i,reach,unsafe,mixed,LP64,0,0,timeout,,109,,899.3,,,,,,,,,,,,
intel-tdx-module/tdh_mng_vpflushdone__unexpected__cover_exit_havoc_object.yml,intel-tdx-module,tdh_mng_vpflushdone__unexpected__cover_exit_havoc_object.i,reach,unsafe,mixed,LP64,0,0,timeout,,109,,899.3,,,,,,,,,,,,
intel-tdx-module/tdh_mng_vpflushdone__unexpected__cover_entry_havoc_object.yml,intel-tdx-module,tdh_mng_vpflushdone__unexpected__cover_entry_havoc_object.i,reach,unsafe,mixed,LP64,0,0,timeout,,109,,899.4,,,,,,,,,,,,
intel-tdx-module/tdh_mng_vpflushdone__unexpected__cover_proof_havoc_object.yml,intel-tdx-module,tdh_mng_vpflushdone__unexpected__cover_proof_havoc_object.i,reach,unsafe,mixed,LP64,0,0,timeout,,109,,899.5,,,,,,,,,,,,
intel-tdx-module/tdh_mng_vpflushdone__unexpected__safety_requirement_havoc_object.yml,intel-tdx-module,tdh_mng_vpflushdone__unexpected__safety_requirement_havoc_object.i,reach,safe,mixed,LP64,0,0,timeout,,109,,899.5,,,,,,,,,,,,
intel-tdx-module/tdh_mr_finalize__expected__cover_exit_havoc_object.yml,intel-tdx-module,tdh_mr_finalize__expected__cover_exit_havoc_object.i,reach,unsafe,mixed,LP64,0,0,timeout,,109,,899.5,,,,,,,,,,,,
intel-tdx-module/tdh_mr_finalize__expected__cover_entry_havoc_object.yml,intel-tdx-module,tdh_mr_finalize__expected__cover_entry_havoc_object.i,reach,unsafe,mixed,LP64,0,0,timeout,,109,,899.5,,,,,,,,,,,,
intel-tdx-module/tdh_mr_finalize__expected__cover_proof_havoc_object.yml,intel-tdx-module,tdh_mr_finalize__expected__cover_proof_havoc_object.i,reach,unsafe,mixed,LP64,0,0,timeout,,109,,899.5,,,,,,,,,,,,
intel-tdx-module/tdh_mr_finalize__invalid_input_hkid__cover_entry_havoc_object.yml,intel-tdx-module,tdh_mr_finalize__invalid_input_hkid__cover_entry_havoc_object.i,reach,unsafe,mixed,LP64,0,0,timeout,,109,,899.5,,,,,,,,,,,,
intel-tdx-module/tdh_mr_finalize__expected__safety_requirement_havoc_object.yml,intel-tdx-module,tdh_mr_finalize__expected__safety_requirement_havoc_object.i,reach,safe,mixed,LP64,0,0,timeout,,109,,899.5,,,,,,,,,,,,
intel-tdx-module/tdh_mr_finalize__invalid_input_hkid__cover_exit_havoc_object.yml,intel-tdx-module,tdh_mr_finalize__invalid_input_hkid__cover_exit_havoc_object.i,reach,unsafe,mixed,LP64,0,0,timeout,,109,,899.5,,,,,,,,,,,,
intel-tdx-module/tdh_mr_finalize__invalid_input_hkid__cover_proof_havoc_object.yml,intel-tdx-module,tdh_mr_finalize__invalid_input_hkid__cover_proof_havoc_object.i,reach,unsafe,mixed,LP64,0,0,timeout,,109,,899.6,,,,,,,,,,,,
intel-tdx-module/tdh_mr_finalize__invalid_input_hkid__safety_requirement_havoc_object.yml,intel-tdx-module,tdh_mr_finalize__invalid_input_hkid__safety_requirement_havoc_object.i,reach,safe,mixed,LP64,0,0,timeout,,109,,899.5,,,,,,,,,,,,
intel-tdx-module/tdh_mr_finalize__invalid_state_lifecycle__cover_proof_havoc_object.yml,intel-tdx-module,tdh_mr_finalize__invalid_state_lifecycle__cover_proof_havoc_object.i,reach,unsafe,mixed,LP64,0,0,timeout,,109,,899.5,,,,,,,,,,,,
intel-tdx-module/tdh_mr_finalize__invalid_state_lifecycle__cover_exit_havoc_object.yml,intel-tdx-module,tdh_mr_finalize__invalid_state_lifecycle__cover_exit_havoc_object.i,reach,unsafe,mixed,LP64,0,0,timeout,,109,,899.6,,,,,,,,,,,,
intel-tdx-module/tdh_mr_finalize__invalid_state_lifecycle__cover_entry_havoc_object.yml,intel-tdx-module,tdh_mr_finalize__invalid_state_lifecycle__cover_entry_havoc_object.i,reach,unsafe,mixed,LP64,0,0,timeout,,109,,899.6,,,,,,,,,,,,
intel-tdx-module/tdh_mr_finalize__invalid_state_lifecycle__safety_requirement_havoc_object.yml,intel-tdx-module,tdh_mr_finalize__invalid_state_lifecycle__safety_requirement_havoc_object.i,reach,safe,mixed,LP64,0,0,timeout,,109,,899.5,,,,,,,,,,,,
intel-tdx-module/tdh_mr_finalize__invalid_state_op_state__cover_entry_havoc_object.yml,intel-tdx-module,tdh_mr_finalize__invalid_state_op_state__cover_entry_havoc_object.i,reach,unsafe,mixed,LP64,0,0,timeout,,109,,899.5,,,,,,,,,,,,
intel-tdx-module/tdh_mr_finalize__invalid_state_op_state__cover_exit_havoc_object.yml,intel-tdx-module,tdh_mr_finalize__invalid_state_op_state__cover_exit_havoc_object.i,reach,unsafe,mixed,LP64,0,0,timeout,,109,,899.6,,,,,,,,,,,,
intel-tdx-module/tdh_mr_finalize__invalid_state_op_state__cover_proof_havoc_object.yml,intel-tdx-module,tdh_mr_finalize__invalid_state_op_state__cover_proof_havoc_object.i,reach,unsafe,mixed,LP64,0,0,timeout,,109,,899.4,,,,,,,,,,,,
intel-tdx-module/tdh_mr_finalize__invalid_state_op_state__safety_requirement_havoc_object.yml,intel-tdx-module,tdh_mr_finalize__invalid_state_op_state__safety_requirement_havoc_object.i,reach,safe,mixed,LP64,0,0,timeout,,109,,899.5,,,,,,,,,,,,
intel-tdx-module/tdh_mr_finalize__invalid_state_td_state__cover_entry_havoc_object.yml,intel-tdx-module,tdh_mr_finalize__invalid_state_td_state__cover_entry_havoc_object.i,reach,unsafe,mixed,LP64,0,0,timeout,,109,,899.5,,,,,,,,,,,,
intel-tdx-module/tdh_mr_finalize__invalid_state_td_state__cover_proof_havoc_object.yml,intel-tdx-module,tdh_mr_finalize__invalid_state_td_state__cover_proof_havoc_object.i,reach,unsafe,mixed,LP64,0,0,timeout,,109,,899.4,,,,,,,,,,,,
intel-tdx-module/tdh_mr_finalize__invalid_state_td_state__cover_exit_havoc_object.yml,intel-tdx-module,tdh_mr_finalize__invalid_state_td_state__cover_exit_havoc_object.i,reach,unsafe,mixed,LP64,0,0,timeout,,109,,899.5,,,,,,,,,,,,
intel-tdx-module/tdh_mr_finalize__invalid_state_td_state__safety_requirement_havoc_object.yml,intel-tdx-module,tdh_mr_finalize__invalid_state_td_state__safety_requirement_havoc_object.i,reach,safe,mixed,LP64,0,0,timeout,,109,,899.4,,,,,,,,,,,,
intel-tdx-module/tdh_mr_finalize__invalid_state_tdr_metadata__cover_exit_havoc_object.yml,intel-tdx-module,tdh_mr_finalize__invalid_state_tdr_metadata__cover_exit_havoc_object.i,reach,unsafe,mixed,LP64,0,0,timeout,,109,,899.4,,,,,,,,,,,,
intel-tdx-module/tdh_mr_finalize__invalid_state_tdr_metadata__cover_entry_havoc_object.yml,intel-tdx-module,tdh_mr_finalize__invalid_state_tdr_metadata__cover_entry_havoc_object.i,reach,unsafe,mixed,LP64,0,0,timeout,,109,,899.5,,,,,,,,,,,,
intel-tdx-module/tdh_mr_finalize__invalid_state_tdr_metadata__cover_proof_havoc_object.yml,intel-tdx-module,tdh_mr_finalize__invalid_state_tdr_metadata__cover_proof_havoc_object.i,reach,unsafe,mixed,LP64,0,0,timeout,,109,,899.2,,,,,,,,,,,,
intel-tdx-module/tdh_phymem_page_reclaim__expected__cover_entry_havoc_object.yml,intel-tdx-module,tdh_phymem_page_reclaim__expected__cover_entry_havoc_object.i,reach,unsafe,mixed,LP64,0,0,timeout,,109,,899.1,,,,,,,,,,,,
intel-tdx-module/tdh_mr_finalize__unconstrained__cover_exit_unsuccess_havoc_object.yml,intel-tdx-module,tdh_mr_finalize__unconstrained__cover_exit_unsuccess_havoc_object.i,reach,unsafe,mixed,LP64,0,0,timeout,,109,,899.2,,,,,,,,,,,,
intel-tdx-module/tdh_mr_finalize__unconstrained__cover_exit_success_havoc_object.yml,intel-tdx-module,tdh_mr_finalize__unconstrained__cover_exit_success_havoc_object.i,reach,unsafe,mixed,LP64,0,0,timeout,,109,,899.3,,,,,,,,,,,,
intel-tdx-module/tdh_mr_finalize__unexpected__cover_entry_havoc_object.yml,intel-tdx-module,tdh_mr_finalize__unexpected__cover_entry_havoc_object.i,reach,unsafe,mixed,LP64,0,0,timeout,,109,,899.3,,,,,,,,,,,,
intel-tdx-module/tdh_mr_finalize__unexpected__cover_exit_havoc_object.yml,intel-tdx-module,tdh_mr_finalize__unexpected__cover_exit_havoc_object.i,reach,unsafe,mixed,LP64,0,0,timeout,,109,,899.3,,,,,,,,,,,,
intel-tdx-module/tdh_mr_finalize__unexpected__safety_requirement_havoc_object.yml,intel-tdx-module,tdh_mr_finalize__unexpected__safety_requirement_havoc_object.i,reach,safe,mixed,LP64,0,0,timeout,,109,,899.2,,,,,,,,,,,,
intel-tdx-module/tdh_mr_finalize__unexpected__cover_proof_havoc_object.yml,intel-tdx-module,tdh_mr_finalize__unexpected__cover_proof_havoc_object.i,reach,unsafe,mixed,LP64,0,0,timeout,,109,,899.3,,,,,,,,,,,,
intel-tdx-module/tdh_phymem_page_reclaim__expected__cover_exit_havoc_object.yml,intel-tdx-module,tdh_phymem_page_reclaim__expected__cover_exit_havoc_object.i,reach,unsafe,mixed,LP64,0,0,timeout,,109,,899.2,,,,,,,,,,,,
intel-tdx-module/tdh_phymem_page_reclaim__expected__cover_proof_havoc_object.yml,intel-tdx-module,tdh_phymem_page_reclaim__expected__cover_proof_havoc_object.i,reach,unsafe,mixed,LP64,0,0,timeout,,109,,899.2,,,,,,,,,,,,
intel-tdx-module/tdh_phymem_page_reclaim__expected__safety_requirement_havoc_object.yml,intel-tdx-module,tdh_phymem_page_reclaim__expected__safety_requirement_havoc_object.i,reach,safe,mixed,LP64,0,0,timeout,,109,,899.2,,,,,,,,,,,,
intel-tdx-module/tdh_phymem_page_reclaim__invalid_input_pa__cover_entry_havoc_object.yml,intel-tdx-module,tdh_phymem_page_reclaim__invalid_input_pa__cover_entry_havoc_object.i,reach,unsafe,mixed,LP64,0,0,timeout,,109,,899.2,,,,,,,,,,,,
intel-tdx-module/tdh_phymem_page_reclaim__invalid_input_pa__cover_exit_havoc_object.yml,intel-tdx-module,tdh_phymem_page_reclaim__invalid_input_pa__cover_exit_havoc_object.i,reach,unsafe,mixed,LP64,0,0,timeout,,109,,899.1,,,,,,,,,,,,
intel-tdx-module/tdh_phymem_page_reclaim__invalid_input_pa__cover_proof_havoc_object.yml,intel-tdx-module,tdh_phymem_page_reclaim__invalid_input_pa__cover_proof_havoc_object.i,reach,unsafe,mixed,LP64,0,0,timeout,,109,,899.2,,,,,,,,,,,,
intel-tdx-module/tdh_phymem_page_reclaim__invalid_state_child_count__cover_entry_havoc_object.yml,intel-tdx-module,tdh_phymem_page_reclaim__invalid_state_child_count__cover_entry_havoc_object.i,reach,unsafe,mixed,LP64,0,0,timeout,,109,,899.1,,,,,,,,,,,,
intel-tdx-module/tdh_phymem_page_reclaim__invalid_input_pa__safety_requirement_havoc_object.yml,intel-tdx-module,tdh_phymem_page_reclaim__invalid_input_pa__safety_requirement_havoc_object.i,reach,safe,mixed,LP64,0,0,timeout,,109,,899.2,,,,,,,,,,,,
intel-tdx-module/tdh_phymem_page_reclaim__invalid_state_child_count__cover_exit_havoc_object.yml,intel-tdx-module,tdh_phymem_page_reclaim__invalid_state_child_count__cover_exit_havoc_object.i,reach,unsafe,mixed,LP64,0,0,timeout,,109,,899.1,,,,,,,,,,,,
intel-tdx-module/tdh_phymem_page_reclaim__invalid_state_child_count__cover_proof_havoc_object.yml,intel-tdx-module,tdh_phymem_page_reclaim__invalid_state_child_count__cover_proof_havoc_object.i,reach,unsafe,mixed,LP64,0,0,timeout,,109,,899.1,,,,,,,,,,,,
intel-tdx-module/tdh_phymem_page_reclaim__invalid_state_child_count__safety_requirement_havoc_object.yml,intel-tdx-module,tdh_phymem_page_reclaim__invalid_state_child_count__safety_requirement_havoc_object.i,reach,safe,mixed,LP64,0,0,timeout,,109,,899.1,,,,,,,,,,,,
intel-tdx-module/tdh_phymem_page_reclaim__invalid_state_lifecycle__cover_entry_havoc_object.yml,intel-tdx-module,tdh_phymem_page_reclaim__invalid_state_lifecycle__cover_entry_havoc_object.i,reach,unsafe,mixed,LP64,0,0,timeout,,109,,899.1,,,,,,,,,,,,
intel-tdx-module/tdh_phymem_page_reclaim__invalid_state_lifecycle__cover_exit_havoc_object.yml,intel-tdx-module,tdh_phymem_page_reclaim__invalid_state_lifecycle__cover_exit_havoc_object.i,reach,unsafe,mixed,LP64,0,0,timeout,,109,,899.1,,,,,,,,,,,,
intel-tdx-module/tdh_phymem_page_reclaim__invalid_state_lifecycle__cover_proof_havoc_object.yml,intel-tdx-module,tdh_phymem_page_reclaim__invalid_state_lifecycle__cover_proof_havoc_object.i,reach,unsafe,mixed,LP64,0,0,timeout,,109,,899.1,,,,,,,,,,,,
intel-tdx-module/tdh_phymem_page_reclaim__invalid_state_lifecycle__safety_requirement_havoc_object.yml,intel-tdx-module,tdh_phymem_page_reclaim__invalid_state_lifecycle__safety_requirement_havoc_object.i,reach,safe,mixed,LP64,0,0,timeout,,109,,899.1,,,,,,,,,,,,
intel-tdx-module/tdh_phymem_page_reclaim__invalid_state_pamt_metadata__cover_entry_havoc_object.yml,intel-tdx-module,tdh_phymem_page_reclaim__invalid_state_pamt_metadata__cover_entry_havoc_object.i,reach,unsafe,mixed,LP64,0,0,timeout,,109,,899.1,,,,,,,,,,,,
intel-tdx-module/tdh_phymem_page_reclaim__invalid_state_pamt_metadata__cover_exit_havoc_object.yml,intel-tdx-module,tdh_phymem_page_reclaim__invalid_state_pamt_metadata__cover_exit_havoc_object.i,reach,unsafe,mixed,LP64,0,0,timeout,,109,,899.2,,,,,,,,,,,,
intel-tdx-module/tdh_phymem_page_reclaim__invalid_state_pamt_metadata__cover_proof_havoc_object.yml,intel-tdx-module,tdh_phymem_page_reclaim__invalid_state_pamt_metadata__cover_proof_havoc_object.i,reach,unsafe,mixed,LP64,0,0,timeout,,109,,899.1,,,,,,,,,,,,
intel-tdx-module/tdh_phymem_page_reclaim__unconstrained__cover_exit_success_havoc_object.yml,intel-tdx-module,tdh_phymem_page_reclaim__unconstrained__cover_exit_success_havoc_object.i,reach,unsafe,mixed,LP64,0,0,timeout,,109,,899.2,,,,,,,,,,,,
intel-tdx-module/tdh_phymem_page_reclaim__unexpected__cover_entry_havoc_object.yml,intel-tdx-module,tdh_phymem_page_reclaim__unexpected__cover_entry_havoc_object.i,reach,unsafe,mixed,LP64,0,0,timeout,,109,,899.1,,,,,,,,,,,,
intel-tdx-module/tdh_phymem_page_reclaim__unconstrained__cover_exit_unsuccess_havoc_object.yml,intel-tdx-module,tdh_phymem_page_reclaim__unconstrained__cover_exit_unsuccess_havoc_object.i,reach,unsafe,mixed,LP64,0,0,timeout,,109,,899.2,,,,,,,,,,,,
intel-tdx-module/tdh_phymem_page_reclaim__unexpected__cover_exit_havoc_object.yml,intel-tdx-module,tdh_phymem_page_reclaim__unexpected__cover_exit_havoc_object.i,reach,unsafe,mixed,LP64,0,0,timeout,,109,,899.2,,,,,,,,,,,,
intel-tdx-module/tdh_phymem_page_reclaim__unexpected__cover_proof_havoc_object.yml,intel-tdx-module,tdh_phymem_page_reclaim__unexpected__cover_proof_havoc_object.i,reach,unsafe,mixed,LP64,0,0,timeout,,109,,899.2,,,,,,,,,,,,
intel-tdx-module/tdh_phymem_page_reclaim__unexpected__safety_requirement_havoc_object.yml,intel-tdx-module,tdh_phymem_page_reclaim__unexpected__safety_requirement_havoc_object.i,reach,safe,mixed,LP64,0,0,timeout,,109,,899.2,,,,,,,,,,,,
intel-tdx-module/tdh_sys_config__expected__cover_entry_havoc_object.yml,intel-tdx-module,tdh_sys_config__expected__cover_entry_havoc_object.i,reach,unsafe,mixed,LP64,0,0,timeout,,109,,899.1,,,,,,,,,,,,
intel-tdx-module/tdh_sys_config__expected__cover_exit_havoc_object.yml,intel-tdx-module,tdh_sys_config__expected__cover_exit_havoc_object.i,reach,unsafe,mixed,LP64,0,0,timeout,,109,,899.1,,,,,,,,,,,,
intel-tdx-module/tdh_sys_config__expected__cover_proof_havoc_object.yml,intel-tdx-module,tdh_sys_config__expected__cover_proof_havoc_object.i,reach,unsafe,mixed,LP64,0,0,timeout,,109,,899.1,,,,,,,,,,,,
intel-tdx-module/tdh_sys_config__expected__safety_requirement_havoc_object.yml,intel-tdx-module,tdh_sys_config__expected__safety_requirement_havoc_object.i,reach,safe,mixed,LP64,0,0,timeout,,109,,899.1,,,,,,,,,,,,
intel-tdx-module/tdh_sys_config__invalid_input_hkid__cover_entry_havoc_object.yml,intel-tdx-module,tdh_sys_config__invalid_input_hkid__cover_entry_havoc_object.i,reach,unsafe,mixed,LP64,0,0,timeout,,109,,899.1,,,,,,,,,,,,
intel-tdx-module/tdh_sys_config__invalid_input_hkid__cover_proof_havoc_object.yml,intel-tdx-module,tdh_sys_config__invalid_input_hkid__cover_proof_havoc_object.i,reach,unsafe,mixed,LP64,0,0,timeout,,109,,899.1,,,,,,,,,,,,
intel-tdx-module/tdh_sys_config__invalid_input_hkid__cover_exit_havoc_object.yml,intel-tdx-module,tdh_sys_config__invalid_input_hkid__cover_exit_havoc_object.i,reach,unsafe,mixed,LP64,0,0,timeout,,109,,899.1,,,,,,,,,,,,
intel-tdx-module/tdh_sys_config__invalid_input_hkid__safety_requirement_havoc_object.yml,intel-tdx-module,tdh_sys_config__invalid_input_hkid__safety_requirement_havoc_object.i,reach,safe,mixed,LP64,0,0,timeout,,109,,899.1,,,,,,,,,,,,
intel-tdx-module/tdh_sys_config__invalid_input_num_ptr__cover_entry_havoc_object.yml,intel-tdx-module,tdh_sys_config__invalid_input_num_ptr__cover_entry_havoc_object.i,reach,unsafe,mixed,LP64,0,0,timeout,,109,,899.1,,,,,,,,,,,,
intel-tdx-module/tdh_sys_config__invalid_input_num_ptr__cover_exit_havoc_object.yml,intel-tdx-module,tdh_sys_config__invalid_input_num_ptr__cover_exit_havoc_object.i,reach,unsafe,mixed,LP64,0,0,timeout,,109,,899.1,,,,,,,,,,,,
intel-tdx-module/tdh_sys_config__invalid_input_num_ptr__cover_proof_havoc_object.yml,intel-tdx-module,tdh_sys_config__invalid_input_num_ptr__cover_proof_havoc_object.i,reach,unsafe,mixed,LP64,0,0,timeout,,109,,899.1,,,,,,,,,,,,
intel-tdx-module/tdh_sys_config__invalid_input_num_ptr__safety_requirement_havoc_object.yml,intel-tdx-module,tdh_sys_config__invalid_input_num_ptr__safety_requirement_havoc_object.i,reach,safe,mixed,LP64,0,0,timeout,,109,,899.2,,,,,,,,,,,,
intel-tdx-module/tdh_sys_config__invalid_state_lp_state__cover_entry_havoc_object.yml,intel-tdx-module,tdh_sys_config__invalid_state_lp_state__cover_entry_havoc_object.i,reach,unsafe,mixed,LP64,0,0,timeout,,109,,899.1,,,,,,,,,,,,
intel-tdx-module/tdh_sys_config__invalid_state_lp_state__cover_exit_havoc_object.yml,intel-tdx-module,tdh_sys_config__invalid_state_lp_state__cover_exit_havoc_object.i,reach,unsafe,mixed,LP64,0,0,timeout,,109,,899.1,,,,,,,,,,,,
intel-tdx-module/tdh_sys_config__invalid_state_lp_state__safety_requirement_havoc_object.yml,intel-tdx-module,tdh_sys_config__invalid_state_lp_state__safety_requirement_havoc_object.i,reach,safe,mixed,LP64,0,0,timeout,,109,,899.1,,,,,,,,,,,,
intel-tdx-module/tdh_sys_config__invalid_state_lp_state__cover_proof_havoc_object.yml,intel-tdx-module,tdh_sys_config__invalid_state_lp_state__cover_proof_havoc_object.i,reach,unsafe,mixed,LP64,0,0,timeout,,109,,899.1,,,,,,,,,,,,
intel-tdx-module/tdh_sys_config__invalid_state_sys_state__cover_entry_havoc_object.yml,intel-tdx-module,tdh_sys_config__invalid_state_sys_state__cover_entry_havoc_object.i,reach,unsafe,mixed,LP64,0,0,timeout,,109,,899.2,,,,,,,,,,,,
intel-tdx-module/tdh_sys_config__invalid_state_sys_state__cover_proof_havoc_object.yml,intel-tdx-module,tdh_sys_config__invalid_state_sys_state__cover_proof_havoc_object.i,reach,unsafe,mixed,LP64,0,0,timeout,,109,,899.2,,,,,,,,,,,,
intel-tdx-module/tdh_sys_config__invalid_state_sys_state__cover_exit_havoc_object.yml,intel-tdx-module,tdh_sys_config__invalid_state_sys_state__cover_exit_havoc_object.i,reach,unsafe,mixed,LP64,0,0,timeout,,109,,899.2,,,,,,,,,,,,
intel-tdx-module/tdh_sys_config__invalid_state_tdmr_info__cover_entry_havoc_object.yml,intel-tdx-module,tdh_sys_config__invalid_state_tdmr_info__cover_entry_havoc_object.i,reach,unsafe,mixed,LP64,0,0,timeout,,109,,899.2,,,,,,,,,,,,
intel-tdx-module/tdh_sys_config__invalid_state_sys_state__safety_requirement_havoc_object.yml,intel-tdx-module,tdh_sys_config__invalid_state_sys_state__safety_requirement_havoc_object.i,reach,safe,mixed,LP64,0,0,timeout,,109,,899.2,,,,,,,,,,,,
intel-tdx-module/tdh_sys_config__invalid_state_tdmr_info__cover_exit_havoc_object.yml,intel-tdx-module,tdh_sys_config__invalid_state_tdmr_info__cover_exit_havoc_object.i,reach,unsafe,mixed,LP64,0,0,timeout,,109,,899.2,,,,,,,,,,,,
intel-tdx-module/tdh_sys_config__invalid_state_tdmr_info__cover_proof_havoc_object.yml,intel-tdx-module,tdh_sys_config__invalid_state_tdmr_info__cover_proof_havoc_object.i,reach,unsafe,mixed,LP64,0,0,timeout,,109,,899.2,,,,,,,,,,,,
intel-tdx-module/tdh_sys_config__invalid_state_tdmr_info__safety_requirement_havoc_object.yml,intel-tdx-module,tdh_sys_config__invalid_state_tdmr_info__safety_requirement_havoc_object.i,reach,safe,mixed,LP64,0,0,timeout,,109,,899.2,,,,,,,,,,,,
intel-tdx-module/tdh_sys_config__unconstrained__cover_exit_unsuccess_havoc_object.yml,intel-tdx-module,tdh_sys_config__unconstrained__cover_exit_unsuccess_havoc_object.i,reach,unsafe,mixed,LP64,0,0,timeout,,109,,899.2,,,,,,,,,,,,
intel-tdx-module/tdh_sys_config__unexpected__cover_entry_havoc_object.yml,intel-tdx-module,tdh_sys_config__unexpected__cover_entry_havoc_object.i,reach,unsafe,mixed,LP64,0,0,timeout,,109,,899.2,,,,,,,,,,,,
intel-tdx-module/tdh_sys_config__unexpected__cover_exit_havoc_object.yml,intel-tdx-module,tdh_sys_config__unexpected__cover_exit_havoc_object.i,reach,unsafe,mixed,LP64,0,0,timeout,,109,,899.2,,,,,,,,,,,,
intel-tdx-module/tdh_sys_config__unexpected__safety_requirement_havoc_object.yml,intel-tdx-module,tdh_sys_config__unexpected__safety_requirement_havoc_object.i,reach,safe,mixed,LP64,0,0,timeout,,109,,899.2,,,,,,,,,,,,
intel-tdx-module/tdh_sys_init__expected__cover_entry_havoc_object.yml,intel-tdx-module,tdh_sys_init__expected__cover_entry_havoc_object.i,reach,unsafe,mixed,LP64,0,0,timeout,,109,,899.2,,,,,,,,,,,,
intel-tdx-module/tdh_sys_config__unexpected__cover_proof_havoc_object.yml,intel-tdx-module,tdh_sys_config__unexpected__cover_proof_havoc_object.i,reach,unsafe,mixed,LP64,0,0,timeout,,110,,899.2,,,,,,,,,,,,
intel-tdx-module/tdh_sys_init__expected__cover_exit_havoc_object.yml,intel-tdx-module,tdh_sys_init__expected__cover_exit_havoc_object.i,reach,unsafe,mixed,LP64,0,0,timeout,,109,,899.2,,,,,,,,,,,,
intel-tdx-module/tdh_sys_init__expected__cover_proof_havoc_object.yml,intel-tdx-module,tdh_sys_init__expected__cover_proof_havoc_object.i,reach,unsafe,mixed,LP64,0,0,timeout,,109,,899.2,,,,,,,,,,,,
intel-tdx-module/tdh_sys_init__expected__safety_requirement_havoc_object.yml,intel-tdx-module,tdh_sys_init__expected__safety_requirement_havoc_object.i,reach,safe,mixed,LP64,0,0,timeout,,109,,899.1,,,,,,,,,,,,
intel-tdx-module/tdh_sys_init__invalid_input_rcx__cover_entry_havoc_object.yml,intel-tdx-module,tdh_sys_init__invalid_input_rcx__cover_entry_havoc_object.i,reach,unsafe,mixed,LP64,0,0,timeout,,109,,899.0,,,,,,,,,,,,
intel-tdx-module/tdh_sys_init__invalid_input_rcx__cover_exit_havoc_object.yml,intel-tdx-module,tdh_sys_init__invalid_input_rcx__cover_exit_havoc_object.i,reach,unsafe,mixed,LP64,0,0,timeout,,109,,899.1,,,,,,,,,,,,
intel-tdx-module/tdh_sys_init__invalid_input_rcx__cover_proof_havoc_object.yml,intel-tdx-module,tdh_sys_init__invalid_input_rcx__cover_proof_havoc_object.i,reach,unsafe,mixed,LP64,0,0,timeout,,109,,899.1,,,,,,,,,,,,
intel-tdx-module/tdh_sys_init__invalid_input_rcx__safety_requirement_havoc_object.yml,intel-tdx-module,tdh_sys_init__invalid_input_rcx__safety_requirement_havoc_object.i,reach,safe,mixed,LP64,0,0,timeout,,109,,899.1,,,,,,,,,,,,
intel-tdx-module/tdh_sys_init__invalid_state_sys_state__cover_proof_havoc_object.yml,intel-tdx-module,tdh_sys_init__invalid_state_sys_state__cover_proof_havoc_object.i,reach,unsafe,mixed,LP64,0,0,timeout,,109,,899.1,,,,,,,,,,,,
intel-tdx-module/tdh_sys_init__invalid_state_sys_state__cover_entry_havoc_object.yml,intel-tdx-module,tdh_sys_init__invalid_state_sys_state__cover_entry_havoc_object.i,reach,unsafe,mixed,LP64,0,0,timeout,,109,,899.1,,,,,,,,,,,,
intel-tdx-module/tdh_sys_init__invalid_state_sys_state__cover_exit_havoc_object.yml,intel-tdx-module,tdh_sys_init__invalid_state_sys_state__cover_exit_havoc_object.i,reach,unsafe,mixed,LP64,0,0,timeout,,109,,900.0,,,,,,,,,,,,
intel-tdx-module/tdh_sys_init__invalid_state_sys_state__safety_requirement_havoc_object.yml,intel-tdx-module,tdh_sys_init__invalid_state_sys_state__safety_requirement_havoc_object.i,reach,safe,mixed,LP64,0,0,timeout,,109,,899.1,,,,,,,,,,,,
intel-tdx-module/tdh_sys_init__unconstrained__cover_exit_unsuccess_havoc_object.yml,intel-tdx-module,tdh_sys_init__unconstrained__cover_exit_unsuccess_havoc_object.i,reach,unsafe,mixed,LP64,0,0,timeout,,109,,899.2,,,,,,,,,,,,
intel-tdx-module/tdh_sys_init__unexpected__cover_entry_havoc_object.yml,intel-tdx-module,tdh_sys_init__unexpected__cover_entry_havoc_object.i,reach,unsafe,mixed,LP64,0,0,timeout,,109,,899.1,,,,,,,,,,,,
intel-tdx-module/tdh_sys_init__unexpected__cover_exit_havoc_object.yml,intel-tdx-module,tdh_sys_init__unexpected__cover_exit_havoc_object.i,reach,unsafe,mixed,LP64,0,0,timeout,,109,,899.2,,,,,,,,,,,,
intel-tdx-module/tdh_sys_init__unexpected__cover_proof_havoc_object.yml,intel-tdx-module,tdh_sys_init__unexpected__cover_proof_havoc_object.i,reach,unsafe,mixed,LP64,0,0,timeout,,109,,899.1,,,,,,,,,,,,
intel-tdx-module/tdh_sys_init__unexpected__safety_requirement_havoc_object.yml,intel-tdx-module,tdh_sys_init__unexpected__safety_requirement_havoc_object.i,reach,safe,mixed,LP64,0,0,timeout,,109,,899.1,,,,,,,,,,,,
intel-tdx-module/tdh_sys_key_config__expected__cover_exit_havoc_object.yml,intel-tdx-module,tdh_sys_key_config__expected__cover_exit_havoc_object.i,reach,unsafe,mixed,LP64,0,0,timeout,,109,,899.2,,,,,,,,,,,,
intel-tdx-module/tdh_sys_key_config__expected__cover_entry_havoc_object.yml,intel-tdx-module,tdh_sys_key_config__expected__cover_entry_havoc_object.i,reach,unsafe,mixed,LP64,0,0,timeout,,110,,900.2,,,,,,,,,,,,
intel-tdx-module/tdh_sys_key_config__expected__cover_proof_havoc_object.yml,intel-tdx-module,tdh_sys_key_config__expected__cover_proof_havoc_object.i,reach,unsafe,mixed,LP64,0,0,timeout,,109,,899.2,,,,,,,,,,,,
intel-tdx-module/tdh_sys_key_config__expected__safety_requirement_havoc_object.yml,intel-tdx-module,tdh_sys_key_config__expected__safety_requirement_havoc_object.i,reach,safe,mixed,LP64,0,0,timeout,,109,,899.2,,,,,,,,,,,,
intel-tdx-module/tdh_sys_key_config__invalid_state_sys_state__cover_entry_havoc_object.yml,intel-tdx-module,tdh_sys_key_config__invalid_state_sys_state__cover_entry_havoc_object.i,reach,unsafe,mixed,LP64,0,0,timeout,,109,,899.2,,,,,,,,,,,,
intel-tdx-module/tdh_sys_key_config__invalid_state_sys_state__cover_exit_havoc_object.yml,intel-tdx-module,tdh_sys_key_config__invalid_state_sys_state__cover_exit_havoc_object.i,reach,unsafe,mixed,LP64,0,0,timeout,,109,,899.2,,,,,,,,,,,,
intel-tdx-module/tdh_sys_key_config__invalid_state_sys_state__cover_proof_havoc_object.yml,intel-tdx-module,tdh_sys_key_config__invalid_state_sys_state__cover_proof_havoc_object.i,reach,unsafe,mixed,LP64,0,0,timeout,,109,,899.2,,,,,,,,,,,,
intel-tdx-module/tdh_sys_key_config__invalid_state_sys_state__safety_requirement_havoc_object.yml,intel-tdx-module,tdh_sys_key_config__invalid_state_sys_state__safety_requirement_havoc_object.i,reach,safe,mixed,LP64,0,0,timeout,,109,,899.2,,,,,,,,,,,,
intel-tdx-module/tdh_sys_key_config__unconstrained__cover_exit_unsuccess_havoc_object.yml,intel-tdx-module,tdh_sys_key_config__unconstrained__cover_exit_unsuccess_havoc_object.i,reach,unsafe,mixed,LP64,0,0,timeout,,109,,899.2,,,,,,,,,,,,
intel-tdx-module/tdh_sys_key_config__unexpected__cover_entry_havoc_object.yml,intel-tdx-module,tdh_sys_key_config__unexpected__cover_entry_havoc_object.i,reach,unsafe,mixed,LP64,0,0,timeout,,109,,899.2,,,,,,,,,,,,
intel-tdx-module/tdh_sys_key_config__unexpected__cover_exit_havoc_object.yml,intel-tdx-module,tdh_sys_key_config__unexpected__cover_exit_havoc_object.i,reach,unsafe,mixed,LP64,0,0,timeout,,109,,899.2,,,,,,,,,,,,
intel-tdx-module/tdh_sys_key_config__unexpected__safety_requirement_havoc_object.yml,intel-tdx-module,tdh_sys_key_config__unexpected__safety_requirement_havoc_object.i,reach,safe,mixed,LP64,0,0,timeout,,109,,899.1,,,,,,,,,,,,
intel-tdx-module/tdh_sys_key_config__unexpected__cover_proof_havoc_object.yml,intel-tdx-module,tdh_sys_key_config__unexpected__cover_proof_havoc_object.i,reach,unsafe,mixed,LP64,0,0,timeout,,109,,899.2,,,,,,,,,,,,
intel-tdx-module/tdh_sys_shutdown__expected__cover_entry_havoc_object.yml,intel-tdx-module,tdh_sys_shutdown__expected__cover_entry_havoc_object.i,reach,unsafe,mixed,LP64,0,0,timeout,,109,,899.2,,,,,,,,,,,,
intel-tdx-module/tdh_sys_shutdown__expected__cover_proof_havoc_object.yml,intel-tdx-module,tdh_sys_shutdown__expected__cover_proof_havoc_object.i,reach,unsafe,mixed,LP64,0,0,timeout,,109,,899.2,,,,,,,,,,,,
intel-tdx-module/tdh_sys_shutdown__expected__cover_exit_havoc_object.yml,intel-tdx-module,tdh_sys_shutdown__expected__cover_exit_havoc_object.i,reach,unsafe,mixed,LP64,0,0,timeout,,109,,899.2,,,,,,,,,,,,
intel-tdx-module/tdh_sys_shutdown__expected__safety_requirement_havoc_object.yml,intel-tdx-module,tdh_sys_shutdown__expected__safety_requirement_havoc_object.i,reach,safe,mixed,LP64,0,0,timeout,,109,,899.2,,,,,,,,,,,,
intel-tdx-module/tdh_sys_shutdown__invalid_input_handoff_no_downgrade__cover_entry_havoc_object.yml,intel-tdx-module,tdh_sys_shutdown__invalid_input_handoff_no_downgrade__cover_entry_havoc_object.i,reach,unsafe,mixed,LP64,0,0,timeout,,109,,899.2,,,,,,,,,,,,
intel-tdx-module/tdh_sys_shutdown__invalid_input_handoff_no_downgrade__cover_exit_havoc_object.yml,intel-tdx-module,tdh_sys_shutdown__invalid_input_handoff_no_downgrade__cover_exit_havoc_object.i,reach,unsafe,mixed,LP64,0,0,timeout,,109,,899.1,,,,,,,,,,,,
intel-tdx-module/tdh_sys_shutdown__invalid_input_handoff_no_downgrade__cover_proof_havoc_object.yml,intel-tdx-module,tdh_sys_shutdown__invalid_input_handoff_no_downgrade__cover_proof_havoc_object.i,reach,unsafe,mixed,LP64,0,0,timeout,,109,,899.1,,,,,,,,,,,,
intel-tdx-module/tdh_sys_shutdown__invalid_input_handoff_no_downgrade__safety_requirement_havoc_object.yml,intel-tdx-module,tdh_sys_shutdown__invalid_input_handoff_no_downgrade__safety_requirement_havoc_object.i,reach,safe,mixed,LP64,0,0,timeout,,109,,899.1,,,,,,,,,,,,
intel-tdx-module/tdh_sys_shutdown__invalid_input_handoff_range__cover_entry_havoc_object.yml,intel-tdx-module,tdh_sys_shutdown__invalid_input_handoff_range__cover_entry_havoc_object.i,reach,unsafe,mixed,LP64,0,0,timeout,,109,,899.1,,,,,,,,,,,,
intel-tdx-module/tdh_sys_shutdown__invalid_input_handoff_range__cover_exit_havoc_object.yml,intel-tdx-module,tdh_sys_shutdown__invalid_input_handoff_range__cover_exit_havoc_object.i,reach,unsafe,mixed,LP64,0,0,timeout,,109,,899.1,,,,,,,,,,,,
intel-tdx-module/tdh_sys_shutdown__invalid_input_handoff_range__cover_proof_havoc_object.yml,intel-tdx-module,tdh_sys_shutdown__invalid_input_handoff_range__cover_proof_havoc_object.i,reach,unsafe,mixed,LP64,0,0,timeout,,109,,899.1,,,,,,,,,,,,
intel-tdx-module/tdh_sys_shutdown__invalid_input_handoff_range__safety_requirement_havoc_object.yml,intel-tdx-module,tdh_sys_shutdown__invalid_input_handoff_range__safety_requirement_havoc_object.i,reach,safe,mixed,LP64,0,0,timeout,,109,,899.1,,,,,,,,,,,,
intel-tdx-module/tdh_sys_shutdown__unconstrained__cover_exit_unsuccess_havoc_object.yml,intel-tdx-module,tdh_sys_shutdown__unconstrained__cover_exit_unsuccess_havoc_object.i,reach,unsafe,mixed,LP64,0,0,timeout,,109,,899.1,,,,,,,,,,,,
intel-tdx-module/tdh_sys_shutdown__unexpected__cover_entry_havoc_object.yml,intel-tdx-module,tdh_sys_shutdown__unexpected__cover_entry_havoc_object.i,reach,unsafe,mixed,LP64,0,0,timeout,,109,,899.1,,,,,,,,,,,,
intel-tdx-module/tdh_sys_shutdown__unexpected__cover_exit_havoc_object.yml,intel-tdx-module,tdh_sys_shutdown__unexpected__cover_exit_havoc_object.i,reach,unsafe,mixed,LP64,0,0,timeout,,109,,899.1,,,,,,,,,,,,
intel-tdx-module/tdh_sys_shutdown__unexpected__cover_proof_havoc_object.yml,intel-tdx-module,tdh_sys_shutdown__unexpected__cover_proof_havoc_object.i,reach,unsafe,mixed,LP64,0,0,timeout,,109,,899.1,,,,,,,,,,,,
intel-tdx-module/tdh_sys_shutdown__unexpected__safety_requirement_havoc_object.yml,intel-tdx-module,tdh_sys_shutdown__unexpected__safety_requirement_havoc_object.i,reach,safe,mixed,LP64,0,0,timeout,,109,,899.1,,,,,,,,,,,,
intel-tdx-module/tdh_sys_update__expected__cover_entry_havoc_object.yml,intel-tdx-module,tdh_sys_update__expected__cover_entry_havoc_object.i,reach,unsafe,mixed,LP64,0,0,timeout,,109,,899.1,,,,,,,,,,,,
intel-tdx-module/tdh_sys_update__expected__cover_exit_havoc_object.yml,intel-tdx-module,tdh_sys_update__expected__cover_exit_havoc_object.i,reach,unsafe,mixed,LP64,0,0,timeout,,109,,899.1,,,,,,,,,,,,
intel-tdx-module/tdh_sys_update__expected__safety_requirement_havoc_object.yml,intel-tdx-module,tdh_sys_update__expected__safety_requirement_havoc_object.i,reach,safe,mixed,LP64,0,0,timeout,,109,,899.1,,,,,,,,,,,,
intel-tdx-module/tdh_sys_update__expected__cover_proof_havoc_object.yml,intel-tdx-module,tdh_sys_update__expected__cover_proof_havoc_object.i,reach,unsafe,mixed,LP64,0,0,timeout,,109,,899.1,,,,,,,,,,,,
intel-tdx-module/tdh_sys_update__invalid_state_handoff_data__cover_entry_havoc_object.yml,intel-tdx-module,tdh_sys_update__invalid_state_handoff_data__cover_entry_havoc_object.i,reach,unsafe,mixed,LP64,0,0,timeout,,109,,899.2,,,,,,,,,,,,
intel-tdx-module/tdh_sys_update__invalid_state_handoff_data__cover_exit_havoc_object.yml,intel-tdx-module,tdh_sys_update__invalid_state_handoff_data__cover_exit_havoc_object.i,reach,unsafe,mixed,LP64,0,0,timeout,,109,,899.2,,,,,,,,,,,,
intel-tdx-module/tdh_sys_update__invalid_state_handoff_data__cover_proof_havoc_object.yml,intel-tdx-module,tdh_sys_update__invalid_state_handoff_data__cover_proof_havoc_object.i,reach,unsafe,mixed,LP64,0,0,timeout,,109,,899.2,,,,,,,,,,,,
intel-tdx-module/tdh_sys_update__invalid_state_handoff_version__cover_entry_havoc_object.yml,intel-tdx-module,tdh_sys_update__invalid_state_handoff_version__cover_entry_havoc_object.i,reach,unsafe,mixed,LP64,0,0,timeout,,109,,899.1,,,,,,,,,,,,
intel-tdx-module/tdh_sys_update__invalid_state_handoff_data__safety_requirement_havoc_object.yml,intel-tdx-module,tdh_sys_update__invalid_state_handoff_data__safety_requirement_havoc_object.i,reach,safe,mixed,LP64,0,0,timeout,,109,,899.2,,,,,,,,,,,,
intel-tdx-module/tdh_sys_update__invalid_state_handoff_version__cover_exit_havoc_object.yml,intel-tdx-module,tdh_sys_update__invalid_state_handoff_version__cover_exit_havoc_object.i,reach,unsafe,mixed,LP64,0,0,timeout,,109,,899.2,,,,,,,,,,,,
intel-tdx-module/tdh_sys_update__invalid_state_handoff_version__cover_proof_havoc_object.yml,intel-tdx-module,tdh_sys_update__invalid_state_handoff_version__cover_proof_havoc_object.i,reach,unsafe,mixed,LP64,0,0,timeout,,109,,899.2,,,,,,,,,,,,
intel-tdx-module/tdh_sys_update__invalid_state_handoff_version__safety_requirement_havoc_object.yml,intel-tdx-module,tdh_sys_update__invalid_state_handoff_version__safety_requirement_havoc_object.i,reach,safe,mixed,LP64,0,0,timeout,,109,,899.2,,,,,,,,,,,,
intel-tdx-module/tdh_sys_update__invalid_state_lp_state__cover_entry_havoc_object.yml,intel-tdx-module,tdh_sys_update__invalid_state_lp_state__cover_entry_havoc_object.i,reach,unsafe,mixed,LP64,0,0,timeout,,109,,899.2,,,,,,,,,,,,
intel-tdx-module/tdh_sys_update__invalid_state_lp_state__cover_exit_havoc_object.yml,intel-tdx-module,tdh_sys_update__invalid_state_lp_state__cover_exit_havoc_object.i,reach,unsafe,mixed,LP64,0,0,timeout,,109,,899.2,,,,,,,,,,,,
intel-tdx-module/tdh_sys_update__invalid_state_lp_state__cover_proof_havoc_object.yml,intel-tdx-module,tdh_sys_update__invalid_state_lp_state__cover_proof_havoc_object.i,reach,unsafe,mixed,LP64,0,0,timeout,,109,,899.2,,,,,,,,,,,,
intel-tdx-module/tdh_sys_update__invalid_state_lp_state__safety_requirement_havoc_object.yml,intel-tdx-module,tdh_sys_update__invalid_state_lp_state__safety_requirement_havoc_object.i,reach,safe,mixed,LP64,0,0,timeout,,109,,899.2,,,,,,,,,,,,
intel-tdx-module/tdh_sys_update__invalid_state_sys_state__cover_entry_havoc_object.yml,intel-tdx-module,tdh_sys_update__invalid_state_sys_state__cover_entry_havoc_object.i,reach,unsafe,mixed,LP64,0,0,timeout,,109,,899.2,,,,,,,,,,,,
intel-tdx-module/tdh_sys_update__invalid_state_sys_state__cover_exit_havoc_object.yml,intel-tdx-module,tdh_sys_update__invalid_state_sys_state__cover_exit_havoc_object.i,reach,unsafe,mixed,LP64,0,0,timeout,,109,,899.2,,,,,,,,,,,,
intel-tdx-module/tdh_sys_update__invalid_state_sys_state__safety_requirement_havoc_object.yml,intel-tdx-module,tdh_sys_update__invalid_state_sys_state__safety_requirement_havoc_object.i,reach,safe,mixed,LP64,0,0,timeout,,109,,899.2,,,,,,,,,,,,
intel-tdx-module/tdh_sys_update__invalid_state_sys_state__cover_proof_havoc_object.yml,intel-tdx-module,tdh_sys_update__invalid_state_sys_state__cover_proof_havoc_object.i,reach,unsafe,mixed,LP64,0,0,timeout,,109,,899.3,,,,,,,,,,,,
intel-tdx-module/tdh_sys_update__unconstrained__cover_exit_unsuccess_havoc_object.yml,intel-tdx-module,tdh_sys_update__unconstrained__cover_exit_unsuccess_havoc_object.i,reach,unsafe,mixed,LP64,0,0,timeout,,110,,899.9,,,,,,,,,,,,
intel-tdx-module/tdh_sys_update__unexpected__cover_entry_havoc_object.yml,intel-tdx-module,tdh_sys_update__unexpected__cover_entry_havoc_object.i,reach,unsafe,mixed,LP64,0,0,timeout,,109,,899.7,,,,,,,,,,,,
intel-tdx-module/tdh_sys_update__unexpected__cover_exit_havoc_object.yml,intel-tdx-module,tdh_sys_update__unexpected__cover_exit_havoc_object.i,reach,unsafe,mixed,LP64,0,0,timeout,,109,,899.7,,,,,,,,,,,,
intel-tdx-module/tdh_sys_update__unexpected__cover_proof_havoc_object.yml,intel-tdx-module,tdh_sys_update__unexpected__cover_proof_havoc_object.i,reach,unsafe,mixed,LP64,0,0,timeout,,109,,899.7,,,,,,,,,,,,
intel-tdx-module/tdh_sys_update__unexpected__safety_requirement_havoc_object.yml,intel-tdx-module,tdh_sys_update__unexpected__safety_requirement_havoc_object.i,reach,safe,mixed,LP64,0,0,timeout,,109,,899.7,,,,,,,,,,,,
intel-tdx-module/tdh_vp_enter__expected__cover_entry_havoc_object.yml,intel-tdx-module,tdh_vp_enter__expected__cover_entry_havoc_object.i,reach,unsafe,mixed,LP64,0,0,timeout,,109,,899.7,,,,,,,,,,,,
intel-tdx-module/tdh_vp_enter__invalid_input_vcpu_handle__cover_exit_havoc_object.yml,intel-tdx-module,tdh_vp_enter__invalid_input_vcpu_handle__cover_exit_havoc_object.i,reach,unsafe,mixed,LP64,0,0,timeout,,109,,899.7,,,,,,,,,,,,
intel-tdx-module/tdh_vp_enter__invalid_input_vcpu_handle__cover_entry_havoc_object.yml,intel-tdx-module,tdh_vp_enter__invalid_input_vcpu_handle__cover_entry_havoc_object.i,reach,unsafe,mixed,LP64,0,0,timeout,,109,,899.7,,,,,,,,,,,,
intel-tdx-module/tdh_vp_enter__invalid_input_vcpu_handle__cover_proof_havoc_object.yml,intel-tdx-module,tdh_vp_enter__invalid_input_vcpu_handle__cover_proof_havoc_object.i,reach,unsafe,mixed,LP64,0,0,timeout,,109,,899.4,,,,,,,,,,,,
intel-tdx-module/tdh_vp_enter__invalid_input_vcpu_handle__safety_requirement_havoc_object.yml,intel-tdx-module,tdh_vp_enter__invalid_input_vcpu_handle__safety_requirement_havoc_object.i,reach,safe,mixed,LP64,0,0,timeout,,109,,899.6,,,,,,,,,,,,
intel-tdx-module/tdh_vp_enter__invalid_state_lifecycle__cover_entry_havoc_object.yml,intel-tdx-module,tdh_vp_enter__invalid_state_lifecycle__cover_entry_havoc_object.i,reach,unsafe,mixed,LP64,0,0,timeout,,109,,899.6,,,,,,,,,,,,
intel-tdx-module/tdh_vp_enter__invalid_state_lifecycle__cover_exit_havoc_object.yml,intel-tdx-module,tdh_vp_enter__invalid_state_lifecycle__cover_exit_havoc_object.i,reach,unsafe,mixed,LP64,0,0,timeout,,109,,899.6,,,,,,,,,,,,
intel-tdx-module/tdh_vp_enter__invalid_state_lifecycle__cover_proof_havoc_object.yml,intel-tdx-module,tdh_vp_enter__invalid_state_lifecycle__cover_proof_havoc_object.i,reach,unsafe,mixed,LP64,0,0,timeout,,109,,899.6,,,,,,,,,,,,
intel-tdx-module/tdh_vp_enter__invalid_state_lifecycle__safety_requirement_havoc_object.yml,intel-tdx-module,tdh_vp_enter__invalid_state_lifecycle__safety_requirement_havoc_object.i,reach,safe,mixed,LP64,0,0,timeout,,109,,899.6,,,,,,,,,,,,
intel-tdx-module/tdh_vp_enter__invalid_state_num_tdcx__cover_exit_havoc_object.yml,intel-tdx-module,tdh_vp_enter__invalid_state_num_tdcx__cover_exit_havoc_object.i,reach,safe,mixed,LP64,0,0,timeout,,109,,899.6,,,,,,,,,,,,
intel-tdx-module/tdh_vp_enter__invalid_state_num_tdcx__cover_entry_havoc_object.yml,intel-tdx-module,tdh_vp_enter__invalid_state_num_tdcx__cover_entry_havoc_object.i,reach,safe,mixed,LP64,0,0,timeout,,109,,899.6,,,,,,,,,,,,
intel-tdx-module/tdh_vp_enter__invalid_state_num_tdcx__cover_proof_havoc_object.yml,intel-tdx-module,tdh_vp_enter__invalid_state_num_tdcx__cover_proof_havoc_object.i,reach,safe,mixed,LP64,0,0,timeout,,109,,899.5,,,,,,,,,,,,
intel-tdx-module/tdh_vp_enter__invalid_state_num_tdcx__safety_requirement_havoc_object.yml,intel-tdx-module,tdh_vp_enter__invalid_state_num_tdcx__safety_requirement_havoc_object.i,reach,safe,mixed,LP64,0,0,timeout,,109,,899.5,,,,,,,,,,,,
intel-tdx-module/tdh_vp_enter__invalid_state_op_state__cover_entry_havoc_object.yml,intel-tdx-module,tdh_vp_enter__invalid_state_op_state__cover_entry_havoc_object.i,reach,unsafe,mixed,LP64,0,0,timeout,,109,,899.5,,,,,,,,,,,,
intel-tdx-module/tdh_vp_enter__invalid_state_op_state__cover_exit_havoc_object.yml,intel-tdx-module,tdh_vp_enter__invalid_state_op_state__cover_exit_havoc_object.i,reach,unsafe,mixed,LP64,0,0,timeout,,109,,899.5,,,,,,,,,,,,
intel-tdx-module/tdh_vp_enter__invalid_state_op_state__cover_proof_havoc_object.yml,intel-tdx-module,tdh_vp_enter__invalid_state_op_state__cover_proof_havoc_object.i,reach,unsafe,mixed,LP64,0,0,timeout,,109,,899.5,,,,,,,,,,,,
intel-tdx-module/tdh_vp_enter__invalid_state_op_state__safety_requirement_havoc_object.yml,intel-tdx-module,tdh_vp_enter__invalid_state_op_state__safety_requirement_havoc_object.i,reach,safe,mixed,LP64,0,0,timeout,,109,,899.5,,,,,,,,,,,,
intel-tdx-module/tdh_vp_enter__invalid_state_pamt_metadata__cover_entry_havoc_object.yml,intel-tdx-module,tdh_vp_enter__invalid_state_pamt_metadata__cover_entry_havoc_object.i,reach,unsafe,mixed,LP64,0,0,timeout,,109,,899.5,,,,,,,,,,,,
intel-tdx-module/tdh_vp_enter__invalid_state_pamt_metadata__cover_exit_havoc_object.yml,intel-tdx-module,tdh_vp_enter__invalid_state_pamt_metadata__cover_exit_havoc_object.i,reach,unsafe,mixed,LP64,0,0,timeout,,109,,899.5,,,,,,,,,,,,
intel-tdx-module/tdh_vp_enter__invalid_state_pamt_metadata__cover_proof_havoc_object.yml,intel-tdx-module,tdh_vp_enter__invalid_state_pamt_metadata__cover_proof_havoc_object.i,reach,unsafe,mixed,LP64,0,0,timeout,,109,,899.6,,,,,,,,,,,,
intel-tdx-module/tdh_vp_enter__invalid_state_td_state__cover_exit_havoc_object.yml,intel-tdx-module,tdh_vp_enter__invalid_state_td_state__cover_exit_havoc_object.i,reach,unsafe,mixed,LP64,0,0,timeout,,109,,899.6,,,,,,,,,,,,
intel-tdx-module/tdh_vp_enter__invalid_state_td_state__cover_entry_havoc_object.yml,intel-tdx-module,tdh_vp_enter__invalid_state_td_state__cover_entry_havoc_object.i,reach,unsafe,mixed,LP64,0,0,timeout,,109,,899.6,,,,,,,,,,,,
intel-tdx-module/tdh_vp_enter__invalid_state_td_state__cover_proof_havoc_object.yml,intel-tdx-module,tdh_vp_enter__invalid_state_td_state__cover_proof_havoc_object.i,reach,unsafe,mixed,LP64,0,0,timeout,,109,,899.6,,,,,,,,,,,,
intel-tdx-module/tdh_vp_enter__unconstrained__cover_exit_unsuccess_havoc_object.yml,intel-tdx-module,tdh_vp_enter__unconstrained__cover_exit_unsuccess_havoc_object.i,reach,unsafe,mixed,LP64,0,0,timeout,,109,,899.6,,,,,,,,,,,,
intel-tdx-module/tdh_vp_enter__invalid_state_td_state__safety_requirement_havoc_object.yml,intel-tdx-module,tdh_vp_enter__invalid_state_td_state__safety_requirement_havoc_object.i,reach,safe,mixed,LP64,0,0,timeout,,109,,899.6,,,,,,,,,,,,
intel-tdx-module/tdh_vp_enter__unexpected__cover_entry_havoc_object.yml,intel-tdx-module,tdh_vp_enter__unexpected__cover_entry_havoc_object.i,reach,unsafe,mixed,LP64,0,0,timeout,,109,,899.6,,,,,,,,,,,,
intel-tdx-module/tdh_vp_enter__unexpected__cover_exit_havoc_object.yml,intel-tdx-module,tdh_vp_enter__unexpected__cover_exit_havoc_object.i,reach,unsafe,mixed,LP64,0,0,timeout,,109,,899.6,,,,,,,,,,,,
intel-tdx-module/tdh_sys_key_config__expected__cover_entry_havoc_memory.yml,intel-tdx-module,tdh_sys_key_config__expected__cover_entry_havoc_memory.i,reach,unsafe,constant,LP64,2,0,found,0,0,0,6.6,reach_error.assertion.1,,,,,,,,,yes,,results/tdx_traces/intel-tdx-module__tdh_sys_key_config__expected__cover_entry_havoc_memory.yml__reach.txt
intel-tdx-module/tdh_sys_key_config__expected__cover_exit_havoc_memory.yml,intel-tdx-module,tdh_sys_key_config__expected__cover_exit_havoc_memory.i,reach,unsafe,constant,LP64,2,0,found,0,0,0,7.3,reach_error.assertion.1,,,,,,,,,yes,,results/tdx_traces/intel-tdx-module__tdh_sys_key_config__expected__cover_exit_havoc_memory.yml__reach.txt
intel-tdx-module/tdh_sys_key_config__invalid_state_sys_state__cover_entry_havoc_memory.yml,intel-tdx-module,tdh_sys_key_config__invalid_state_sys_state__cover_entry_havoc_memory.i,reach,unsafe,constant,LP64,2,0,found,0,0,0,6.6,reach_error.assertion.1,,,,,,,,,yes,,results/tdx_traces/intel-tdx-module__tdh_sys_key_config__invalid_state_sys_state__cover_entry_havoc_memory.yml__reach.txt
intel-tdx-module/tdh_sys_key_config__invalid_state_sys_state__cover_exit_havoc_memory.yml,intel-tdx-module,tdh_sys_key_config__invalid_state_sys_state__cover_exit_havoc_memory.i,reach,unsafe,constant,LP64,2,0,found,0,0,0,7.3,reach_error.assertion.1,,,,,,,,,yes,,results/tdx_traces/intel-tdx-module__tdh_sys_key_config__invalid_state_sys_state__cover_exit_havoc_memory.yml__reach.txt
intel-tdx-module/tdh_sys_key_config__expected__cover_proof_havoc_memory.yml,intel-tdx-module,tdh_sys_key_config__expected__cover_proof_havoc_memory.i,reach,unsafe,constant,LP64,2,0,found,0,0,0,10.8,reach_error.assertion.1,,,,,,,,,yes,,results/tdx_traces/intel-tdx-module__tdh_sys_key_config__expected__cover_proof_havoc_memory.yml__reach.txt
intel-tdx-module/tdh_sys_key_config__unexpected__cover_entry_havoc_memory.yml,intel-tdx-module,tdh_sys_key_config__unexpected__cover_entry_havoc_memory.i,reach,unsafe,constant,LP64,2,0,found,0,0,0,6.5,reach_error.assertion.1,,,,,,,,,yes,,results/tdx_traces/intel-tdx-module__tdh_sys_key_config__unexpected__cover_entry_havoc_memory.yml__reach.txt
intel-tdx-module/tdh_sys_key_config__unconstrained__cover_exit_unsuccess_havoc_memory.yml,intel-tdx-module,tdh_sys_key_config__unconstrained__cover_exit_unsuccess_havoc_memory.i,reach,unsafe,constant,LP64,2,0,found,0,0,0,7.3,reach_error.assertion.1,,,,,,,,,yes,,results/tdx_traces/intel-tdx-module__tdh_sys_key_config__unconstrained__cover_exit_unsuccess_havoc_memory.yml__reach.txt
intel-tdx-module/tdh_sys_key_config__invalid_state_sys_state__cover_proof_havoc_memory.yml,intel-tdx-module,tdh_sys_key_config__invalid_state_sys_state__cover_proof_havoc_memory.i,reach,unsafe,constant,LP64,2,0,found,0,0,0,11.1,reach_error.assertion.1,,,,,,,,,yes,,results/tdx_traces/intel-tdx-module__tdh_sys_key_config__invalid_state_sys_state__cover_proof_havoc_memory.yml__reach.txt
intel-tdx-module/tdh_sys_key_config__unexpected__cover_exit_havoc_memory.yml,intel-tdx-module,tdh_sys_key_config__unexpected__cover_exit_havoc_memory.i,reach,unsafe,constant,LP64,2,0,found,0,0,0,7.5,reach_error.assertion.1,,,,,,,,,yes,,results/tdx_traces/intel-tdx-module__tdh_sys_key_config__unexpected__cover_exit_havoc_memory.yml__reach.txt
intel-tdx-module/tdh_sys_shutdown__expected__cover_entry_havoc_memory.yml,intel-tdx-module,tdh_sys_shutdown__expected__cover_entry_havoc_memory.i,reach,unsafe,mixed,LP64,4,0,found,0,0,0,6.9,reach_error.assertion.1,,,,,,,,,yes,,results/tdx_traces/intel-tdx-module__tdh_sys_shutdown__expected__cover_entry_havoc_memory.yml__reach.txt
intel-tdx-module/tdh_sys_shutdown__expected__cover_exit_havoc_memory.yml,intel-tdx-module,tdh_sys_shutdown__expected__cover_exit_havoc_memory.i,reach,unsafe,mixed,LP64,4,0,found,0,0,0,7.6,reach_error.assertion.1,,,,,,,,,yes,,results/tdx_traces/intel-tdx-module__tdh_sys_shutdown__expected__cover_exit_havoc_memory.yml__reach.txt
intel-tdx-module/tdh_sys_key_config__unexpected__cover_proof_havoc_memory.yml,intel-tdx-module,tdh_sys_key_config__unexpected__cover_proof_havoc_memory.i,reach,unsafe,constant,LP64,2,0,found,0,0,0,11.2,reach_error.assertion.1,,,,,,,,,yes,,results/tdx_traces/intel-tdx-module__tdh_sys_key_config__unexpected__cover_proof_havoc_memory.yml__reach.txt
intel-tdx-module/tdh_sys_shutdown__invalid_input_handoff_no_downgrade__cover_entry_havoc_memory.yml,intel-tdx-module,tdh_sys_shutdown__invalid_input_handoff_no_downgrade__cover_entry_havoc_memory.i,reach,unsafe,mixed,LP64,4,0,found,0,0,0,6.9,reach_error.assertion.1,,,,,,,,,yes,,results/tdx_traces/intel-tdx-module__tdh_sys_shutdown__invalid_input_handoff_no_downgrade__cover_entry_havoc_memory.yml__reach.txt
intel-tdx-module/tdh_sys_shutdown__expected__cover_proof_havoc_memory.yml,intel-tdx-module,tdh_sys_shutdown__expected__cover_proof_havoc_memory.i,reach,unsafe,mixed,LP64,4,0,found,0,0,0,11.1,reach_error.assertion.1,,,,,,,,,yes,,results/tdx_traces/intel-tdx-module__tdh_sys_shutdown__expected__cover_proof_havoc_memory.yml__reach.txt
intel-tdx-module/tdh_sys_shutdown__invalid_input_handoff_no_downgrade__cover_exit_havoc_memory.yml,intel-tdx-module,tdh_sys_shutdown__invalid_input_handoff_no_downgrade__cover_exit_havoc_memory.i,reach,unsafe,mixed,LP64,4,0,found,0,0,0,7.5,reach_error.assertion.1,,,,,,,,,yes,,results/tdx_traces/intel-tdx-module__tdh_sys_shutdown__invalid_input_handoff_no_downgrade__cover_exit_havoc_memory.yml__reach.txt
intel-tdx-module/tdh_sys_shutdown__invalid_input_handoff_no_downgrade__cover_proof_havoc_memory.yml,intel-tdx-module,tdh_sys_shutdown__invalid_input_handoff_no_downgrade__cover_proof_havoc_memory.i,reach,unsafe,mixed,LP64,4,0,found,0,0,0,11.3,reach_error.assertion.1,,,,,,,,,yes,,results/tdx_traces/intel-tdx-module__tdh_sys_shutdown__invalid_input_handoff_no_downgrade__cover_proof_havoc_memory.yml__reach.txt
intel-tdx-module/tdh_sys_shutdown__invalid_input_handoff_range__cover_entry_havoc_memory.yml,intel-tdx-module,tdh_sys_shutdown__invalid_input_handoff_range__cover_entry_havoc_memory.i,reach,unsafe,mixed,LP64,4,0,found,0,0,0,7.1,reach_error.assertion.1,,,,,,,,,yes,,results/tdx_traces/intel-tdx-module__tdh_sys_shutdown__invalid_input_handoff_range__cover_entry_havoc_memory.yml__reach.txt
intel-tdx-module/tdh_sys_shutdown__invalid_input_handoff_range__cover_exit_havoc_memory.yml,intel-tdx-module,tdh_sys_shutdown__invalid_input_handoff_range__cover_exit_havoc_memory.i,reach,unsafe,mixed,LP64,4,0,found,0,0,0,7.7,reach_error.assertion.1,,,,,,,,,yes,,results/tdx_traces/intel-tdx-module__tdh_sys_shutdown__invalid_input_handoff_range__cover_exit_havoc_memory.yml__reach.txt
intel-tdx-module/tdh_sys_shutdown__invalid_input_handoff_range__cover_proof_havoc_memory.yml,intel-tdx-module,tdh_sys_shutdown__invalid_input_handoff_range__cover_proof_havoc_memory.i,reach,unsafe,mixed,LP64,4,0,found,0,0,0,11.5,reach_error.assertion.1,,,,,,,,,yes,,results/tdx_traces/intel-tdx-module__tdh_sys_shutdown__invalid_input_handoff_range__cover_proof_havoc_memory.yml__reach.txt
intel-tdx-module/tdh_sys_key_config__expected__safety_requirement_havoc_memory.yml,intel-tdx-module,tdh_sys_key_config__expected__safety_requirement_havoc_memory.i,reach,safe,constant,LP64,2,0,timeout,,0,,180.1,,,,,,,,,,,,
intel-tdx-module/tdh_sys_key_config__invalid_state_sys_state__safety_requirement_havoc_memory.yml,intel-tdx-module,tdh_sys_key_config__invalid_state_sys_state__safety_requirement_havoc_memory.i,reach,safe,constant,LP64,2,0,timeout,,0,,180.1,,,,,,,,,,,,
intel-tdx-module/tdh_sys_shutdown__unconstrained__cover_exit_unsuccess_havoc_memory.yml,intel-tdx-module,tdh_sys_shutdown__unconstrained__cover_exit_unsuccess_havoc_memory.i,reach,unsafe,mixed,LP64,4,0,found,0,0,0,7.6,reach_error.assertion.1,,,,,,,,,yes,,results/tdx_traces/intel-tdx-module__tdh_sys_shutdown__unconstrained__cover_exit_unsuccess_havoc_memory.yml__reach.txt
intel-tdx-module/tdh_sys_shutdown__unexpected__cover_entry_havoc_memory.yml,intel-tdx-module,tdh_sys_shutdown__unexpected__cover_entry_havoc_memory.i,reach,unsafe,mixed,LP64,4,0,found,0,0,0,7.1,reach_error.assertion.1,,,,,,,,,yes,,results/tdx_traces/intel-tdx-module__tdh_sys_shutdown__unexpected__cover_entry_havoc_memory.yml__reach.txt
intel-tdx-module/tdh_sys_key_config__unexpected__safety_requirement_havoc_memory.yml,intel-tdx-module,tdh_sys_key_config__unexpected__safety_requirement_havoc_memory.i,reach,safe,constant,LP64,2,0,timeout,,0,,180.1,,,,,,,,,,,,
intel-tdx-module/tdh_sys_shutdown__unexpected__cover_exit_havoc_memory.yml,intel-tdx-module,tdh_sys_shutdown__unexpected__cover_exit_havoc_memory.i,reach,unsafe,mixed,LP64,4,0,found,0,0,0,7.7,reach_error.assertion.1,,,,,,,,,yes,,results/tdx_traces/intel-tdx-module__tdh_sys_shutdown__unexpected__cover_exit_havoc_memory.yml__reach.txt
intel-tdx-module/tdh_sys_update__expected__cover_entry_havoc_memory.yml,intel-tdx-module,tdh_sys_update__expected__cover_entry_havoc_memory.i,reach,unsafe,constant,LP64,5,1,found,0,0,0,7.3,reach_error.assertion.1,,,,,,,,,yes,,results/tdx_traces/intel-tdx-module__tdh_sys_update__expected__cover_entry_havoc_memory.yml__reach.txt
intel-tdx-module/tdh_sys_shutdown__expected__safety_requirement_havoc_memory.yml,intel-tdx-module,tdh_sys_shutdown__expected__safety_requirement_havoc_memory.i,reach,safe,mixed,LP64,4,0,timeout,,0,,180.1,,,,,,,,,,,,
intel-tdx-module/tdh_sys_shutdown__unexpected__cover_proof_havoc_memory.yml,intel-tdx-module,tdh_sys_shutdown__unexpected__cover_proof_havoc_memory.i,reach,unsafe,mixed,LP64,4,0,found,0,0,0,11.6,reach_error.assertion.1,,,,,,,,,yes,,results/tdx_traces/intel-tdx-module__tdh_sys_shutdown__unexpected__cover_proof_havoc_memory.yml__reach.txt
intel-tdx-module/tdh_sys_shutdown__invalid_input_handoff_no_downgrade__safety_requirement_havoc_memory.yml,intel-tdx-module,tdh_sys_shutdown__invalid_input_handoff_no_downgrade__safety_requirement_havoc_memory.i,reach,safe,mixed,LP64,4,0,timeout,,0,,180.1,,,,,,,,,,,,
intel-tdx-module/tdh_sys_update__invalid_state_handoff_data__cover_entry_havoc_memory.yml,intel-tdx-module,tdh_sys_update__invalid_state_handoff_data__cover_entry_havoc_memory.i,reach,unsafe,constant,LP64,5,1,found,0,0,0,7.5,reach_error.assertion.1,,,,,,,,,yes,,results/tdx_traces/intel-tdx-module__tdh_sys_update__invalid_state_handoff_data__cover_entry_havoc_memory.yml__reach.txt
intel-tdx-module/tdh_sys_shutdown__invalid_input_handoff_range__safety_requirement_havoc_memory.yml,intel-tdx-module,tdh_sys_shutdown__invalid_input_handoff_range__safety_requirement_havoc_memory.i,reach,safe,mixed,LP64,4,0,timeout,,0,,180.1,,,,,,,,,,,,
intel-tdx-module/tdh_sys_update__expected__cover_exit_havoc_memory.yml,intel-tdx-module,tdh_sys_update__expected__cover_exit_havoc_memory.i,reach,unsafe,constant,LP64,5,1,found,0,0,0,136.6,reach_error.assertion.1,,,,,,,,,yes,,results/tdx_traces/intel-tdx-module__tdh_sys_update__expected__cover_exit_havoc_memory.yml__reach.txt
intel-tdx-module/tdh_sys_update__expected__cover_proof_havoc_memory.yml,intel-tdx-module,tdh_sys_update__expected__cover_proof_havoc_memory.i,reach,unsafe,constant,LP64,5,1,found,0,0,0,146.5,reach_error.assertion.1,,,,,,,,,yes,,results/tdx_traces/intel-tdx-module__tdh_sys_update__expected__cover_proof_havoc_memory.yml__reach.txt
intel-tdx-module/tdh_sys_update__invalid_state_handoff_version__cover_entry_havoc_memory.yml,intel-tdx-module,tdh_sys_update__invalid_state_handoff_version__cover_entry_havoc_memory.i,reach,unsafe,constant,LP64,5,1,found,0,0,0,7.5,reach_error.assertion.1,,,,,,,,,yes,,results/tdx_traces/intel-tdx-module__tdh_sys_update__invalid_state_handoff_version__cover_entry_havoc_memory.yml__reach.txt
intel-tdx-module/tdh_sys_shutdown__unexpected__safety_requirement_havoc_memory.yml,intel-tdx-module,tdh_sys_shutdown__unexpected__safety_requirement_havoc_memory.i,reach,safe,mixed,LP64,4,0,timeout,,0,,180.1,,,,,,,,,,,,
intel-tdx-module/tdh_sys_update__invalid_state_handoff_data__cover_exit_havoc_memory.yml,intel-tdx-module,tdh_sys_update__invalid_state_handoff_data__cover_exit_havoc_memory.i,reach,unsafe,constant,LP64,5,1,found,0,0,0,152.7,reach_error.assertion.1,,,,,,,,,yes,,results/tdx_traces/intel-tdx-module__tdh_sys_update__invalid_state_handoff_data__cover_exit_havoc_memory.yml__reach.txt
intel-tdx-module/tdh_sys_update__expected__safety_requirement_havoc_memory.yml,intel-tdx-module,tdh_sys_update__expected__safety_requirement_havoc_memory.i,reach,safe,constant,LP64,5,1,timeout,,0,,180.1,,,,,,,,,,,,
intel-tdx-module/tdh_sys_update__invalid_state_handoff_data__cover_proof_havoc_memory.yml,intel-tdx-module,tdh_sys_update__invalid_state_handoff_data__cover_proof_havoc_memory.i,reach,unsafe,constant,LP64,5,1,found,0,0,0,138.0,reach_error.assertion.1,,,,,,,,,yes,,results/tdx_traces/intel-tdx-module__tdh_sys_update__invalid_state_handoff_data__cover_proof_havoc_memory.yml__reach.txt
intel-tdx-module/tdh_sys_update__invalid_state_lp_state__cover_entry_havoc_memory.yml,intel-tdx-module,tdh_sys_update__invalid_state_lp_state__cover_entry_havoc_memory.i,reach,unsafe,constant,LP64,5,1,found,0,0,0,7.5,reach_error.assertion.1,,,,,,,,,yes,,results/tdx_traces/intel-tdx-module__tdh_sys_update__invalid_state_lp_state__cover_entry_havoc_memory.yml__reach.txt
intel-tdx-module/tdh_sys_update__invalid_state_handoff_version__cover_proof_havoc_memory.yml,intel-tdx-module,tdh_sys_update__invalid_state_handoff_version__cover_proof_havoc_memory.i,reach,unsafe,constant,LP64,5,1,found,0,0,0,125.8,reach_error.assertion.1,,,,,,,,,yes,,results/tdx_traces/intel-tdx-module__tdh_sys_update__invalid_state_handoff_version__cover_proof_havoc_memory.yml__reach.txt
intel-tdx-module/tdh_sys_update__invalid_state_handoff_version__cover_exit_havoc_memory.yml,intel-tdx-module,tdh_sys_update__invalid_state_handoff_version__cover_exit_havoc_memory.i,reach,unsafe,constant,LP64,5,1,found,0,0,0,148.8,reach_error.assertion.1,,,,,,,,,yes,,results/tdx_traces/intel-tdx-module__tdh_sys_update__invalid_state_handoff_version__cover_exit_havoc_memory.yml__reach.txt
intel-tdx-module/tdh_sys_update__invalid_state_sys_state__cover_entry_havoc_memory.yml,intel-tdx-module,tdh_sys_update__invalid_state_sys_state__cover_entry_havoc_memory.i,reach,unsafe,constant,LP64,5,1,found,0,0,0,7.6,reach_error.assertion.1,,,,,,,,,yes,,results/tdx_traces/intel-tdx-module__tdh_sys_update__invalid_state_sys_state__cover_entry_havoc_memory.yml__reach.txt
intel-tdx-module/tdh_sys_update__invalid_state_handoff_data__safety_requirement_havoc_memory.yml,intel-tdx-module,tdh_sys_update__invalid_state_handoff_data__safety_requirement_havoc_memory.i,reach,safe,constant,LP64,5,1,timeout,,0,,180.1,,,,,,,,,,,,
intel-tdx-module/tdh_sys_update__invalid_state_lp_state__cover_proof_havoc_memory.yml,intel-tdx-module,tdh_sys_update__invalid_state_lp_state__cover_proof_havoc_memory.i,reach,unsafe,constant,LP64,5,1,found,0,0,0,141.9,reach_error.assertion.1,,,,,,,,,yes,,results/tdx_traces/intel-tdx-module__tdh_sys_update__invalid_state_lp_state__cover_proof_havoc_memory.yml__reach.txt
intel-tdx-module/tdh_sys_update__invalid_state_lp_state__cover_exit_havoc_memory.yml,intel-tdx-module,tdh_sys_update__invalid_state_lp_state__cover_exit_havoc_memory.i,reach,unsafe,constant,LP64,5,1,found,0,0,0,162.1,reach_error.assertion.1,,,,,,,,,yes,,results/tdx_traces/intel-tdx-module__tdh_sys_update__invalid_state_lp_state__cover_exit_havoc_memory.yml__reach.txt
intel-tdx-module/tdh_sys_update__invalid_state_handoff_version__safety_requirement_havoc_memory.yml,intel-tdx-module,tdh_sys_update__invalid_state_handoff_version__safety_requirement_havoc_memory.i,reach,safe,constant,LP64,5,1,timeout,,0,,180.2,,,,,,,,,,,,
intel-tdx-module/tdh_sys_update__unexpected__cover_entry_havoc_memory.yml,intel-tdx-module,tdh_sys_update__unexpected__cover_entry_havoc_memory.i,reach,unsafe,constant,LP64,5,1,found,0,0,0,7.6,reach_error.assertion.1,,,,,,,,,yes,,results/tdx_traces/intel-tdx-module__tdh_sys_update__unexpected__cover_entry_havoc_memory.yml__reach.txt
intel-tdx-module/tdh_sys_update__invalid_state_sys_state__cover_exit_havoc_memory.yml,intel-tdx-module,tdh_sys_update__invalid_state_sys_state__cover_exit_havoc_memory.i,reach,unsafe,constant,LP64,5,1,found,0,0,0,149.0,reach_error.assertion.1,,,,,,,,,yes,,results/tdx_traces/intel-tdx-module__tdh_sys_update__invalid_state_sys_state__cover_exit_havoc_memory.yml__reach.txt
intel-tdx-module/tdh_sys_update__invalid_state_lp_state__safety_requirement_havoc_memory.yml,intel-tdx-module,tdh_sys_update__invalid_state_lp_state__safety_requirement_havoc_memory.i,reach,safe,constant,LP64,5,1,timeout,,0,,180.2,,,,,,,,,,,,
intel-tdx-module/tdh_sys_update__invalid_state_sys_state__cover_proof_havoc_memory.yml,intel-tdx-module,tdh_sys_update__invalid_state_sys_state__cover_proof_havoc_memory.i,reach,unsafe,constant,LP64,5,1,found,0,0,0,165.1,reach_error.assertion.1,,,,,,,,,yes,,results/tdx_traces/intel-tdx-module__tdh_sys_update__invalid_state_sys_state__cover_proof_havoc_memory.yml__reach.txt
intel-tdx-module/tdh_mng_key_config__invalid_input_tdr_hkid__cover_entry_havoc_memory.yml,intel-tdx-module,tdh_mng_key_config__invalid_input_tdr_hkid__cover_entry_havoc_memory.i,reach,unsafe,mixed,LP64,6,0,found,0,0,0,9.1,reach_error.assertion.1,,,,,,,,,yes,,results/tdx_traces/intel-tdx-module__tdh_mng_key_config__invalid_input_tdr_hkid__cover_entry_havoc_memory.yml__reach.txt
intel-tdx-module/tdh_sys_update__unconstrained__cover_exit_unsuccess_havoc_memory.yml,intel-tdx-module,tdh_sys_update__unconstrained__cover_exit_unsuccess_havoc_memory.i,reach,unsafe,constant,LP64,5,1,found,0,0,0,148.6,reach_error.assertion.1,,,,,,,,,yes,,results/tdx_traces/intel-tdx-module__tdh_sys_update__unconstrained__cover_exit_unsuccess_havoc_memory.yml__reach.txt
intel-tdx-module/tdh_sys_update__invalid_state_sys_state__safety_requirement_havoc_memory.yml,intel-tdx-module,tdh_sys_update__invalid_state_sys_state__safety_requirement_havoc_memory.i,reach,safe,constant,LP64,5,1,timeout,,0,,180.1,,,,,,,,,,,,
intel-tdx-module/tdh_sys_update__unexpected__cover_exit_havoc_memory.yml,intel-tdx-module,tdh_sys_update__unexpected__cover_exit_havoc_memory.i,reach,unsafe,constant,LP64,5,1,found,0,0,0,151.7,reach_error.assertion.1,,,,,,,,,yes,,results/tdx_traces/intel-tdx-module__tdh_sys_update__unexpected__cover_exit_havoc_memory.yml__reach.txt
intel-tdx-module/tdh_mng_key_config__invalid_state_td_state__cover_entry_havoc_memory.yml,intel-tdx-module,tdh_mng_key_config__invalid_state_td_state__cover_entry_havoc_memory.i,reach,unsafe,mixed,LP64,6,0,found,0,0,0,9.1,reach_error.assertion.1,,,,,,,,,yes,,results/tdx_traces/intel-tdx-module__tdh_mng_key_config__invalid_state_td_state__cover_entry_havoc_memory.yml__reach.txt
intel-tdx-module/tdh_sys_update__unexpected__cover_proof_havoc_memory.yml,intel-tdx-module,tdh_sys_update__unexpected__cover_proof_havoc_memory.i,reach,unsafe,constant,LP64,5,1,found,0,0,0,136.9,reach_error.assertion.1,,,,,,,,,yes,,results/tdx_traces/intel-tdx-module__tdh_sys_update__unexpected__cover_proof_havoc_memory.yml__reach.txt
intel-tdx-module/tdh_mng_key_config__invalid_state_tdr_lifecycle__cover_entry_havoc_memory.yml,intel-tdx-module,tdh_mng_key_config__invalid_state_tdr_lifecycle__cover_entry_havoc_memory.i,reach,unsafe,mixed,LP64,6,0,found,0,0,0,9.1,reach_error.assertion.1,,,,,,,,,yes,,results/tdx_traces/intel-tdx-module__tdh_mng_key_config__invalid_state_tdr_lifecycle__cover_entry_havoc_memory.yml__reach.txt
intel-tdx-module/tdh_sys_update__unexpected__safety_requirement_havoc_memory.yml,intel-tdx-module,tdh_sys_update__unexpected__safety_requirement_havoc_memory.i,reach,safe,constant,LP64,5,1,timeout,,0,,180.1,,,,,,,,,,,,
intel-tdx-module/tdh_vp_enter__unexpected__cover_proof_havoc_object.yml,intel-tdx-module,tdh_vp_enter__unexpected__cover_proof_havoc_object.i,reach,unsafe,mixed,LP64,0,0,timeout,,230,,899.6,,,,,,,,,,,,
intel-tdx-module/tdh_vp_enter__unexpected__safety_requirement_havoc_object.yml,intel-tdx-module,tdh_vp_enter__unexpected__safety_requirement_havoc_object.i,reach,safe,mixed,LP64,0,0,timeout,,230,,899.6,,,,,,,,,,,,
intel-tdx-module/tdh_mng_key_config__invalid_state_tdr_metadata__cover_entry_havoc_memory.yml,intel-tdx-module,tdh_mng_key_config__invalid_state_tdr_metadata__cover_entry_havoc_memory.i,reach,unsafe,mixed,LP64,6,0,found,0,0,0,9.0,reach_error.assertion.1,,,,,,,,,yes,,results/tdx_traces/intel-tdx-module__tdh_mng_key_config__invalid_state_tdr_metadata__cover_entry_havoc_memory.yml__reach.txt
intel-tdx-module/tdh_mng_key_config__invalid_input_tdr_hkid__cover_exit_havoc_memory.yml,intel-tdx-module,tdh_mng_key_config__invalid_input_tdr_hkid__cover_exit_havoc_memory.i,reach,unsafe,mixed,LP64,6,0,timeout,,2,,361.4,,,,,,,,,,,,
intel-tdx-module/tdh_mng_key_config__invalid_input_tdr_hkid__cover_proof_havoc_memory.yml,intel-tdx-module,tdh_mng_key_config__invalid_input_tdr_hkid__cover_proof_havoc_memory.i,reach,unsafe,mixed,LP64,6,0,timeout,,2,,356.7,,,,,,,,,,,,
intel-tdx-module/tdh_mng_key_config__invalid_state_td_state__cover_exit_havoc_memory.yml,intel-tdx-module,tdh_mng_key_config__invalid_state_td_state__cover_exit_havoc_memory.i,reach,unsafe,mixed,LP64,6,0,timeout,,2,,363.0,,,,,,,,,,,,
intel-tdx-module/tdh_mng_key_config__invalid_state_td_state__cover_proof_havoc_memory.yml,intel-tdx-module,tdh_mng_key_config__invalid_state_td_state__cover_proof_havoc_memory.i,reach,unsafe,mixed,LP64,6,0,timeout,,2,,363.9,,,,,,,,,,,,
intel-tdx-module/tdh_mng_key_config__unexpected__cover_entry_havoc_memory.yml,intel-tdx-module,tdh_mng_key_config__unexpected__cover_entry_havoc_memory.i,reach,unsafe,mixed,LP64,6,0,found,0,0,0,9.6,reach_error.assertion.1,,,,,,,,,yes,,results/tdx_traces/intel-tdx-module__tdh_mng_key_config__unexpected__cover_entry_havoc_memory.yml__reach.txt
intel-tdx-module/tdh_mng_key_config__invalid_state_tdr_lifecycle__cover_exit_havoc_memory.yml,intel-tdx-module,tdh_mng_key_config__invalid_state_tdr_lifecycle__cover_exit_havoc_memory.i,reach,unsafe,mixed,LP64,6,0,timeout,,2,,362.1,,,,,,,,,,,,
intel-tdx-module/tdh_mng_key_config__invalid_state_tdr_lifecycle__cover_proof_havoc_memory.yml,intel-tdx-module,tdh_mng_key_config__invalid_state_tdr_lifecycle__cover_proof_havoc_memory.i,reach,unsafe,mixed,LP64,6,0,timeout,,2,,360.5,,,,,,,,,,,,
intel-tdx-module/tdh_mng_key_freeid__invalid_input_tdr_hkid__cover_entry_havoc_memory.yml,intel-tdx-module,tdh_mng_key_freeid__invalid_input_tdr_hkid__cover_entry_havoc_memory.i,reach,unsafe,mixed,LP64,6,0,found,0,0,0,10.1,reach_error.assertion.1,,,,,,,,,yes,,results/tdx_traces/intel-tdx-module__tdh_mng_key_freeid__invalid_input_tdr_hkid__cover_entry_havoc_memory.yml__reach.txt
intel-tdx-module/tdh_mng_key_config__invalid_state_tdr_metadata__cover_exit_havoc_memory.yml,intel-tdx-module,tdh_mng_key_config__invalid_state_tdr_metadata__cover_exit_havoc_memory.i,reach,unsafe,mixed,LP64,6,0,timeout,,2,,365.3,,,,,,,,,,,,
intel-tdx-module/tdh_mng_key_config__invalid_state_tdr_metadata__cover_proof_havoc_memory.yml,intel-tdx-module,tdh_mng_key_config__invalid_state_tdr_metadata__cover_proof_havoc_memory.i,reach,unsafe,mixed,LP64,6,0,timeout,,2,,364.5,,,,,,,,,,,,
intel-tdx-module/tdh_mng_key_freeid__invalid_state_kot__cover_entry_havoc_memory.yml,intel-tdx-module,tdh_mng_key_freeid__invalid_state_kot__cover_entry_havoc_memory.i,reach,unsafe,mixed,LP64,6,0,found,0,0,0,9.9,reach_error.assertion.1,,,,,,,,,yes,,results/tdx_traces/intel-tdx-module__tdh_mng_key_freeid__invalid_state_kot__cover_entry_havoc_memory.yml__reach.txt
intel-tdx-module/tdh_mng_key_config__unexpected__safety_requirement_havoc_memory.yml,intel-tdx-module,tdh_mng_key_config__unexpected__safety_requirement_havoc_memory.i,reach,safe,mixed,LP64,6,0,timeout,,0,,180.2,,,,,,,,,,,,
intel-tdx-module/tdh_mng_key_config__unconstrained__cover_exit_success_havoc_memory.yml,intel-tdx-module,tdh_mng_key_config__unconstrained__cover_exit_success_havoc_memory.i,reach,unsafe,mixed,LP64,6,0,timeout,,2,,338.5,,,,,,,,,,,,
intel-tdx-module/tdh_mng_key_freeid__invalid_state_tdr_lifecycle__cover_entry_havoc_memory.yml,intel-tdx-module,tdh_mng_key_freeid__invalid_state_tdr_lifecycle__cover_entry_havoc_memory.i,reach,unsafe,mixed,LP64,6,0,found,0,0,0,10.6,reach_error.assertion.1,,,,,,,,,yes,,results/tdx_traces/intel-tdx-module__tdh_mng_key_freeid__invalid_state_tdr_lifecycle__cover_entry_havoc_memory.yml__reach.txt
intel-tdx-module/tdh_mng_key_config__unconstrained__cover_exit_unsuccess_havoc_memory.yml,intel-tdx-module,tdh_mng_key_config__unconstrained__cover_exit_unsuccess_havoc_memory.i,reach,unsafe,mixed,LP64,6,0,timeout,,2,,357.2,,,,,,,,,,,,
intel-tdx-module/tdh_mng_key_config__unexpected__cover_exit_havoc_memory.yml,intel-tdx-module,tdh_mng_key_config__unexpected__cover_exit_havoc_memory.i,reach,unsafe,mixed,LP64,6,0,timeout,,2,,347.4,,,,,,,,,,,,
intel-tdx-module/tdh_mng_key_config__unexpected__cover_proof_havoc_memory.yml,intel-tdx-module,tdh_mng_key_config__unexpected__cover_proof_havoc_memory.i,reach,unsafe,mixed,LP64,6,0,timeout,,2,,349.2,,,,,,,,,,,,
intel-tdx-module/tdh_mng_key_freeid__invalid_state_tdr_metadata__cover_entry_havoc_memory.yml,intel-tdx-module,tdh_mng_key_freeid__invalid_state_tdr_metadata__cover_entry_havoc_memory.i,reach,unsafe,mixed,LP64,6,0,found,0,0,0,10.5,reach_error.assertion.1,,,,,,,,,yes,,results/tdx_traces/intel-tdx-module__tdh_mng_key_freeid__invalid_state_tdr_metadata__cover_entry_havoc_memory.yml__reach.txt
intel-tdx-module/tdh_mng_key_freeid__invalid_input_tdr_hkid__cover_exit_havoc_memory.yml,intel-tdx-module,tdh_mng_key_freeid__invalid_input_tdr_hkid__cover_exit_havoc_memory.i,reach,unsafe,mixed,LP64,6,0,timeout,,2,,363.6,,,,,,,,,,,,
intel-tdx-module/tdh_mng_key_freeid__invalid_input_tdr_hkid__cover_proof_havoc_memory.yml,intel-tdx-module,tdh_mng_key_freeid__invalid_input_tdr_hkid__cover_proof_havoc_memory.i,reach,unsafe,mixed,LP64,6,0,timeout,,2,,366.2,,,,,,,,,,,,
intel-tdx-module/tdh_mng_key_freeid__unexpected__cover_entry_havoc_memory.yml,intel-tdx-module,tdh_mng_key_freeid__unexpected__cover_entry_havoc_memory.i,reach,unsafe,mixed,LP64,6,0,found,0,0,0,10.5,reach_error.assertion.1,,,,,,,,,yes,,results/tdx_traces/intel-tdx-module__tdh_mng_key_freeid__unexpected__cover_entry_havoc_memory.yml__reach.txt
intel-tdx-module/tdh_mng_key_freeid__invalid_state_kot__cover_exit_havoc_memory.yml,intel-tdx-module,tdh_mng_key_freeid__invalid_state_kot__cover_exit_havoc_memory.i,reach,unsafe,mixed,LP64,6,0,timeout,,2,,367.0,,,,,,,,,,,,
intel-tdx-module/tdh_mng_key_freeid__invalid_state_kot__cover_proof_havoc_memory.yml,intel-tdx-module,tdh_mng_key_freeid__invalid_state_kot__cover_proof_havoc_memory.i,reach,unsafe,mixed,LP64,6,0,timeout,,2,,359.2,,,,,,,,,,,,
intel-tdx-module/tdh_mng_key_freeid__invalid_state_tdr_lifecycle__cover_exit_havoc_memory.yml,intel-tdx-module,tdh_mng_key_freeid__invalid_state_tdr_lifecycle__cover_exit_havoc_memory.i,reach,unsafe,mixed,LP64,6,0,timeout,,2,,367.7,,,,,,,,,,,,
intel-tdx-module/tdh_import_abort__expected__cover_entry_havoc_memory.yml,intel-tdx-module,tdh_import_abort__expected__cover_entry_havoc_memory.i,reach,unsafe,mixed,LP64,7,0,found,0,0,0,9.6,reach_error.assertion.1,,,,,,,,,yes,,results/tdx_traces/intel-tdx-module__tdh_import_abort__expected__cover_entry_havoc_memory.yml__reach.txt
intel-tdx-module/tdh_mng_key_freeid__invalid_state_tdr_lifecycle__cover_proof_havoc_memory.yml,intel-tdx-module,tdh_mng_key_freeid__invalid_state_tdr_lifecycle__cover_proof_havoc_memory.i,reach,unsafe,mixed,LP64,6,0,timeout,,2,,371.3,,,,,,,,,,,,
intel-tdx-module/tdh_mng_key_freeid__invalid_state_tdr_metadata__cover_exit_havoc_memory.yml,intel-tdx-module,tdh_mng_key_freeid__invalid_state_tdr_metadata__cover_exit_havoc_memory.i,reach,unsafe,mixed,LP64,6,0,timeout,,2,,366.3,,,,,,,,,,,,
intel-tdx-module/tdh_mng_key_freeid__invalid_state_tdr_metadata__cover_proof_havoc_memory.yml,intel-tdx-module,tdh_mng_key_freeid__invalid_state_tdr_metadata__cover_proof_havoc_memory.i,reach,unsafe,mixed,LP64,6,0,timeout,,2,,369.7,,,,,,,,,,,,
intel-tdx-module/tdh_mng_key_freeid__unexpected__safety_requirement_havoc_memory.yml,intel-tdx-module,tdh_mng_key_freeid__unexpected__safety_requirement_havoc_memory.i,reach,safe,mixed,LP64,6,0,timeout,,0,,180.2,,,,,,,,,,,,
intel-tdx-module/tdh_import_abort__unexpected__cover_entry_havoc_memory.yml,intel-tdx-module,tdh_import_abort__unexpected__cover_entry_havoc_memory.i,reach,unsafe,mixed,LP64,7,0,found,0,0,0,9.6,reach_error.assertion.1,,,,,,,,,yes,,results/tdx_traces/intel-tdx-module__tdh_import_abort__unexpected__cover_entry_havoc_memory.yml__reach.txt
intel-tdx-module/tdh_import_abort__expected__cover_exit_havoc_memory.yml,intel-tdx-module,tdh_import_abort__expected__cover_exit_havoc_memory.i,reach,unsafe,mixed,LP64,7,0,timeout,,0,,180.3,,,,,,,,,,,,
intel-tdx-module/tdh_mng_key_freeid__unconstrained__cover_exit_unsuccess_havoc_memory.yml,intel-tdx-module,tdh_mng_key_freeid__unconstrained__cover_exit_unsuccess_havoc_memory.i,reach,unsafe,mixed,LP64,6,0,timeout,,2,,367.4,,,,,,,,,,,,
intel-tdx-module/tdh_import_abort__expected__cover_proof_havoc_memory.yml,intel-tdx-module,tdh_import_abort__expected__cover_proof_havoc_memory.i,reach,unsafe,mixed,LP64,7,0,timeout,,0,,180.3,,,,,,,,,,,,
intel-tdx-module/tdh_mng_vpflushdone__expected__cover_entry_havoc_memory.yml,intel-tdx-module,tdh_mng_vpflushdone__expected__cover_entry_havoc_memory.i,reach,unsafe,mixed,LP64,7,0,found,0,0,0,9.0,reach_error.assertion.1,,,,,,,,,yes,,results/tdx_traces/intel-tdx-module__tdh_mng_vpflushdone__expected__cover_entry_havoc_memory.yml__reach.txt
intel-tdx-module/tdh_import_abort__expected__safety_requirement_havoc_memory.yml,intel-tdx-module,tdh_import_abort__expected__safety_requirement_havoc_memory.i,reach,safe,mixed,LP64,7,0,timeout,,0,,180.3,,,,,,,,,,,,
intel-tdx-module/tdh_import_abort__unconstrained__cover_exit_unsuccess_havoc_memory.yml,intel-tdx-module,tdh_import_abort__unconstrained__cover_exit_unsuccess_havoc_memory.i,reach,unsafe,mixed,LP64,7,0,timeout,,0,,180.2,,,,,,,,,,,,
intel-tdx-module/tdh_mng_key_freeid__unexpected__cover_exit_havoc_memory.yml,intel-tdx-module,tdh_mng_key_freeid__unexpected__cover_exit_havoc_memory.i,reach,unsafe,mixed,LP64,6,0,timeout,,2,,363.5,,,,,,,,,,,,
intel-tdx-module/tdh_mng_key_freeid__unexpected__cover_proof_havoc_memory.yml,intel-tdx-module,tdh_mng_key_freeid__unexpected__cover_proof_havoc_memory.i,reach,unsafe,mixed,LP64,6,0,timeout,,2,,357.5,,,,,,,,,,,,
intel-tdx-module/tdh_mng_vpflushdone__invalid_input_tdr_hkid__cover_entry_havoc_memory.yml,intel-tdx-module,tdh_mng_vpflushdone__invalid_input_tdr_hkid__cover_entry_havoc_memory.i,reach,unsafe,mixed,LP64,7,0,found,0,0,0,9.3,reach_error.assertion.1,,,,,,,,,yes,,results/tdx_traces/intel-tdx-module__tdh_mng_vpflushdone__invalid_input_tdr_hkid__cover_entry_havoc_memory.yml__reach.txt
intel-tdx-module/tdh_import_abort__unexpected__cover_exit_havoc_memory.yml,intel-tdx-module,tdh_import_abort__unexpected__cover_exit_havoc_memory.i,reach,unsafe,mixed,LP64,7,0,timeout,,0,,180.2,,,,,,,,,,,,
intel-tdx-module/tdh_mng_vpflushdone__invalid_state_op_state__cover_entry_havoc_memory.yml,intel-tdx-module,tdh_mng_vpflushdone__invalid_state_op_state__cover_entry_havoc_memory.i,reach,unsafe,mixed,LP64,7,0,found,0,0,0,9.7,reach_error.assertion.1,,,,,,,,,yes,,results/tdx_traces/intel-tdx-module__tdh_mng_vpflushdone__invalid_state_op_state__cover_entry_havoc_memory.yml__reach.txt
intel-tdx-module/tdh_import_abort__unexpected__cover_proof_havoc_memory.yml,intel-tdx-module,tdh_import_abort__unexpected__cover_proof_havoc_memory.i,reach,unsafe,mixed,LP64,7,0,timeout,,0,,180.3,,,,,,,,,,,,
intel-tdx-module/tdh_import_abort__unexpected__safety_requirement_havoc_memory.yml,intel-tdx-module,tdh_import_abort__unexpected__safety_requirement_havoc_memory.i,reach,safe,mixed,LP64,7,0,timeout,,0,,180.3,,,,,,,,,,,,
intel-tdx-module/tdh_mng_vpflushdone__invalid_state_tdr_lifecycle__cover_entry_havoc_memory.yml,intel-tdx-module,tdh_mng_vpflushdone__invalid_state_tdr_lifecycle__cover_entry_havoc_memory.i,reach,unsafe,mixed,LP64,7,0,found,0,0,0,9.0,reach_error.assertion.1,,,,,,,,,yes,,results/tdx_traces/intel-tdx-module__tdh_mng_vpflushdone__invalid_state_tdr_lifecycle__cover_entry_havoc_memory.yml__reach.txt
intel-tdx-module/tdh_mng_vpflushdone__expected__safety_requirement_havoc_memory.yml,intel-tdx-module,tdh_mng_vpflushdone__expected__safety_requirement_havoc_memory.i,reach,safe,mixed,LP64,7,0,timeout,,0,,180.1,,,,,,,,,,,,
intel-tdx-module/tdh_mng_vpflushdone__expected__cover_exit_havoc_memory.yml,intel-tdx-module,tdh_mng_vpflushdone__expected__cover_exit_havoc_memory.i,reach,unsafe,mixed,LP64,7,0,timeout,,2,,514.8,,,,,,,,,,,,
intel-tdx-module/tdh_mng_vpflushdone__invalid_state_tdr_metadata__cover_entry_havoc_memory.yml,intel-tdx-module,tdh_mng_vpflushdone__invalid_state_tdr_metadata__cover_entry_havoc_memory.i,reach,unsafe,mixed,LP64,7,0,found,0,0,0,9.4,reach_error.assertion.1,,,,,,,,,yes,,results/tdx_traces/intel-tdx-module__tdh_mng_vpflushdone__invalid_state_tdr_metadata__cover_entry_havoc_memory.yml__reach.txt
intel-tdx-module/tdh_mng_vpflushdone__expected__cover_proof_havoc_memory.yml,intel-tdx-module,tdh_mng_vpflushdone__expected__cover_proof_havoc_memory.i,reach,unsafe,mixed,LP64,7,0,timeout,,2,,522.9,,,,,,,,,,,,
intel-tdx-module/tdh_mng_vpflushdone__invalid_input_tdr_hkid__cover_exit_havoc_memory.yml,intel-tdx-module,tdh_mng_vpflushdone__invalid_input_tdr_hkid__cover_exit_havoc_memory.i,reach,unsafe,mixed,LP64,7,0,timeout,,2,,509.5,,,,,,,,,,,,
intel-tdx-module/tdh_mng_vpflushdone__invalid_input_tdr_hkid__cover_proof_havoc_memory.yml,intel-tdx-module,tdh_mng_vpflushdone__invalid_input_tdr_hkid__cover_proof_havoc_memory.i,reach,unsafe,mixed,LP64,7,0,timeout,,2,,530.8,,,,,,,,,,,,
intel-tdx-module/tdh_mng_vpflushdone__unexpected__cover_entry_havoc_memory.yml,intel-tdx-module,tdh_mng_vpflushdone__unexpected__cover_entry_havoc_memory.i,reach,unsafe,mixed,LP64,7,0,found,0,0,0,9.2,reach_error.assertion.1,,,,,,,,,yes,,results/tdx_traces/intel-tdx-module__tdh_mng_vpflushdone__unexpected__cover_entry_havoc_memory.yml__reach.txt
intel-tdx-module/tdh_mng_vpflushdone__invalid_state_op_state__cover_exit_havoc_memory.yml,intel-tdx-module,tdh_mng_vpflushdone__invalid_state_op_state__cover_exit_havoc_memory.i,reach,unsafe,mixed,LP64,7,0,timeout,,2,,503.5,,,,,,,,,,,,
intel-tdx-module/tdh_mng_vpflushdone__invalid_state_op_state__cover_proof_havoc_memory.yml,intel-tdx-module,tdh_mng_vpflushdone__invalid_state_op_state__cover_proof_havoc_memory.i,reach,unsafe,mixed,LP64,7,0,timeout,,2,,495.3,,,,,,,,,,,,
intel-tdx-module/tdh_mng_vpflushdone__invalid_state_tdr_lifecycle__cover_exit_havoc_memory.yml,intel-tdx-module,tdh_mng_vpflushdone__invalid_state_tdr_lifecycle__cover_exit_havoc_memory.i,reach,unsafe,mixed,LP64,7,0,timeout,,2,,513.4,,,,,,,,,,,,
intel-tdx-module/tdh_mng_vpflushdone__invalid_state_tdr_lifecycle__cover_proof_havoc_memory.yml,intel-tdx-module,tdh_mng_vpflushdone__invalid_state_tdr_lifecycle__cover_proof_havoc_memory.i,reach,unsafe,mixed,LP64,7,0,timeout,,2,,509.6,,,,,,,,,,,,
intel-tdx-module/tdh_mng_vpflushdone__unexpected__safety_requirement_havoc_memory.yml,intel-tdx-module,tdh_mng_vpflushdone__unexpected__safety_requirement_havoc_memory.i,reach,safe,mixed,LP64,7,0,timeout,,0,,180.1,,,,,,,,,,,,
intel-tdx-module/tdh_mr_finalize__expected__cover_entry_havoc_memory.yml,intel-tdx-module,tdh_mr_finalize__expected__cover_entry_havoc_memory.i,reach,unsafe,mixed,LP64,8,0,timeout,,2,,330.3,,,,,,,,,,,,
intel-tdx-module/tdh_mng_vpflushdone__invalid_state_tdr_metadata__cover_exit_havoc_memory.yml,intel-tdx-module,tdh_mng_vpflushdone__invalid_state_tdr_metadata__cover_exit_havoc_memory.i,reach,unsafe,mixed,LP64,7,0,timeout,,2,,510.6,,,,,,,,,,,,
intel-tdx-module/tdh_mr_finalize__expected__cover_exit_havoc_memory.yml,intel-tdx-module,tdh_mr_finalize__expected__cover_exit_havoc_memory.i,reach,unsafe,mixed,LP64,8,0,timeout,,2,,328.4,,,,,,,,,,,,
intel-tdx-module/tdh_mng_vpflushdone__unconstrained__cover_exit_unsuccess_havoc_memory.yml,intel-tdx-module,tdh_mng_vpflushdone__unconstrained__cover_exit_unsuccess_havoc_memory.i,reach,unsafe,mixed,LP64,7,0,timeout,,2,,509.5,,,,,,,,,,,,
intel-tdx-module/tdh_mng_vpflushdone__invalid_state_tdr_metadata__cover_proof_havoc_memory.yml,intel-tdx-module,tdh_mng_vpflushdone__invalid_state_tdr_metadata__cover_proof_havoc_memory.i,reach,unsafe,mixed,LP64,7,0,timeout,,2,,519.9,,,,,,,,,,,,
intel-tdx-module/tdh_mng_vpflushdone__unexpected__cover_exit_havoc_memory.yml,intel-tdx-module,tdh_mng_vpflushdone__unexpected__cover_exit_havoc_memory.i,reach,unsafe,mixed,LP64,7,0,timeout,,2,,518.1,,,,,,,,,,,,
intel-tdx-module/tdh_mng_vpflushdone__unexpected__cover_proof_havoc_memory.yml,intel-tdx-module,tdh_mng_vpflushdone__unexpected__cover_proof_havoc_memory.i,reach,unsafe,mixed,LP64,7,0,timeout,,2,,517.3,,,,,,,,,,,,
intel-tdx-module/tdh_mr_finalize__expected__cover_proof_havoc_memory.yml,intel-tdx-module,tdh_mr_finalize__expected__cover_proof_havoc_memory.i,reach,unsafe,mixed,LP64,8,0,timeout,,2,,305.5,,,,,,,,,,,,
intel-tdx-module/tdh_mr_finalize__expected__safety_requirement_havoc_memory.yml,intel-tdx-module,tdh_mr_finalize__expected__safety_requirement_havoc_memory.i,reach,safe,mixed,LP64,8,0,timeout,,2,,303.4,,,,,,,,,,,,
intel-tdx-module/tdh_mr_finalize__invalid_input_hkid__cover_entry_havoc_memory.yml,intel-tdx-module,tdh_mr_finalize__invalid_input_hkid__cover_entry_havoc_memory.i,reach,unsafe,mixed,LP64,8,0,timeout,,2,,307.5,,,,,,,,,,,,
intel-tdx-module/tdh_mr_finalize__invalid_input_hkid__cover_exit_havoc_memory.yml,intel-tdx-module,tdh_mr_finalize__invalid_input_hkid__cover_exit_havoc_memory.i,reach,unsafe,mixed,LP64,8,0,timeout,,2,,308.1,,,,,,,,,,,,
intel-tdx-module/tdh_mr_finalize__invalid_input_hkid__cover_proof_havoc_memory.yml,intel-tdx-module,tdh_mr_finalize__invalid_input_hkid__cover_proof_havoc_memory.i,reach,unsafe,mixed,LP64,8,0,timeout,,2,,303.7,,,,,,,,,,,,
intel-tdx-module/tdh_mr_finalize__invalid_input_hkid__safety_requirement_havoc_memory.yml,intel-tdx-module,tdh_mr_finalize__invalid_input_hkid__safety_requirement_havoc_memory.i,reach,safe,mixed,LP64,8,0,timeout,,2,,305.6,,,,,,,,,,,,
intel-tdx-module/tdh_mr_finalize__invalid_state_lifecycle__cover_entry_havoc_memory.yml,intel-tdx-module,tdh_mr_finalize__invalid_state_lifecycle__cover_entry_havoc_memory.i,reach,unsafe,mixed,LP64,8,0,timeout,,2,,305.3,,,,,,,,,,,,
intel-tdx-module/tdh_mr_finalize__invalid_state_lifecycle__cover_exit_havoc_memory.yml,intel-tdx-module,tdh_mr_finalize__invalid_state_lifecycle__cover_exit_havoc_memory.i,reach,unsafe,mixed,LP64,8,0,timeout,,2,,301.0,,,,,,,,,,,,
intel-tdx-module/tdh_mr_finalize__invalid_state_lifecycle__cover_proof_havoc_memory.yml,intel-tdx-module,tdh_mr_finalize__invalid_state_lifecycle__cover_proof_havoc_memory.i,reach,unsafe,mixed,LP64,8,0,timeout,,2,,301.2,,,,,,,,,,,,
intel-tdx-module/tdh_mr_finalize__invalid_state_lifecycle__safety_requirement_havoc_memory.yml,intel-tdx-module,tdh_mr_finalize__invalid_state_lifecycle__safety_requirement_havoc_memory.i,reach,safe,mixed,LP64,8,0,timeout,,2,,305.5,,,,,,,,,,,,
intel-tdx-module/tdh_mr_finalize__invalid_state_op_state__cover_entry_havoc_memory.yml,intel-tdx-module,tdh_mr_finalize__invalid_state_op_state__cover_entry_havoc_memory.i,reach,unsafe,mixed,LP64,8,0,timeout,,2,,308.4,,,,,,,,,,,,
intel-tdx-module/tdh_mr_finalize__invalid_state_op_state__cover_exit_havoc_memory.yml,intel-tdx-module,tdh_mr_finalize__invalid_state_op_state__cover_exit_havoc_memory.i,reach,unsafe,mixed,LP64,8,0,timeout,,2,,311.1,,,,,,,,,,,,
intel-tdx-module/tdh_mr_finalize__invalid_state_op_state__cover_proof_havoc_memory.yml,intel-tdx-module,tdh_mr_finalize__invalid_state_op_state__cover_proof_havoc_memory.i,reach,unsafe,mixed,LP64,8,0,timeout,,2,,307.1,,,,,,,,,,,,
intel-tdx-module/tdh_mr_finalize__invalid_state_op_state__safety_requirement_havoc_memory.yml,intel-tdx-module,tdh_mr_finalize__invalid_state_op_state__safety_requirement_havoc_memory.i,reach,safe,mixed,LP64,8,0,timeout,,2,,308.6,,,,,,,,,,,,
intel-tdx-module/tdh_mr_finalize__invalid_state_td_state__cover_entry_havoc_memory.yml,intel-tdx-module,tdh_mr_finalize__invalid_state_td_state__cover_entry_havoc_memory.i,reach,unsafe,mixed,LP64,8,0,timeout,,2,,304.6,,,,,,,,,,,,
intel-tdx-module/tdh_mr_finalize__invalid_state_td_state__cover_exit_havoc_memory.yml,intel-tdx-module,tdh_mr_finalize__invalid_state_td_state__cover_exit_havoc_memory.i,reach,unsafe,mixed,LP64,8,0,timeout,,2,,300.9,,,,,,,,,,,,
intel-tdx-module/tdh_mr_finalize__invalid_state_td_state__cover_proof_havoc_memory.yml,intel-tdx-module,tdh_mr_finalize__invalid_state_td_state__cover_proof_havoc_memory.i,reach,unsafe,mixed,LP64,8,0,timeout,,2,,301.4,,,,,,,,,,,,
intel-tdx-module/tdh_mr_finalize__invalid_state_tdr_metadata__cover_exit_havoc_memory.yml,intel-tdx-module,tdh_mr_finalize__invalid_state_tdr_metadata__cover_exit_havoc_memory.i,reach,unsafe,mixed,LP64,8,0,timeout,,0,,180.2,,,,,,,,,,,,
intel-tdx-module/tdh_mr_finalize__invalid_state_tdr_metadata__cover_proof_havoc_memory.yml,intel-tdx-module,tdh_mr_finalize__invalid_state_tdr_metadata__cover_proof_havoc_memory.i,reach,unsafe,mixed,LP64,8,0,timeout,,0,,180.2,,,,,,,,,,,,
intel-tdx-module/tdh_mr_finalize__unexpected__cover_exit_havoc_memory.yml,intel-tdx-module,tdh_mr_finalize__unexpected__cover_exit_havoc_memory.i,reach,unsafe,mixed,LP64,8,0,timeout,,0,,180.1,,,,,,,,,,,,
intel-tdx-module/tdh_mr_finalize__invalid_state_td_state__safety_requirement_havoc_memory.yml,intel-tdx-module,tdh_mr_finalize__invalid_state_td_state__safety_requirement_havoc_memory.i,reach,safe,mixed,LP64,8,0,timeout,,2,,307.3,,,,,,,,,,,,
intel-tdx-module/tdh_mr_finalize__invalid_state_tdr_metadata__cover_entry_havoc_memory.yml,intel-tdx-module,tdh_mr_finalize__invalid_state_tdr_metadata__cover_entry_havoc_memory.i,reach,unsafe,mixed,LP64,8,0,timeout,,2,,359.7,,,,,,,,,,,,
intel-tdx-module/tdh_mr_finalize__unexpected__cover_proof_havoc_memory.yml,intel-tdx-module,tdh_mr_finalize__unexpected__cover_proof_havoc_memory.i,reach,unsafe,mixed,LP64,8,0,timeout,,0,,180.1,,,,,,,,,,,,
intel-tdx-module/tdh_mr_finalize__unexpected__safety_requirement_havoc_memory.yml,intel-tdx-module,tdh_mr_finalize__unexpected__safety_requirement_havoc_memory.i,reach,safe,mixed,LP64,8,0,timeout,,0,,180.1,,,,,,,,,,,,
intel-tdx-module/tdh_mr_finalize__unconstrained__cover_exit_success_havoc_memory.yml,intel-tdx-module,tdh_mr_finalize__unconstrained__cover_exit_success_havoc_memory.i,reach,unsafe,mixed,LP64,8,0,timeout,,2,,369.9,,,,,,,,,,,,
intel-tdx-module/tdh_mr_finalize__unexpected__cover_entry_havoc_memory.yml,intel-tdx-module,tdh_mr_finalize__unexpected__cover_entry_havoc_memory.i,reach,unsafe,mixed,LP64,8,0,timeout,,2,,344.0,,,,,,,,,,,,
intel-tdx-module/tdh_mr_finalize__unconstrained__cover_exit_unsuccess_havoc_memory.yml,intel-tdx-module,tdh_mr_finalize__unconstrained__cover_exit_unsuccess_havoc_memory.i,reach,unsafe,mixed,LP64,8,0,timeout,,2,,417.7,,,,,,,,,,,,
intel-tdx-module/tdh_phymem_page_reclaim__expected__cover_entry_havoc_memory.yml,intel-tdx-module,tdh_phymem_page_reclaim__expected__cover_entry_havoc_memory.i,reach,unsafe,mixed,LP64,9,0,timeout,,44,,899.9,,,,,,,,,,,,
intel-tdx-module/tdh_phymem_page_reclaim__expected__cover_exit_havoc_memory.yml,intel-tdx-module,tdh_phymem_page_reclaim__expected__cover_exit_havoc_memory.i,reach,unsafe,mixed,LP64,9,0,timeout,,44,,899.3,,,,,,,,,,,,
intel-tdx-module/tdh_phymem_page_reclaim__expected__cover_proof_havoc_memory.yml,intel-tdx-module,tdh_phymem_page_reclaim__expected__cover_proof_havoc_memory.i,reach,unsafe,mixed,LP64,9,0,timeout,,44,,899.2,,,,,,,,,,,,
intel-tdx-module/tdh_phymem_page_reclaim__expected__safety_requirement_havoc_memory.yml,intel-tdx-module,tdh_phymem_page_reclaim__expected__safety_requirement_havoc_memory.i,reach,safe,mixed,LP64,9,0,timeout,,44,,899.6,,,,,,,,,,,,
intel-tdx-module/tdh_phymem_page_reclaim__invalid_input_pa__cover_entry_havoc_memory.yml,intel-tdx-module,tdh_phymem_page_reclaim__invalid_input_pa__cover_entry_havoc_memory.i,reach,unsafe,mixed,LP64,9,0,timeout,,44,,900.0,,,,,,,,,,,,
intel-tdx-module/tdh_phymem_page_reclaim__invalid_input_pa__cover_exit_havoc_memory.yml,intel-tdx-module,tdh_phymem_page_reclaim__invalid_input_pa__cover_exit_havoc_memory.i,reach,unsafe,mixed,LP64,9,0,timeout,,44,,899.1,,,,,,,,,,,,
intel-tdx-module/tdh_phymem_page_reclaim__invalid_input_pa__cover_proof_havoc_memory.yml,intel-tdx-module,tdh_phymem_page_reclaim__invalid_input_pa__cover_proof_havoc_memory.i,reach,unsafe,mixed,LP64,9,0,timeout,,44,,899.2,,,,,,,,,,,,
intel-tdx-module/tdh_phymem_page_reclaim__invalid_input_pa__safety_requirement_havoc_memory.yml,intel-tdx-module,tdh_phymem_page_reclaim__invalid_input_pa__safety_requirement_havoc_memory.i,reach,safe,mixed,LP64,9,0,timeout,,44,,899.6,,,,,,,,,,,,
intel-tdx-module/tdh_phymem_page_reclaim__invalid_state_child_count__cover_entry_havoc_memory.yml,intel-tdx-module,tdh_phymem_page_reclaim__invalid_state_child_count__cover_entry_havoc_memory.i,reach,unsafe,mixed,LP64,9,0,timeout,,44,,899.8,,,,,,,,,,,,
intel-tdx-module/tdh_phymem_page_reclaim__invalid_state_child_count__cover_exit_havoc_memory.yml,intel-tdx-module,tdh_phymem_page_reclaim__invalid_state_child_count__cover_exit_havoc_memory.i,reach,unsafe,mixed,LP64,9,0,timeout,,44,,899.3,,,,,,,,,,,,
intel-tdx-module/tdh_phymem_page_reclaim__invalid_state_child_count__cover_proof_havoc_memory.yml,intel-tdx-module,tdh_phymem_page_reclaim__invalid_state_child_count__cover_proof_havoc_memory.i,reach,unsafe,mixed,LP64,9,0,timeout,,44,,900.0,,,,,,,,,,,,
intel-tdx-module/tdh_phymem_page_reclaim__invalid_state_child_count__safety_requirement_havoc_memory.yml,intel-tdx-module,tdh_phymem_page_reclaim__invalid_state_child_count__safety_requirement_havoc_memory.i,reach,safe,mixed,LP64,9,0,timeout,,44,,899.8,,,,,,,,,,,,
intel-tdx-module/tdh_phymem_page_reclaim__invalid_state_lifecycle__cover_entry_havoc_memory.yml,intel-tdx-module,tdh_phymem_page_reclaim__invalid_state_lifecycle__cover_entry_havoc_memory.i,reach,unsafe,mixed,LP64,9,0,timeout,,44,,899.8,,,,,,,,,,,,
intel-tdx-module/tdh_phymem_page_reclaim__invalid_state_lifecycle__cover_exit_havoc_memory.yml,intel-tdx-module,tdh_phymem_page_reclaim__invalid_state_lifecycle__cover_exit_havoc_memory.i,reach,unsafe,mixed,LP64,9,0,timeout,,44,,899.6,,,,,,,,,,,,
intel-tdx-module/tdh_phymem_page_reclaim__invalid_state_lifecycle__cover_proof_havoc_memory.yml,intel-tdx-module,tdh_phymem_page_reclaim__invalid_state_lifecycle__cover_proof_havoc_memory.i,reach,unsafe,mixed,LP64,9,0,timeout,,44,,899.1,,,,,,,,,,,,
intel-tdx-module/tdh_phymem_page_reclaim__invalid_state_lifecycle__safety_requirement_havoc_memory.yml,intel-tdx-module,tdh_phymem_page_reclaim__invalid_state_lifecycle__safety_requirement_havoc_memory.i,reach,safe,mixed,LP64,9,0,timeout,,44,,899.9,,,,,,,,,,,,
intel-tdx-module/tdh_phymem_page_reclaim__invalid_state_pamt_metadata__cover_entry_havoc_memory.yml,intel-tdx-module,tdh_phymem_page_reclaim__invalid_state_pamt_metadata__cover_entry_havoc_memory.i,reach,unsafe,mixed,LP64,9,0,timeout,,44,,899.3,,,,,,,,,,,,
intel-tdx-module/tdh_phymem_page_reclaim__invalid_state_pamt_metadata__cover_exit_havoc_memory.yml,intel-tdx-module,tdh_phymem_page_reclaim__invalid_state_pamt_metadata__cover_exit_havoc_memory.i,reach,unsafe,mixed,LP64,9,0,timeout,,44,,899.5,,,,,,,,,,,,
intel-tdx-module/tdh_phymem_page_reclaim__invalid_state_pamt_metadata__cover_proof_havoc_memory.yml,intel-tdx-module,tdh_phymem_page_reclaim__invalid_state_pamt_metadata__cover_proof_havoc_memory.i,reach,unsafe,mixed,LP64,9,0,timeout,,44,,899.3,,,,,,,,,,,,
intel-tdx-module/tdh_phymem_page_reclaim__unconstrained__cover_exit_success_havoc_memory.yml,intel-tdx-module,tdh_phymem_page_reclaim__unconstrained__cover_exit_success_havoc_memory.i,reach,unsafe,mixed,LP64,9,0,timeout,,44,,899.9,,,,,,,,,,,,
intel-tdx-module/tdh_phymem_page_reclaim__unconstrained__cover_exit_unsuccess_havoc_memory.yml,intel-tdx-module,tdh_phymem_page_reclaim__unconstrained__cover_exit_unsuccess_havoc_memory.i,reach,unsafe,mixed,LP64,9,0,timeout,,44,,899.3,,,,,,,,,,,,
intel-tdx-module/tdh_phymem_page_reclaim__unexpected__cover_entry_havoc_memory.yml,intel-tdx-module,tdh_phymem_page_reclaim__unexpected__cover_entry_havoc_memory.i,reach,unsafe,mixed,LP64,9,0,timeout,,44,,899.8,,,,,,,,,,,,
intel-tdx-module/tdh_phymem_page_reclaim__unexpected__cover_exit_havoc_memory.yml,intel-tdx-module,tdh_phymem_page_reclaim__unexpected__cover_exit_havoc_memory.i,reach,unsafe,mixed,LP64,9,0,timeout,,44,,899.5,,,,,,,,,,,,
intel-tdx-module/tdh_phymem_page_reclaim__unexpected__cover_proof_havoc_memory.yml,intel-tdx-module,tdh_phymem_page_reclaim__unexpected__cover_proof_havoc_memory.i,reach,unsafe,mixed,LP64,9,0,timeout,,44,,900.0,,,,,,,,,,,,
intel-tdx-module/tdh_mng_addcx__expected__cover_entry_havoc_memory.yml,intel-tdx-module,tdh_mng_addcx__expected__cover_entry_havoc_memory.i,reach,unsafe,mixed,LP64,12,1,timeout,,2,,291.7,,,,,,,,,,,,
intel-tdx-module/tdh_mng_addcx__expected__cover_exit_havoc_memory.yml,intel-tdx-module,tdh_mng_addcx__expected__cover_exit_havoc_memory.i,reach,unsafe,mixed,LP64,12,1,timeout,,2,,294.2,,,,,,,,,,,,
intel-tdx-module/tdh_mng_addcx__expected__cover_proof_havoc_memory.yml,intel-tdx-module,tdh_mng_addcx__expected__cover_proof_havoc_memory.i,reach,unsafe,mixed,LP64,12,1,timeout,,2,,294.5,,,,,,,,,,,,
intel-tdx-module/tdh_mng_addcx__expected__safety_requirement_havoc_memory.yml,intel-tdx-module,tdh_mng_addcx__expected__safety_requirement_havoc_memory.i,reach,safe,mixed,LP64,12,1,timeout,,2,,313.7,,,,,,,,,,,,
intel-tdx-module/tdh_mng_addcx__invalid_input_tdcx_pa__cover_entry_havoc_memory.yml,intel-tdx-module,tdh_mng_addcx__invalid_input_tdcx_pa__cover_entry_havoc_memory.i,reach,unsafe,mixed,LP64,12,1,timeout,,2,,304.7,,,,,,,,,,,,
intel-tdx-module/tdh_mng_addcx__invalid_input_tdcx_pa__cover_exit_havoc_memory.yml,intel-tdx-module,tdh_mng_addcx__invalid_input_tdcx_pa__cover_exit_havoc_memory.i,reach,unsafe,mixed,LP64,12,1,timeout,,2,,304.6,,,,,,,,,,,,
intel-tdx-module/tdh_mng_addcx__invalid_input_tdcx_pa__cover_proof_havoc_memory.yml,intel-tdx-module,tdh_mng_addcx__invalid_input_tdcx_pa__cover_proof_havoc_memory.i,reach,unsafe,mixed,LP64,12,1,timeout,,2,,300.4,,,,,,,,,,,,
intel-tdx-module/tdh_mng_addcx__invalid_input_tdcx_pa__safety_requirement_havoc_memory.yml,intel-tdx-module,tdh_mng_addcx__invalid_input_tdcx_pa__safety_requirement_havoc_memory.i,reach,safe,mixed,LP64,12,1,timeout,,2,,309.3,,,,,,,,,,,,
intel-tdx-module/tdh_mng_addcx__invalid_input_tdr_pa__cover_entry_havoc_memory.yml,intel-tdx-module,tdh_mng_addcx__invalid_input_tdr_pa__cover_entry_havoc_memory.i,reach,unsafe,mixed,LP64,12,1,timeout,,2,,307.1,,,,,,,,,,,,
intel-tdx-module/tdh_mng_addcx__invalid_input_tdr_pa__cover_exit_havoc_memory.yml,intel-tdx-module,tdh_mng_addcx__invalid_input_tdr_pa__cover_exit_havoc_memory.i,reach,unsafe,mixed,LP64,12,1,timeout,,2,,307.8,,,,,,,,,,,,
intel-tdx-module/tdh_mng_addcx__invalid_input_tdr_pa__cover_proof_havoc_memory.yml,intel-tdx-module,tdh_mng_addcx__invalid_input_tdr_pa__cover_proof_havoc_memory.i,reach,unsafe,mixed,LP64,12,1,timeout,,2,,305.9,,,,,,,,,,,,
intel-tdx-module/tdh_mng_addcx__invalid_input_tdr_pa__safety_requirement_havoc_memory.yml,intel-tdx-module,tdh_mng_addcx__invalid_input_tdr_pa__safety_requirement_havoc_memory.i,reach,safe,mixed,LP64,12,1,timeout,,2,,307.3,,,,,,,,,,,,
intel-tdx-module/tdh_mng_addcx__invalid_state_num_tdcx__cover_entry_havoc_memory.yml,intel-tdx-module,tdh_mng_addcx__invalid_state_num_tdcx__cover_entry_havoc_memory.i,reach,safe,mixed,LP64,12,1,found,0,0,0,59.6,,,,,,,,,,yes,,results/tdx_traces/intel-tdx-module__tdh_mng_addcx__invalid_state_num_tdcx__cover_entry_havoc_memory.yml__reach.txt
intel-tdx-module/tdh_mng_addcx__invalid_state_lifecycle__cover_entry_havoc_memory.yml,intel-tdx-module,tdh_mng_addcx__invalid_state_lifecycle__cover_entry_havoc_memory.i,reach,unsafe,mixed,LP64,12,1,timeout,,2,,308.3,,,,,,,,,,,,
intel-tdx-module/tdh_mng_addcx__invalid_state_num_tdcx__cover_exit_havoc_memory.yml,intel-tdx-module,tdh_mng_addcx__invalid_state_num_tdcx__cover_exit_havoc_memory.i,reach,safe,mixed,LP64,12,1,found,0,0,0,58.4,,,,,,,,,,yes,,results/tdx_traces/intel-tdx-module__tdh_mng_addcx__invalid_state_num_tdcx__cover_exit_havoc_memory.yml__reach.txt
intel-tdx-module/tdh_mng_addcx__invalid_state_num_tdcx__cover_proof_havoc_memory.yml,intel-tdx-module,tdh_mng_addcx__invalid_state_num_tdcx__cover_proof_havoc_memory.i,reach,safe,mixed,LP64,12,1,found,0,0,0,55.8,,,,,,,,,,yes,,results/tdx_traces/intel-tdx-module__tdh_mng_addcx__invalid_state_num_tdcx__cover_proof_havoc_memory.yml__reach.txt
intel-tdx-module/tdh_mng_addcx__invalid_state_lifecycle__cover_exit_havoc_memory.yml,intel-tdx-module,tdh_mng_addcx__invalid_state_lifecycle__cover_exit_havoc_memory.i,reach,unsafe,mixed,LP64,12,1,timeout,,2,,304.1,,,,,,,,,,,,
intel-tdx-module/tdh_mng_addcx__invalid_state_num_tdcx__safety_requirement_havoc_memory.yml,intel-tdx-module,tdh_mng_addcx__invalid_state_num_tdcx__safety_requirement_havoc_memory.i,reach,safe,mixed,LP64,12,1,found,0,0,0,63.2,,,,,,,,,,yes,,results/tdx_traces/intel-tdx-module__tdh_mng_addcx__invalid_state_num_tdcx__safety_requirement_havoc_memory.yml__reach.txt
intel-tdx-module/tdh_phymem_page_reclaim__unexpected__safety_requirement_havoc_memory.yml,intel-tdx-module,tdh_phymem_page_reclaim__unexpected__safety_requirement_havoc_memory.i,reach,safe,mixed,LP64,9,0,timeout,,42,,899.1,,,,,,,,,,,,
intel-tdx-module/tdh_mng_addcx__invalid_state_lifecycle__cover_proof_havoc_memory.yml,intel-tdx-module,tdh_mng_addcx__invalid_state_lifecycle__cover_proof_havoc_memory.i,reach,unsafe,mixed,LP64,12,1,timeout,,2,,299.6,,,,,,,,,,,,
intel-tdx-module/tdh_mng_addcx__invalid_state_pamt_metadata__cover_exit_havoc_memory.yml,intel-tdx-module,tdh_mng_addcx__invalid_state_pamt_metadata__cover_exit_havoc_memory.i,reach,unsafe,mixed,LP64,12,1,timeout,,0,,180.3,,,,,,,,,,,,
intel-tdx-module/tdh_mng_addcx__invalid_state_pamt_metadata__cover_proof_havoc_memory.yml,intel-tdx-module,tdh_mng_addcx__invalid_state_pamt_metadata__cover_proof_havoc_memory.i,reach,unsafe,mixed,LP64,12,1,timeout,,0,,180.2,,,,,,,,,,,,
intel-tdx-module/tdh_mng_addcx__invalid_state_lifecycle__safety_requirement_havoc_memory.yml,intel-tdx-module,tdh_mng_addcx__invalid_state_lifecycle__safety_requirement_havoc_memory.i,reach,safe,mixed,LP64,12,1,timeout,,2,,316.7,,,,,,,,,,,,
intel-tdx-module/tdh_mng_addcx__invalid_state_td_state__cover_entry_havoc_memory.yml,intel-tdx-module,tdh_mng_addcx__invalid_state_td_state__cover_entry_havoc_memory.i,reach,unsafe,mixed,LP64,12,1,timeout,,2,,308.9,,,,,,,,,,,,
intel-tdx-module/tdh_mng_addcx__invalid_state_pamt_metadata__cover_entry_havoc_memory.yml,intel-tdx-module,tdh_mng_addcx__invalid_state_pamt_metadata__cover_entry_havoc_memory.i,reach,unsafe,mixed,LP64,12,1,timeout,,2,,346.9,,,,,,,,,,,,
intel-tdx-module/tdh_mng_addcx__invalid_state_td_state__cover_exit_havoc_memory.yml,intel-tdx-module,tdh_mng_addcx__invalid_state_td_state__cover_exit_havoc_memory.i,reach,unsafe,mixed,LP64,12,1,timeout,,2,,311.1,,,,,,,,,,,,
intel-tdx-module/tdh_mng_addcx__invalid_state_td_state__cover_proof_havoc_memory.yml,intel-tdx-module,tdh_mng_addcx__invalid_state_td_state__cover_proof_havoc_memory.i,reach,unsafe,mixed,LP64,12,1,timeout,,2,,300.5,,,,,,,,,,,,
intel-tdx-module/tdh_mng_create__invalid_input_rcx__cover_entry_havoc_memory.yml,intel-tdx-module,tdh_mng_create__invalid_input_rcx__cover_entry_havoc_memory.i,reach,unsafe,mixed,LP64,12,1,found,0,0,0,10.7,reach_error.assertion.1,,,,,,,,,yes,,results/tdx_traces/intel-tdx-module__tdh_mng_create__invalid_input_rcx__cover_entry_havoc_memory.yml__reach.txt
intel-tdx-module/tdh_mng_addcx__invalid_state_td_state__safety_requirement_havoc_memory.yml,intel-tdx-module,tdh_mng_addcx__invalid_state_td_state__safety_requirement_havoc_memory.i,reach,safe,mixed,LP64,12,1,timeout,,2,,318.2,,,,,,,,,,,,
intel-tdx-module/tdh_mng_addcx__unexpected__cover_exit_havoc_memory.yml,intel-tdx-module,tdh_mng_addcx__unexpected__cover_exit_havoc_memory.i,reach,unsafe,mixed,LP64,12,1,timeout,,0,,180.3,,,,,,,,,,,,
intel-tdx-module/tdh_mng_addcx__unexpected__cover_proof_havoc_memory.yml,intel-tdx-module,tdh_mng_addcx__unexpected__cover_proof_havoc_memory.i,reach,unsafe,mixed,LP64,12,1,timeout,,0,,180.3,,,,,,,,,,,,
intel-tdx-module/tdh_mng_create__invalid_input_rdx__cover_entry_havoc_memory.yml,intel-tdx-module,tdh_mng_create__invalid_input_rdx__cover_entry_havoc_memory.i,reach,unsafe,mixed,LP64,12,1,found,0,0,0,10.7,reach_error.assertion.1,,,,,,,,,yes,,results/tdx_traces/intel-tdx-module__tdh_mng_create__invalid_input_rdx__cover_entry_havoc_memory.yml__reach.txt
intel-tdx-module/tdh_mng_addcx__unexpected__safety_requirement_havoc_memory.yml,intel-tdx-module,tdh_mng_addcx__unexpected__safety_requirement_havoc_memory.i,reach,safe,mixed,LP64,12,1,timeout,,0,,180.2,,,,,,,,,,,,
intel-tdx-module/tdh_mng_addcx__unexpected__cover_entry_havoc_memory.yml,intel-tdx-module,tdh_mng_addcx__unexpected__cover_entry_havoc_memory.i,reach,unsafe,mixed,LP64,12,1,timeout,,2,,361.2,,,,,,,,,,,,
intel-tdx-module/tdh_mng_create__invalid_state_kot_entry__cover_entry_havoc_memory.yml,intel-tdx-module,tdh_mng_create__invalid_state_kot_entry__cover_entry_havoc_memory.i,reach,unsafe,mixed,LP64,12,1,found,0,0,0,10.9,reach_error.assertion.1,,,,,,,,,yes,,results/tdx_traces/intel-tdx-module__tdh_mng_create__invalid_state_kot_entry__cover_entry_havoc_memory.yml__reach.txt
intel-tdx-module/tdh_mng_create__invalid_input_rcx__cover_exit_havoc_memory.yml,intel-tdx-module,tdh_mng_create__invalid_input_rcx__cover_exit_havoc_memory.i,reach,unsafe,mixed,LP64,12,1,timeout,,0,,180.2,,,,,,,,,,,,
intel-tdx-module/tdh_mng_create__invalid_input_rcx__cover_proof_havoc_memory.yml,intel-tdx-module,tdh_mng_create__invalid_input_rcx__cover_proof_havoc_memory.i,reach,unsafe,mixed,LP64,12,1,timeout,,0,,180.1,,,,,,,,,,,,
intel-tdx-module/tdh_mng_create__invalid_state_tdr_page__cover_entry_havoc_memory.yml,intel-tdx-module,tdh_mng_create__invalid_state_tdr_page__cover_entry_havoc_memory.i,reach,unsafe,mixed,LP64,12,1,found,0,0,0,11.0,reach_error.assertion.1,,,,,,,,,yes,,results/tdx_traces/intel-tdx-module__tdh_mng_create__invalid_state_tdr_page__cover_entry_havoc_memory.yml__reach.txt
intel-tdx-module/tdh_mng_addcx__unconstrained__cover_exit_success_havoc_memory.yml,intel-tdx-module,tdh_mng_addcx__unconstrained__cover_exit_success_havoc_memory.i,reach,unsafe,mixed,LP64,12,1,timeout,,2,,497.5,,,,,,,,,,,,
intel-tdx-module/tdh_mng_addcx__unconstrained__cover_exit_unsuccess_havoc_memory.yml,intel-tdx-module,tdh_mng_addcx__unconstrained__cover_exit_unsuccess_havoc_memory.i,reach,unsafe,mixed,LP64,12,1,timeout,,2,,491.6,,,,,,,,,,,,
intel-tdx-module/tdh_mng_create__invalid_input_rdx__cover_exit_havoc_memory.yml,intel-tdx-module,tdh_mng_create__invalid_input_rdx__cover_exit_havoc_memory.i,reach,unsafe,mixed,LP64,12,1,timeout,,0,,180.2,,,,,,,,,,,,
intel-tdx-module/tdh_mng_create__invalid_input_rdx__cover_proof_havoc_memory.yml,intel-tdx-module,tdh_mng_create__invalid_input_rdx__cover_proof_havoc_memory.i,reach,unsafe,mixed,LP64,12,1,timeout,,0,,180.1,,,,,,,,,,,,
intel-tdx-module/tdh_mng_create__unexpected__cover_entry_havoc_memory.yml,intel-tdx-module,tdh_mng_create__unexpected__cover_entry_havoc_memory.i,reach,unsafe,mixed,LP64,12,1,found,0,0,0,11.0,reach_error.assertion.1,,,,,,,,,yes,,results/tdx_traces/intel-tdx-module__tdh_mng_create__unexpected__cover_entry_havoc_memory.yml__reach.txt
intel-tdx-module/tdh_mng_create__invalid_input_rdx__safety_requirement_havoc_memory.yml,intel-tdx-module,tdh_mng_create__invalid_input_rdx__safety_requirement_havoc_memory.i,reach,safe,mixed,LP64,12,1,timeout,,0,,180.2,,,,,,,,,,,,
intel-tdx-module/tdh_mng_create__invalid_state_kot_entry__cover_exit_havoc_memory.yml,intel-tdx-module,tdh_mng_create__invalid_state_kot_entry__cover_exit_havoc_memory.i,reach,unsafe,mixed,LP64,12,1,timeout,,0,,180.2,,,,,,,,,,,,
intel-tdx-module/tdh_sys_init__expected__cover_entry_havoc_memory.yml,intel-tdx-module,tdh_sys_init__expected__cover_entry_havoc_memory.i,reach,unsafe,mixed,LP64,12,1,found,0,0,0,8.4,reach_error.assertion.1,,,,,,,,,yes,,results/tdx_traces/intel-tdx-module__tdh_sys_init__expected__cover_entry_havoc_memory.yml__reach.txt
intel-tdx-module/tdh_sys_init__expected__cover_exit_havoc_memory.yml,intel-tdx-module,tdh_sys_init__expected__cover_exit_havoc_memory.i,reach,unsafe,mixed,LP64,12,1,found,0,0,0,8.6,reach_error.assertion.1,,,,,,,,,yes,,results/tdx_traces/intel-tdx-module__tdh_sys_init__expected__cover_exit_havoc_memory.yml__reach.txt
intel-tdx-module/tdh_mng_create__invalid_state_kot_entry__cover_proof_havoc_memory.yml,intel-tdx-module,tdh_mng_create__invalid_state_kot_entry__cover_proof_havoc_memory.i,reach,unsafe,mixed,LP64,12,1,timeout,,0,,180.2,,,,,,,,,,,,
intel-tdx-module/tdh_sys_init__expected__cover_proof_havoc_memory.yml,intel-tdx-module,tdh_sys_init__expected__cover_proof_havoc_memory.i,reach,unsafe,mixed,LP64,12,1,found,0,0,0,12.7,reach_error.assertion.1,,,,,,,,,yes,,results/tdx_traces/intel-tdx-module__tdh_sys_init__expected__cover_proof_havoc_memory.yml__reach.txt
intel-tdx-module/tdh_sys_init__invalid_input_rcx__cover_entry_havoc_memory.yml,intel-tdx-module,tdh_sys_init__invalid_input_rcx__cover_entry_havoc_memory.i,reach,unsafe,mixed,LP64,12,1,found,0,0,0,8.3,reach_error.assertion.1,,,,,,,,,yes,,results/tdx_traces/intel-tdx-module__tdh_sys_init__invalid_input_rcx__cover_entry_havoc_memory.yml__reach.txt
intel-tdx-module/tdh_mng_create__invalid_state_tdr_page__cover_exit_havoc_memory.yml,intel-tdx-module,tdh_mng_create__invalid_state_tdr_page__cover_exit_havoc_memory.i,reach,unsafe,mixed,LP64,12,1,timeout,,0,,180.2,,,,,,,,,,,,
intel-tdx-module/tdh_sys_init__invalid_input_rcx__cover_exit_havoc_memory.yml,intel-tdx-module,tdh_sys_init__invalid_input_rcx__cover_exit_havoc_memory.i,reach,unsafe,mixed,LP64,12,1,found,0,0,0,8.5,reach_error.assertion.1,,,,,,,,,yes,,results/tdx_traces/intel-tdx-module__tdh_sys_init__invalid_input_rcx__cover_exit_havoc_memory.yml__reach.txt
intel-tdx-module/tdh_sys_init__invalid_input_rcx__cover_proof_havoc_memory.yml,intel-tdx-module,tdh_sys_init__invalid_input_rcx__cover_proof_havoc_memory.i,reach,unsafe,mixed,LP64,12,1,found,0,0,0,12.5,reach_error.assertion.1,,,,,,,,,yes,,results/tdx_traces/intel-tdx-module__tdh_sys_init__invalid_input_rcx__cover_proof_havoc_memory.yml__reach.txt
intel-tdx-module/tdh_sys_init__invalid_state_sys_state__cover_entry_havoc_memory.yml,intel-tdx-module,tdh_sys_init__invalid_state_sys_state__cover_entry_havoc_memory.i,reach,unsafe,mixed,LP64,12,1,found,0,0,0,8.1,reach_error.assertion.1,,,,,,,,,yes,,results/tdx_traces/intel-tdx-module__tdh_sys_init__invalid_state_sys_state__cover_entry_havoc_memory.yml__reach.txt
intel-tdx-module/tdh_sys_init__invalid_state_sys_state__cover_exit_havoc_memory.yml,intel-tdx-module,tdh_sys_init__invalid_state_sys_state__cover_exit_havoc_memory.i,reach,unsafe,mixed,LP64,12,1,found,0,0,0,8.3,reach_error.assertion.1,,,,,,,,,yes,,results/tdx_traces/intel-tdx-module__tdh_sys_init__invalid_state_sys_state__cover_exit_havoc_memory.yml__reach.txt
intel-tdx-module/tdh_mng_create__invalid_state_tdr_page__cover_proof_havoc_memory.yml,intel-tdx-module,tdh_mng_create__invalid_state_tdr_page__cover_proof_havoc_memory.i,reach,unsafe,mixed,LP64,12,1,timeout,,0,,180.2,,,,,,,,,,,,
intel-tdx-module/tdh_sys_init__invalid_state_sys_state__cover_proof_havoc_memory.yml,intel-tdx-module,tdh_sys_init__invalid_state_sys_state__cover_proof_havoc_memory.i,reach,unsafe,mixed,LP64,12,1,found,0,0,0,12.3,reach_error.assertion.1,,,,,,,,,yes,,results/tdx_traces/intel-tdx-module__tdh_sys_init__invalid_state_sys_state__cover_proof_havoc_memory.yml__reach.txt
intel-tdx-module/tdh_sys_init__unconstrained__cover_exit_unsuccess_havoc_memory.yml,intel-tdx-module,tdh_sys_init__unconstrained__cover_exit_unsuccess_havoc_memory.i,reach,unsafe,mixed,LP64,12,1,found,0,0,0,8.2,reach_error.assertion.1,,,,,,,,,yes,,results/tdx_traces/intel-tdx-module__tdh_sys_init__unconstrained__cover_exit_unsuccess_havoc_memory.yml__reach.txt
intel-tdx-module/tdh_sys_init__unexpected__cover_entry_havoc_memory.yml,intel-tdx-module,tdh_sys_init__unexpected__cover_entry_havoc_memory.i,reach,unsafe,mixed,LP64,12,1,found,0,0,0,8.0,reach_error.assertion.1,,,,,,,,,yes,,results/tdx_traces/intel-tdx-module__tdh_sys_init__unexpected__cover_entry_havoc_memory.yml__reach.txt
intel-tdx-module/tdh_mng_create__unexpected__cover_exit_havoc_memory.yml,intel-tdx-module,tdh_mng_create__unexpected__cover_exit_havoc_memory.i,reach,unsafe,mixed,LP64,12,1,timeout,,0,,180.2,,,,,,,,,,,,
intel-tdx-module/tdh_sys_init__unexpected__cover_exit_havoc_memory.yml,intel-tdx-module,tdh_sys_init__unexpected__cover_exit_havoc_memory.i,reach,unsafe,mixed,LP64,12,1,found,0,0,0,8.2,reach_error.assertion.1,,,,,,,,,yes,,results/tdx_traces/intel-tdx-module__tdh_sys_init__unexpected__cover_exit_havoc_memory.yml__reach.txt
intel-tdx-module/tdh_mng_create__unexpected__cover_proof_havoc_memory.yml,intel-tdx-module,tdh_mng_create__unexpected__cover_proof_havoc_memory.i,reach,unsafe,mixed,LP64,12,1,timeout,,0,,180.2,,,,,,,,,,,,
intel-tdx-module/tdh_mng_create__unexpected__safety_requirement_havoc_memory.yml,intel-tdx-module,tdh_mng_create__unexpected__safety_requirement_havoc_memory.i,reach,safe,mixed,LP64,12,1,timeout,,0,,180.2,,,,,,,,,,,,
intel-tdx-module/tdh_sys_init__unexpected__cover_proof_havoc_memory.yml,intel-tdx-module,tdh_sys_init__unexpected__cover_proof_havoc_memory.i,reach,unsafe,mixed,LP64,12,1,found,0,0,0,11.6,reach_error.assertion.1,,,,,,,,,yes,,results/tdx_traces/intel-tdx-module__tdh_sys_init__unexpected__cover_proof_havoc_memory.yml__reach.txt
intel-tdx-module/tdg_vp_enter__expected__cover_entry_havoc_memory.yml,intel-tdx-module,tdg_vp_enter__expected__cover_entry_havoc_memory.i,reach,unsafe,mixed,LP64,14,0,found,0,0,0,12.6,reach_error.assertion.1,,,,,,,,,yes,,results/tdx_traces/intel-tdx-module__tdg_vp_enter__expected__cover_entry_havoc_memory.yml__reach.txt
intel-tdx-module/tdh_sys_init__expected__safety_requirement_havoc_memory.yml,intel-tdx-module,tdh_sys_init__expected__safety_requirement_havoc_memory.i,reach,safe,mixed,LP64,12,1,timeout,,0,,180.0,,,,,,,,,,,,
intel-tdx-module/tdg_vp_enter__invalid_input_gpa__cover_entry_havoc_memory.yml,intel-tdx-module,tdg_vp_enter__invalid_input_gpa__cover_entry_havoc_memory.i,reach,unsafe,mixed,LP64,14,0,found,0,0,0,12.5,reach_error.assertion.1,,,,,,,,,yes,,results/tdx_traces/intel-tdx-module__tdg_vp_enter__invalid_input_gpa__cover_entry_havoc_memory.yml__reach.txt
intel-tdx-module/tdh_sys_init__invalid_input_rcx__safety_requirement_havoc_memory.yml,intel-tdx-module,tdh_sys_init__invalid_input_rcx__safety_requirement_havoc_memory.i,reach,safe,mixed,LP64,12,1,timeout,,0,,180.1,,,,,,,,,,,,
intel-tdx-module/tdh_sys_init__invalid_state_sys_state__safety_requirement_havoc_memory.yml,intel-tdx-module,tdh_sys_init__invalid_state_sys_state__safety_requirement_havoc_memory.i,reach,safe,mixed,LP64,12,1,timeout,,0,,180.1,,,,,,,,,,,,
intel-tdx-module/tdh_mng_create__unconstrained__cover_exit_unsuccess_havoc_memory.yml,intel-tdx-module,tdh_mng_create__unconstrained__cover_exit_unsuccess_havoc_memory.i,reach,unsafe,mixed,LP64,12,1,timeout,,2,,364.6,,,,,,,,,,,,
intel-tdx-module/tdg_vp_enter__invalid_input_vmflag__cover_entry_havoc_memory.yml,intel-tdx-module,tdg_vp_enter__invalid_input_vmflag__cover_entry_havoc_memory.i,reach,unsafe,mixed,LP64,14,0,found,0,0,0,13.7,reach_error.assertion.1,,,,,,,,,yes,,results/tdx_traces/intel-tdx-module__tdg_vp_enter__invalid_input_vmflag__cover_entry_havoc_memory.yml__reach.txt
intel-tdx-module/tdh_sys_init__unexpected__safety_requirement_havoc_memory.yml,intel-tdx-module,tdh_sys_init__unexpected__safety_requirement_havoc_memory.i,reach,safe,mixed,LP64,12,1,timeout,,0,,180.1,,,,,,,,,,,,
intel-tdx-module/tdg_vp_enter__expected__cover_exit_havoc_memory.yml,intel-tdx-module,tdg_vp_enter__expected__cover_exit_havoc_memory.i,reach,unsafe,mixed,LP64,14,0,timeout,,0,,180.8,,,,,,,,,,,,
intel-tdx-module/tdg_vp_enter__expected__cover_proof_havoc_memory.yml,intel-tdx-module,tdg_vp_enter__expected__cover_proof_havoc_memory.i,reach,unsafe,mixed,LP64,14,0,timeout,,0,,180.7,,,,,,,,,,,,
intel-tdx-module/tdg_vp_enter__expected__safety_requirement_havoc_memory.yml,intel-tdx-module,tdg_vp_enter__expected__safety_requirement_havoc_memory.i,reach,safe,mixed,LP64,14,0,timeout,,0,,180.7,,,,,,,,,,,,
intel-tdx-module/tdg_vp_enter__invalid_input_gpa__cover_exit_havoc_memory.yml,intel-tdx-module,tdg_vp_enter__invalid_input_gpa__cover_exit_havoc_memory.i,reach,unsafe,mixed,LP64,14,0,timeout,,0,,180.7,,,,,,,,,,,,
intel-tdx-module/tdg_vp_enter__unexpected__cover_entry_havoc_memory.yml,intel-tdx-module,tdg_vp_enter__unexpected__cover_entry_havoc_memory.i,reach,unsafe,mixed,LP64,14,0,found,0,0,0,13.2,reach_error.assertion.1,,,,,,,,,yes,,results/tdx_traces/intel-tdx-module__tdg_vp_enter__unexpected__cover_entry_havoc_memory.yml__reach.txt
intel-tdx-module/tdg_vp_enter__invalid_input_gpa__cover_proof_havoc_memory.yml,intel-tdx-module,tdg_vp_enter__invalid_input_gpa__cover_proof_havoc_memory.i,reach,unsafe,mixed,LP64,14,0,timeout,,0,,180.8,,,,,,,,,,,,
intel-tdx-module/tdg_vp_enter__invalid_input_gpa__safety_requirement_havoc_memory.yml,intel-tdx-module,tdg_vp_enter__invalid_input_gpa__safety_requirement_havoc_memory.i,reach,safe,mixed,LP64,14,0,timeout,,0,,180.8,,,,,,,,,,,,
intel-tdx-module/tdg_vp_enter__invalid_input_vmflag__cover_exit_havoc_memory.yml,intel-tdx-module,tdg_vp_enter__invalid_input_vmflag__cover_exit_havoc_memory.i,reach,unsafe,mixed,LP64,14,0,timeout,,0,,180.8,,,,,,,,,,,,
intel-tdx-module/tdg_vp_enter__invalid_input_vmflag__cover_proof_havoc_memory.yml,intel-tdx-module,tdg_vp_enter__invalid_input_vmflag__cover_proof_havoc_memory.i,reach,unsafe,mixed,LP64,14,0,timeout,,0,,180.8,,,,,,,,,,,,
intel-tdx-module/tdg_vp_vmcall__expected__cover_entry_havoc_memory.yml,intel-tdx-module,tdg_vp_vmcall__expected__cover_entry_havoc_memory.i,reach,unsafe,mixed,LP64,14,0,found,0,0,0,13.7,reach_error.assertion.1,,,,,,,,,yes,,results/tdx_traces/intel-tdx-module__tdg_vp_vmcall__expected__cover_entry_havoc_memory.yml__reach.txt
intel-tdx-module/tdg_vp_enter__invalid_input_vmflag__safety_requirement_havoc_memory.yml,intel-tdx-module,tdg_vp_enter__invalid_input_vmflag__safety_requirement_havoc_memory.i,reach,safe,mixed,LP64,14,0,timeout,,0,,180.8,,,,,,,,,,,,
intel-tdx-module/tdg_vp_enter__unconstrained__cover_exit_success_havoc_memory.yml,intel-tdx-module,tdg_vp_enter__unconstrained__cover_exit_success_havoc_memory.i,reach,unsafe,mixed,LP64,14,0,timeout,,0,,180.7,,,,,,,,,,,,
intel-tdx-module/tdg_vp_vmcall__invalid_input_bitmap__cover_entry_havoc_memory.yml,intel-tdx-module,tdg_vp_vmcall__invalid_input_bitmap__cover_entry_havoc_memory.i,reach,unsafe,mixed,LP64,14,0,found,0,0,0,13.3,reach_error.assertion.1,,,,,,,,,yes,,results/tdx_traces/intel-tdx-module__tdg_vp_vmcall__invalid_input_bitmap__cover_entry_havoc_memory.yml__reach.txt
intel-tdx-module/tdg_vp_vmcall__invalid_input_bitmap__cover_exit_havoc_memory.yml,intel-tdx-module,tdg_vp_vmcall__invalid_input_bitmap__cover_exit_havoc_memory.i,reach,unsafe,mixed,LP64,14,0,found,0,0,0,13.3,reach_error.assertion.1,,,,,,,,,yes,,results/tdx_traces/intel-tdx-module__tdg_vp_vmcall__invalid_input_bitmap__cover_exit_havoc_memory.yml__reach.txt
intel-tdx-module/tdg_vp_enter__unconstrained__cover_exit_unsuccess_havoc_memory.yml,intel-tdx-module,tdg_vp_enter__unconstrained__cover_exit_unsuccess_havoc_memory.i,reach,unsafe,mixed,LP64,14,0,timeout,,0,,180.7,,,,,,,,,,,,
intel-tdx-module/tdg_vp_vmcall__invalid_input_bitmap__cover_proof_havoc_memory.yml,intel-tdx-module,tdg_vp_vmcall__invalid_input_bitmap__cover_proof_havoc_memory.i,reach,unsafe,mixed,LP64,14,0,found,0,0,0,16.5,reach_error.assertion.1,,,,,,,,,yes,,results/tdx_traces/intel-tdx-module__tdg_vp_vmcall__invalid_input_bitmap__cover_proof_havoc_memory.yml__reach.txt
intel-tdx-module/tdg_vp_vmcall__unexpected__cover_entry_havoc_memory.yml,intel-tdx-module,tdg_vp_vmcall__unexpected__cover_entry_havoc_memory.i,reach,unsafe,mixed,LP64,14,0,found,0,0,0,12.3,reach_error.assertion.1,,,,,,,,,yes,,results/tdx_traces/intel-tdx-module__tdg_vp_vmcall__unexpected__cover_entry_havoc_memory.yml__reach.txt
intel-tdx-module/tdg_vp_vmcall__unexpected__cover_exit_havoc_memory.yml,intel-tdx-module,tdg_vp_vmcall__unexpected__cover_exit_havoc_memory.i,reach,unsafe,mixed,LP64,14,0,found,0,0,0,12.0,reach_error.assertion.1,,,,,,,,,yes,,results/tdx_traces/intel-tdx-module__tdg_vp_vmcall__unexpected__cover_exit_havoc_memory.yml__reach.txt
intel-tdx-module/tdg_vp_vmcall__unexpected__cover_proof_havoc_memory.yml,intel-tdx-module,tdg_vp_vmcall__unexpected__cover_proof_havoc_memory.i,reach,unsafe,mixed,LP64,14,0,found,0,0,0,15.5,reach_error.assertion.1,,,,,,,,,yes,,results/tdx_traces/intel-tdx-module__tdg_vp_vmcall__unexpected__cover_proof_havoc_memory.yml__reach.txt
intel-tdx-module/tdg_mr_report__expected__cover_entry_havoc_memory.yml,intel-tdx-module,tdg_mr_report__expected__cover_entry_havoc_memory.i,reach,unsafe,mixed,LP64,15,0,found,0,0,0,12.3,reach_error.assertion.1,,,,,,,,,yes,,results/tdx_traces/intel-tdx-module__tdg_mr_report__expected__cover_entry_havoc_memory.yml__reach.txt
intel-tdx-module/tdg_vp_enter__unexpected__cover_exit_havoc_memory.yml,intel-tdx-module,tdg_vp_enter__unexpected__cover_exit_havoc_memory.i,reach,unsafe,mixed,LP64,14,0,timeout,,0,,180.9,,,,,,,,,,,,
intel-tdx-module/tdg_vp_enter__unexpected__cover_proof_havoc_memory.yml,intel-tdx-module,tdg_vp_enter__unexpected__cover_proof_havoc_memory.i,reach,unsafe,mixed,LP64,14,0,timeout,,0,,180.8,,,,,,,,,,,,
intel-tdx-module/tdg_vp_enter__unexpected__safety_requirement_havoc_memory.yml,intel-tdx-module,tdg_vp_enter__unexpected__safety_requirement_havoc_memory.i,reach,safe,mixed,LP64,14,0,timeout,,0,,180.7,,,,,,,,,,,,
intel-tdx-module/tdg_vp_vmcall__invalid_input_bitmap__safety_requirement_havoc_memory.yml,intel-tdx-module,tdg_vp_vmcall__invalid_input_bitmap__safety_requirement_havoc_memory.i,reach,safe,mixed,LP64,14,0,timeout,,0,,180.1,,,,,,,,,,,,
intel-tdx-module/tdg_mr_report__unexpected__cover_entry_havoc_memory.yml,intel-tdx-module,tdg_mr_report__unexpected__cover_entry_havoc_memory.i,reach,unsafe,mixed,LP64,15,0,found,0,0,0,12.6,reach_error.assertion.1,,,,,,,,,yes,,results/tdx_traces/intel-tdx-module__tdg_mr_report__unexpected__cover_entry_havoc_memory.yml__reach.txt
intel-tdx-module/tdg_vp_vmcall__unexpected__safety_requirement_havoc_memory.yml,intel-tdx-module,tdg_vp_vmcall__unexpected__safety_requirement_havoc_memory.i,reach,safe,mixed,LP64,14,0,timeout,,0,,180.1,,,,,,,,,,,,
intel-tdx-module/tdg_mr_report__expected__cover_exit_havoc_memory.yml,intel-tdx-module,tdg_mr_report__expected__cover_exit_havoc_memory.i,reach,unsafe,mixed,LP64,15,0,timeout,,0,,180.9,,,,,,,,,,,,
intel-tdx-module/tdg_mr_report__expected__cover_proof_havoc_memory.yml,intel-tdx-module,tdg_mr_report__expected__cover_proof_havoc_memory.i,reach,unsafe,mixed,LP64,15,0,timeout,,0,,181.0,,,,,,,,,,,,
intel-tdx-module/tdg_mr_report__expected__safety_requirement_havoc_memory.yml,intel-tdx-module,tdg_mr_report__expected__safety_requirement_havoc_memory.i,reach,safe,mixed,LP64,15,0,timeout,,0,,181.0,,,,,,,,,,,,
intel-tdx-module/tdg_mr_report__unconstrained__cover_exit_success_havoc_memory.yml,intel-tdx-module,tdg_mr_report__unconstrained__cover_exit_success_havoc_memory.i,reach,unsafe,mixed,LP64,15,0,timeout,,0,,180.9,,,,,,,,,,,,
intel-tdx-module/tdg_mr_report__unconstrained__cover_exit_unsuccess_havoc_memory.yml,intel-tdx-module,tdg_mr_report__unconstrained__cover_exit_unsuccess_havoc_memory.i,reach,unsafe,mixed,LP64,15,0,timeout,,0,,181.1,,,,,,,,,,,,
intel-tdx-module/tdg_mr_report__unexpected__cover_exit_havoc_memory.yml,intel-tdx-module,tdg_mr_report__unexpected__cover_exit_havoc_memory.i,reach,unsafe,mixed,LP64,15,0,timeout,,0,,181.0,,,,,,,,,,,,
intel-tdx-module/tdg_mr_report__unexpected__cover_proof_havoc_memory.yml,intel-tdx-module,tdg_mr_report__unexpected__cover_proof_havoc_memory.i,reach,unsafe,mixed,LP64,15,0,timeout,,0,,181.0,,,,,,,,,,,,
intel-tdx-module/tdg_mr_report__unexpected__safety_requirement_havoc_memory.yml,intel-tdx-module,tdg_mr_report__unexpected__safety_requirement_havoc_memory.i,reach,safe,mixed,LP64,15,0,timeout,,0,,181.0,,,,,,,,,,,,
intel-tdx-module/tdg_vp_vmcall__unconstrained__cover_exit_unsuccess_havoc_memory.yml,intel-tdx-module,tdg_vp_vmcall__unconstrained__cover_exit_unsuccess_havoc_memory.i,reach,unsafe,mixed,LP64,14,0,timeout,,15,,475.2,,,,,,,,,,,,
intel-tdx-module/tdh_mng_init__expected__cover_entry_havoc_memory.yml,intel-tdx-module,tdh_mng_init__expected__cover_entry_havoc_memory.i,reach,unsafe,mixed,LP64,20,1,timeout,,2,,303.0,,,,,,,,,,,,
intel-tdx-module/tdh_mng_init__expected__cover_proof_havoc_memory.yml,intel-tdx-module,tdh_mng_init__expected__cover_proof_havoc_memory.i,reach,unsafe,mixed,LP64,20,1,timeout,,2,,300.1,,,,,,,,,,,,
intel-tdx-module/tdh_mng_init__expected__cover_exit_havoc_memory.yml,intel-tdx-module,tdh_mng_init__expected__cover_exit_havoc_memory.i,reach,unsafe,mixed,LP64,20,1,timeout,,2,,304.7,,,,,,,,,,,,
intel-tdx-module/tdh_mng_init__expected__safety_requirement_havoc_memory.yml,intel-tdx-module,tdh_mng_init__expected__safety_requirement_havoc_memory.i,reach,safe,mixed,LP64,20,1,timeout,,2,,308.8,,,,,,,,,,,,
intel-tdx-module/tdh_mng_init__invalid_input_tdr_pa__cover_entry_havoc_memory.yml,intel-tdx-module,tdh_mng_init__invalid_input_tdr_pa__cover_entry_havoc_memory.i,reach,unsafe,mixed,LP64,20,1,timeout,,2,,311.2,,,,,,,,,,,,
intel-tdx-module/tdh_mng_init__invalid_input_tdr_pa__cover_exit_havoc_memory.yml,intel-tdx-module,tdh_mng_init__invalid_input_tdr_pa__cover_exit_havoc_memory.i,reach,unsafe,mixed,LP64,20,1,timeout,,2,,311.8,,,,,,,,,,,,
intel-tdx-module/tdh_mng_init__invalid_input_tdr_pa__cover_proof_havoc_memory.yml,intel-tdx-module,tdh_mng_init__invalid_input_tdr_pa__cover_proof_havoc_memory.i,reach,unsafe,mixed,LP64,20,1,timeout,,2,,320.9,,,,,,,,,,,,
intel-tdx-module/tdh_mng_init__invalid_state_no_tdcx__cover_entry_havoc_memory.yml,intel-tdx-module,tdh_mng_init__invalid_state_no_tdcx__cover_entry_havoc_memory.i,reach,safe,mixed,LP64,20,1,found,0,0,0,59.8,,,,,,,,,,yes,,results/tdx_traces/intel-tdx-module__tdh_mng_init__invalid_state_no_tdcx__cover_entry_havoc_memory.yml__reach.txt
intel-tdx-module/tdh_mng_init__invalid_state_no_tdcx__cover_exit_havoc_memory.yml,intel-tdx-module,tdh_mng_init__invalid_state_no_tdcx__cover_exit_havoc_memory.i,reach,safe,mixed,LP64,20,1,found,0,0,0,61.8,,,,,,,,,,yes,,results/tdx_traces/intel-tdx-module__tdh_mng_init__invalid_state_no_tdcx__cover_exit_havoc_memory.yml__reach.txt
intel-tdx-module/tdh_mng_init__invalid_state_no_tdcx__cover_proof_havoc_memory.yml,intel-tdx-module,tdh_mng_init__invalid_state_no_tdcx__cover_proof_havoc_memory.i,reach,safe,mixed,LP64,20,1,found,0,0,0,58.0,,,,,,,,,,yes,,results/tdx_traces/intel-tdx-module__tdh_mng_init__invalid_state_no_tdcx__cover_proof_havoc_memory.yml__reach.txt
intel-tdx-module/tdh_mng_init__invalid_input_tdr_pa__safety_requirement_havoc_memory.yml,intel-tdx-module,tdh_mng_init__invalid_input_tdr_pa__safety_requirement_havoc_memory.i,reach,safe,mixed,LP64,20,1,timeout,,2,,311.5,,,,,,,,,,,,
intel-tdx-module/tdh_mng_init__invalid_state_no_tdcx__safety_requirement_havoc_memory.yml,intel-tdx-module,tdh_mng_init__invalid_state_no_tdcx__safety_requirement_havoc_memory.i,reach,safe,mixed,LP64,20,1,found,0,0,0,54.8,,,,,,,,,,yes,,results/tdx_traces/intel-tdx-module__tdh_mng_init__invalid_state_no_tdcx__safety_requirement_havoc_memory.yml__reach.txt
intel-tdx-module/tdh_mng_init__invalid_state_lifecycle__cover_entry_havoc_memory.yml,intel-tdx-module,tdh_mng_init__invalid_state_lifecycle__cover_entry_havoc_memory.i,reach,unsafe,mixed,LP64,20,1,timeout,,2,,312.3,,,,,,,,,,,,
intel-tdx-module/tdh_mng_init__invalid_state_lifecycle__cover_exit_havoc_memory.yml,intel-tdx-module,tdh_mng_init__invalid_state_lifecycle__cover_exit_havoc_memory.i,reach,unsafe,mixed,LP64,20,1,timeout,,2,,310.5,,,,,,,,,,,,
intel-tdx-module/tdh_mng_init__invalid_state_lifecycle__cover_proof_havoc_memory.yml,intel-tdx-module,tdh_mng_init__invalid_state_lifecycle__cover_proof_havoc_memory.i,reach,unsafe,mixed,LP64,20,1,timeout,,2,,311.8,,,,,,,,,,,,
intel-tdx-module/tdh_mng_init__invalid_state_lifecycle__safety_requirement_havoc_memory.yml,intel-tdx-module,tdh_mng_init__invalid_state_lifecycle__safety_requirement_havoc_memory.i,reach,safe,mixed,LP64,20,1,timeout,,2,,306.3,,,,,,,,,,,,
intel-tdx-module/tdh_mng_init__invalid_state_op_state__cover_entry_havoc_memory.yml,intel-tdx-module,tdh_mng_init__invalid_state_op_state__cover_entry_havoc_memory.i,reach,unsafe,mixed,LP64,20,1,timeout,,2,,311.2,,,,,,,,,,,,
intel-tdx-module/tdh_mng_init__invalid_state_op_state__cover_exit_havoc_memory.yml,intel-tdx-module,tdh_mng_init__invalid_state_op_state__cover_exit_havoc_memory.i,reach,unsafe,mixed,LP64,20,1,timeout,,2,,310.8,,,,,,,,,,,,
intel-tdx-module/tdh_mng_init__invalid_state_pamt_metadata__cover_exit_havoc_memory.yml,intel-tdx-module,tdh_mng_init__invalid_state_pamt_metadata__cover_exit_havoc_memory.i,reach,unsafe,mixed,LP64,20,1,timeout,,0,,180.3,,,,,,,,,,,,
intel-tdx-module/tdh_mng_init__invalid_state_pamt_metadata__cover_proof_havoc_memory.yml,intel-tdx-module,tdh_mng_init__invalid_state_pamt_metadata__cover_proof_havoc_memory.i,reach,unsafe,mixed,LP64,20,1,timeout,,0,,180.3,,,,,,,,,,,,
intel-tdx-module/tdh_mng_init__invalid_state_op_state__cover_proof_havoc_memory.yml,intel-tdx-module,tdh_mng_init__invalid_state_op_state__cover_proof_havoc_memory.i,reach,unsafe,mixed,LP64,20,1,timeout,,2,,309.3,,,,,,,,,,,,
intel-tdx-module/tdh_mng_init__invalid_state_op_state__safety_requirement_havoc_memory.yml,intel-tdx-module,tdh_mng_init__invalid_state_op_state__safety_requirement_havoc_memory.i,reach,safe,mixed,LP64,20,1,timeout,,2,,305.5,,,,,,,,,,,,
intel-tdx-module/tdh_mng_init__invalid_state_pamt_metadata__cover_entry_havoc_memory.yml,intel-tdx-module,tdh_mng_init__invalid_state_pamt_metadata__cover_entry_havoc_memory.i,reach,unsafe,mixed,LP64,20,1,timeout,,2,,348.9,,,,,,,,,,,,
intel-tdx-module/tdh_mng_init__invalid_state_td_state__cover_entry_havoc_memory.yml,intel-tdx-module,tdh_mng_init__invalid_state_td_state__cover_entry_havoc_memory.i,reach,unsafe,mixed,LP64,20,1,timeout,,2,,310.5,,,,,,,,,,,,
intel-tdx-module/tdh_mng_init__unconstrained__cover_exit_success_havoc_memory.yml,intel-tdx-module,tdh_mng_init__unconstrained__cover_exit_success_havoc_memory.i,reach,unsafe,mixed,LP64,20,1,timeout,,0,,180.2,,,,,,,,,,,,
intel-tdx-module/tdh_mng_init__unconstrained__cover_exit_unsuccess_havoc_memory.yml,intel-tdx-module,tdh_mng_init__unconstrained__cover_exit_unsuccess_havoc_memory.i,reach,unsafe,mixed,LP64,20,1,timeout,,0,,180.2,,,,,,,,,,,,
intel-tdx-module/tdh_mng_init__unexpected__cover_exit_havoc_memory.yml,intel-tdx-module,tdh_mng_init__unexpected__cover_exit_havoc_memory.i,reach,unsafe,mixed,LP64,20,1,timeout,,0,,180.3,,,,,,,,,,,,
intel-tdx-module/tdh_mng_init__invalid_state_td_state__cover_exit_havoc_memory.yml,intel-tdx-module,tdh_mng_init__invalid_state_td_state__cover_exit_havoc_memory.i,reach,unsafe,mixed,LP64,20,1,timeout,,2,,316.6,,,,,,,,,,,,
intel-tdx-module/tdh_mng_init__invalid_state_td_state__safety_requirement_havoc_memory.yml,intel-tdx-module,tdh_mng_init__invalid_state_td_state__safety_requirement_havoc_memory.i,reach,safe,mixed,LP64,20,1,timeout,,2,,308.7,,,,,,,,,,,,
intel-tdx-module/tdh_mng_init__invalid_state_td_state__cover_proof_havoc_memory.yml,intel-tdx-module,tdh_mng_init__invalid_state_td_state__cover_proof_havoc_memory.i,reach,unsafe,mixed,LP64,20,1,timeout,,2,,312.2,,,,,,,,,,,,
intel-tdx-module/tdh_mng_init__unexpected__cover_proof_havoc_memory.yml,intel-tdx-module,tdh_mng_init__unexpected__cover_proof_havoc_memory.i,reach,unsafe,mixed,LP64,20,1,timeout,,0,,180.3,,,,,,,,,,,,
intel-tdx-module/tdh_mng_init__unexpected__safety_requirement_havoc_memory.yml,intel-tdx-module,tdh_mng_init__unexpected__safety_requirement_havoc_memory.i,reach,safe,mixed,LP64,20,1,timeout,,0,,180.3,,,,,,,,,,,,
intel-tdx-module/tdh_mng_init__unexpected__cover_entry_havoc_memory.yml,intel-tdx-module,tdh_mng_init__unexpected__cover_entry_havoc_memory.i,reach,unsafe,mixed,LP64,20,1,timeout,,2,,350.4,,,,,,,,,,,,
intel-tdx-module/tdh_sys_config__unconstrained__cover_exit_unsuccess_havoc_memory.yml,intel-tdx-module,tdh_sys_config__unconstrained__cover_exit_unsuccess_havoc_memory.i,reach,unsafe,mixed,LP64,20,1,timeout,,43,,899.4,,,,,,,,,,,,
intel-tdx-module/tdh_sys_config__expected__cover_entry_havoc_memory.yml,intel-tdx-module,tdh_sys_config__expected__cover_entry_havoc_memory.i,reach,unsafe,mixed,LP64,22,1,timeout,,43,,899.4,,,,,,,,,,,,
intel-tdx-module/tdh_sys_config__expected__cover_exit_havoc_memory.yml,intel-tdx-module,tdh_sys_config__expected__cover_exit_havoc_memory.i,reach,unsafe,mixed,LP64,22,1,timeout,,43,,899.0,,,,,,,,,,,,
intel-tdx-module/tdh_sys_config__expected__cover_proof_havoc_memory.yml,intel-tdx-module,tdh_sys_config__expected__cover_proof_havoc_memory.i,reach,unsafe,mixed,LP64,22,1,timeout,,43,,899.3,,,,,,,,,,,,
intel-tdx-module/tdh_sys_config__expected__safety_requirement_havoc_memory.yml,intel-tdx-module,tdh_sys_config__expected__safety_requirement_havoc_memory.i,reach,safe,mixed,LP64,22,1,timeout,,43,,899.4,,,,,,,,,,,,
intel-tdx-module/tdh_sys_config__invalid_input_hkid__cover_entry_havoc_memory.yml,intel-tdx-module,tdh_sys_config__invalid_input_hkid__cover_entry_havoc_memory.i,reach,unsafe,mixed,LP64,22,1,timeout,,44,,899.1,,,,,,,,,,,,
intel-tdx-module/tdh_sys_config__invalid_input_hkid__cover_exit_havoc_memory.yml,intel-tdx-module,tdh_sys_config__invalid_input_hkid__cover_exit_havoc_memory.i,reach,unsafe,mixed,LP64,22,1,timeout,,44,,899.7,,,,,,,,,,,,
intel-tdx-module/tdh_sys_config__invalid_input_hkid__cover_proof_havoc_memory.yml,intel-tdx-module,tdh_sys_config__invalid_input_hkid__cover_proof_havoc_memory.i,reach,unsafe,mixed,LP64,22,1,timeout,,44,,899.8,,,,,,,,,,,,
intel-tdx-module/tdh_sys_config__invalid_input_hkid__safety_requirement_havoc_memory.yml,intel-tdx-module,tdh_sys_config__invalid_input_hkid__safety_requirement_havoc_memory.i,reach,safe,mixed,LP64,22,1,timeout,,44,,899.4,,,,,,,,,,,,
intel-tdx-module/tdh_sys_config__invalid_input_num_ptr__cover_entry_havoc_memory.yml,intel-tdx-module,tdh_sys_config__invalid_input_num_ptr__cover_entry_havoc_memory.i,reach,unsafe,mixed,LP64,22,1,timeout,,44,,899.1,,,,,,,,,,,,
intel-tdx-module/tdh_sys_config__invalid_input_num_ptr__cover_exit_havoc_memory.yml,intel-tdx-module,tdh_sys_config__invalid_input_num_ptr__cover_exit_havoc_memory.i,reach,unsafe,mixed,LP64,22,1,timeout,,44,,899.4,,,,,,,,,,,,
intel-tdx-module/tdh_sys_config__invalid_input_num_ptr__cover_proof_havoc_memory.yml,intel-tdx-module,tdh_sys_config__invalid_input_num_ptr__cover_proof_havoc_memory.i,reach,unsafe,mixed,LP64,22,1,timeout,,44,,899.5,,,,,,,,,,,,
intel-tdx-module/tdh_sys_config__invalid_input_num_ptr__safety_requirement_havoc_memory.yml,intel-tdx-module,tdh_sys_config__invalid_input_num_ptr__safety_requirement_havoc_memory.i,reach,safe,mixed,LP64,22,1,timeout,,44,,899.9,,,,,,,,,,,,
intel-tdx-module/tdh_sys_config__invalid_state_lp_state__cover_entry_havoc_memory.yml,intel-tdx-module,tdh_sys_config__invalid_state_lp_state__cover_entry_havoc_memory.i,reach,unsafe,mixed,LP64,22,1,timeout,,44,,899.4,,,,,,,,,,,,
intel-tdx-module/tdh_sys_config__invalid_state_lp_state__cover_exit_havoc_memory.yml,intel-tdx-module,tdh_sys_config__invalid_state_lp_state__cover_exit_havoc_memory.i,reach,unsafe,mixed,LP64,22,1,timeout,,44,,899.8,,,,,,,,,,,,
intel-tdx-module/tdh_sys_config__invalid_state_lp_state__cover_proof_havoc_memory.yml,intel-tdx-module,tdh_sys_config__invalid_state_lp_state__cover_proof_havoc_memory.i,reach,unsafe,mixed,LP64,22,1,timeout,,44,,899.8,,,,,,,,,,,,
intel-tdx-module/tdh_sys_config__invalid_state_lp_state__safety_requirement_havoc_memory.yml,intel-tdx-module,tdh_sys_config__invalid_state_lp_state__safety_requirement_havoc_memory.i,reach,safe,mixed,LP64,22,1,timeout,,44,,899.7,,,,,,,,,,,,
intel-tdx-module/tdh_sys_config__invalid_state_sys_state__cover_entry_havoc_memory.yml,intel-tdx-module,tdh_sys_config__invalid_state_sys_state__cover_entry_havoc_memory.i,reach,unsafe,mixed,LP64,22,1,timeout,,44,,900.0,,,,,,,,,,,,
intel-tdx-module/tdh_sys_config__invalid_state_sys_state__cover_exit_havoc_memory.yml,intel-tdx-module,tdh_sys_config__invalid_state_sys_state__cover_exit_havoc_memory.i,reach,unsafe,mixed,LP64,22,1,timeout,,44,,899.8,,,,,,,,,,,,
intel-tdx-module/tdh_sys_config__invalid_state_sys_state__cover_proof_havoc_memory.yml,intel-tdx-module,tdh_sys_config__invalid_state_sys_state__cover_proof_havoc_memory.i,reach,unsafe,mixed,LP64,22,1,timeout,,44,,899.9,,,,,,,,,,,,
intel-tdx-module/tdh_sys_config__invalid_state_sys_state__safety_requirement_havoc_memory.yml,intel-tdx-module,tdh_sys_config__invalid_state_sys_state__safety_requirement_havoc_memory.i,reach,safe,mixed,LP64,22,1,timeout,,43,,899.1,,,,,,,,,,,,
intel-tdx-module/tdh_sys_config__invalid_state_tdmr_info__cover_entry_havoc_memory.yml,intel-tdx-module,tdh_sys_config__invalid_state_tdmr_info__cover_entry_havoc_memory.i,reach,unsafe,mixed,LP64,22,1,timeout,,44,,899.5,,,,,,,,,,,,
intel-tdx-module/tdh_sys_config__invalid_state_tdmr_info__cover_exit_havoc_memory.yml,intel-tdx-module,tdh_sys_config__invalid_state_tdmr_info__cover_exit_havoc_memory.i,reach,unsafe,mixed,LP64,22,1,timeout,,44,,899.6,,,,,,,,,,,,
intel-tdx-module/tdh_sys_config__invalid_state_tdmr_info__cover_proof_havoc_memory.yml,intel-tdx-module,tdh_sys_config__invalid_state_tdmr_info__cover_proof_havoc_memory.i,reach,unsafe,mixed,LP64,22,1,timeout,,44,,899.6,,,,,,,,,,,,
intel-tdx-module/tdh_vp_enter__expected__cover_entry_havoc_memory.yml,intel-tdx-module,tdh_vp_enter__expected__cover_entry_havoc_memory.i,reach,unsafe,mixed,LP64,29,0,timeout,,2,,206.1,,,,,,,,,,,,
intel-tdx-module/tdh_vp_enter__invalid_input_vcpu_handle__cover_entry_havoc_memory.yml,intel-tdx-module,tdh_vp_enter__invalid_input_vcpu_handle__cover_entry_havoc_memory.i,reach,unsafe,mixed,LP64,29,0,timeout,,2,,206.3,,,,,,,,,,,,
intel-tdx-module/tdh_vp_enter__invalid_input_vcpu_handle__cover_exit_havoc_memory.yml,intel-tdx-module,tdh_vp_enter__invalid_input_vcpu_handle__cover_exit_havoc_memory.i,reach,unsafe,mixed,LP64,29,0,timeout,,2,,206.8,,,,,,,,,,,,
intel-tdx-module/tdh_vp_enter__invalid_input_vcpu_handle__cover_proof_havoc_memory.yml,intel-tdx-module,tdh_vp_enter__invalid_input_vcpu_handle__cover_proof_havoc_memory.i,reach,unsafe,mixed,LP64,29,0,timeout,,2,,207.5,,,,,,,,,,,,
intel-tdx-module/tdh_vp_enter__invalid_input_vcpu_handle__safety_requirement_havoc_memory.yml,intel-tdx-module,tdh_vp_enter__invalid_input_vcpu_handle__safety_requirement_havoc_memory.i,reach,safe,mixed,LP64,29,0,timeout,,2,,206.9,,,,,,,,,,,,
intel-tdx-module/tdh_vp_enter__invalid_state_lifecycle__cover_entry_havoc_memory.yml,intel-tdx-module,tdh_vp_enter__invalid_state_lifecycle__cover_entry_havoc_memory.i,reach,unsafe,mixed,LP64,29,0,timeout,,2,,206.0,,,,,,,,,,,,
intel-tdx-module/tdh_vp_enter__invalid_state_lifecycle__cover_exit_havoc_memory.yml,intel-tdx-module,tdh_vp_enter__invalid_state_lifecycle__cover_exit_havoc_memory.i,reach,unsafe,mixed,LP64,29,0,timeout,,2,,207.1,,,,,,,,,,,,
intel-tdx-module/tdh_vp_enter__invalid_state_num_tdcx__cover_entry_havoc_memory.yml,intel-tdx-module,tdh_vp_enter__invalid_state_num_tdcx__cover_entry_havoc_memory.i,reach,safe,mixed,LP64,29,0,found,0,0,0,6.2,,,,,,,,,,yes,,results/tdx_traces/intel-tdx-module__tdh_vp_enter__invalid_state_num_tdcx__cover_entry_havoc_memory.yml__reach.txt
intel-tdx-module/tdh_vp_enter__invalid_state_num_tdcx__cover_exit_havoc_memory.yml,intel-tdx-module,tdh_vp_enter__invalid_state_num_tdcx__cover_exit_havoc_memory.i,reach,safe,mixed,LP64,29,0,found,0,0,0,6.4,,,,,,,,,,yes,,results/tdx_traces/intel-tdx-module__tdh_vp_enter__invalid_state_num_tdcx__cover_exit_havoc_memory.yml__reach.txt
intel-tdx-module/tdh_vp_enter__invalid_state_num_tdcx__cover_proof_havoc_memory.yml,intel-tdx-module,tdh_vp_enter__invalid_state_num_tdcx__cover_proof_havoc_memory.i,reach,safe,mixed,LP64,29,0,found,0,0,0,6.2,,,,,,,,,,yes,,results/tdx_traces/intel-tdx-module__tdh_vp_enter__invalid_state_num_tdcx__cover_proof_havoc_memory.yml__reach.txt
intel-tdx-module/tdh_vp_enter__invalid_state_lifecycle__cover_proof_havoc_memory.yml,intel-tdx-module,tdh_vp_enter__invalid_state_lifecycle__cover_proof_havoc_memory.i,reach,unsafe,mixed,LP64,29,0,timeout,,2,,206.7,,,,,,,,,,,,
intel-tdx-module/tdh_vp_enter__invalid_state_num_tdcx__safety_requirement_havoc_memory.yml,intel-tdx-module,tdh_vp_enter__invalid_state_num_tdcx__safety_requirement_havoc_memory.i,reach,safe,mixed,LP64,29,0,found,0,0,0,6.3,,,,,,,,,,yes,,results/tdx_traces/intel-tdx-module__tdh_vp_enter__invalid_state_num_tdcx__safety_requirement_havoc_memory.yml__reach.txt
intel-tdx-module/tdh_vp_enter__invalid_state_lifecycle__safety_requirement_havoc_memory.yml,intel-tdx-module,tdh_vp_enter__invalid_state_lifecycle__safety_requirement_havoc_memory.i,reach,safe,mixed,LP64,29,0,timeout,,2,,206.6,,,,,,,,,,,,
intel-tdx-module/tdh_sys_config__invalid_state_tdmr_info__safety_requirement_havoc_memory.yml,intel-tdx-module,tdh_sys_config__invalid_state_tdmr_info__safety_requirement_havoc_memory.i,reach,safe,mixed,LP64,22,1,timeout,,44,,899.8,,,,,,,,,,,,
intel-tdx-module/tdh_sys_config__unexpected__cover_entry_havoc_memory.yml,intel-tdx-module,tdh_sys_config__unexpected__cover_entry_havoc_memory.i,reach,unsafe,mixed,LP64,22,1,timeout,,43,,899.2,,,,,,,,,,,,
intel-tdx-module/tdh_vp_enter__invalid_state_op_state__cover_entry_havoc_memory.yml,intel-tdx-module,tdh_vp_enter__invalid_state_op_state__cover_entry_havoc_memory.i,reach,unsafe,mixed,LP64,29,0,timeout,,2,,206.2,,,,,,,,,,,,
intel-tdx-module/tdh_vp_enter__invalid_state_op_state__cover_exit_havoc_memory.yml,intel-tdx-module,tdh_vp_enter__invalid_state_op_state__cover_exit_havoc_memory.i,reach,unsafe,mixed,LP64,29,0,timeout,,2,,206.9,,,,,,,,,,,,
intel-tdx-module/tdh_sys_config__unexpected__cover_exit_havoc_memory.yml,intel-tdx-module,tdh_sys_config__unexpected__cover_exit_havoc_memory.i,reach,unsafe,mixed,LP64,22,1,timeout,,43,,899.2,,,,,,,,,,,,
intel-tdx-module/tdh_vp_enter__invalid_state_op_state__cover_proof_havoc_memory.yml,intel-tdx-module,tdh_vp_enter__invalid_state_op_state__cover_proof_havoc_memory.i,reach,unsafe,mixed,LP64,29,0,timeout,,2,,206.7,,,,,,,,,,,,
intel-tdx-module/tdh_sys_config__unexpected__cover_proof_havoc_memory.yml,intel-tdx-module,tdh_sys_config__unexpected__cover_proof_havoc_memory.i,reach,unsafe,mixed,LP64,22,1,timeout,,44,,900.0,,,,,,,,,,,,
intel-tdx-module/tdh_sys_config__unexpected__safety_requirement_havoc_memory.yml,intel-tdx-module,tdh_sys_config__unexpected__safety_requirement_havoc_memory.i,reach,safe,mixed,LP64,22,1,timeout,,43,,900.0,,,,,,,,,,,,
intel-tdx-module/tdh_vp_enter__invalid_state_op_state__safety_requirement_havoc_memory.yml,intel-tdx-module,tdh_vp_enter__invalid_state_op_state__safety_requirement_havoc_memory.i,reach,safe,mixed,LP64,29,0,timeout,,2,,206.4,,,,,,,,,,,,
intel-tdx-module/tdh_vp_enter__invalid_state_pamt_metadata__cover_entry_havoc_memory.yml,intel-tdx-module,tdh_vp_enter__invalid_state_pamt_metadata__cover_entry_havoc_memory.i,reach,unsafe,mixed,LP64,29,0,timeout,,2,,221.6,,,,,,,,,,,,
intel-tdx-module/tdh_vp_enter__invalid_state_td_state__cover_entry_havoc_memory.yml,intel-tdx-module,tdh_vp_enter__invalid_state_td_state__cover_entry_havoc_memory.i,reach,unsafe,mixed,LP64,29,0,timeout,,2,,206.5,,,,,,,,,,,,
intel-tdx-module/tdh_vp_enter__invalid_state_td_state__cover_exit_havoc_memory.yml,intel-tdx-module,tdh_vp_enter__invalid_state_td_state__cover_exit_havoc_memory.i,reach,unsafe,mixed,LP64,29,0,timeout,,2,,207.3,,,,,,,,,,,,
intel-tdx-module/tdh_vp_enter__invalid_state_pamt_metadata__cover_exit_havoc_memory.yml,intel-tdx-module,tdh_vp_enter__invalid_state_pamt_metadata__cover_exit_havoc_memory.i,reach,unsafe,mixed,LP64,29,0,timeout,,2,,222.4,,,,,,,,,,,,
intel-tdx-module/tdh_vp_enter__invalid_state_td_state__cover_proof_havoc_memory.yml,intel-tdx-module,tdh_vp_enter__invalid_state_td_state__cover_proof_havoc_memory.i,reach,unsafe,mixed,LP64,29,0,timeout,,2,,207.6,,,,,,,,,,,,
intel-tdx-module/tdh_vp_enter__invalid_state_td_state__safety_requirement_havoc_memory.yml,intel-tdx-module,tdh_vp_enter__invalid_state_td_state__safety_requirement_havoc_memory.i,reach,safe,mixed,LP64,29,0,timeout,,2,,207.2,,,,,,,,,,,,
intel-tdx-module/tdh_vp_enter__invalid_state_pamt_metadata__cover_proof_havoc_memory.yml,intel-tdx-module,tdh_vp_enter__invalid_state_pamt_metadata__cover_proof_havoc_memory.i,reach,unsafe,mixed,LP64,29,0,timeout,,2,,230.1,,,,,,,,,,,,
intel-tdx-module/tdh_vp_enter__unconstrained__cover_exit_unsuccess_havoc_memory.yml,intel-tdx-module,tdh_vp_enter__unconstrained__cover_exit_unsuccess_havoc_memory.i,reach,unsafe,mixed,LP64,29,0,timeout,,2,,220.3,,,,,,,,,,,,
intel-tdx-module/tdh_vp_enter__unexpected__safety_requirement_havoc_memory.yml,intel-tdx-module,tdh_vp_enter__unexpected__safety_requirement_havoc_memory.i,reach,safe,mixed,LP64,29,0,timeout,,0,,180.1,,,,,,,,,,,,
intel-tdx-module/tdh_vp_enter__unexpected__cover_entry_havoc_memory.yml,intel-tdx-module,tdh_vp_enter__unexpected__cover_entry_havoc_memory.i,reach,unsafe,mixed,LP64,29,0,timeout,,2,,222.3,,,,,,,,,,,,
intel-tdx-module/tdh_vp_enter__unexpected__cover_exit_havoc_memory.yml,intel-tdx-module,tdh_vp_enter__unexpected__cover_exit_havoc_memory.i,reach,unsafe,mixed,LP64,29,0,timeout,,2,,223.1,,,,,,,,,,,,
intel-tdx-module/tdh_vp_enter__unexpected__cover_proof_havoc_memory.yml,intel-tdx-module,tdh_vp_enter__unexpected__cover_proof_havoc_memory.i,reach,unsafe,mixed,LP64,29,0,timeout,,2,,229.9,,,,,,,,,,,,
