task,property,verdict,category,n_loops,config,mode,pred_kind,pred_k,pred_schedule,pred_cost,true_outcome,true_kstar,true_cost,verified,verify_detail,verify_seconds,baseline_seconds,speedup,solved_where_baseline_failed,tightness,margin_analytic,margin_empirical,margin_detail,margin_seconds,outcome
intel-tdx-module/tdg_mr_report__expected__cover_entry_havoc_memory.yml,reach,unsafe,mixed,15,blind,full,uniform,8,,120,found,0,,works,reach_error.assertion.1,10.85,12.3,1.13,,,,,,,works
intel-tdx-module/tdg_mr_report__expected__cover_entry_havoc_object.yml,reach,unsafe,none,0,blind,full,uniform,0,,0,timeout,,,inconclusive,,4.68,899.5,,,,,,,,failed
intel-tdx-module/tdg_mr_report__expected__cover_proof_havoc_object.yml,reach,unsafe,none,0,blind,full,uniform,0,,0,timeout,,,inconclusive,,5.7,899.5,,,,,,,,failed
intel-tdx-module/tdg_mr_report__expected__cover_exit_havoc_memory.yml,reach,unsafe,mixed,15,blind,full,schedule,,async_tdexit_internal.0:0;fv_setup_module_state.0:0;fv_setup_module_state.1:0;fv_setup_tdcs.0:0;fv_setup_tdr.0:0;fv_setup_tdvps.0:0;get_tdinfo_and_teeinfohash.0:4;gpa_translate.0:5;hash_table_find_entry.0:0;init_all_dr_opt.0:0;init_msr_opt.0:0;load_vmm_state_before_td_exit.0:0;load_vmm_state_before_td_exit.1:0;load_vmm_state_before_td_exit.2:0;load_xmms_by_mask.0:16;save_guest_td_state_before_td_exit.0:0;save_guest_td_state_before_td_exit.1:0;save_guest_td_state_before_td_exit.2:0;td_vmexit_to_vmm.0:0;tdg_mr_report.0:0,25,timeout,,,inconclusive,,398.21,180.9,,,,,,,,failed
intel-tdx-module/tdg_mr_report__expected__safety_requirement_havoc_object.yml,reach,safe,none,0,blind,full,uniform,0,,0,timeout,,,inconclusive,,2.61,899.6,,,,,,,,failed
intel-tdx-module/tdg_mr_report__expected__cover_exit_havoc_object.yml,reach,unsafe,none,0,blind,full,,,,,timeout,,,,,,899.4,,,,,,,,no_prediction
intel-tdx-module/tdg_mr_report__expected__safety_requirement_havoc_memory.yml,reach,safe,mixed,15,blind,full,uniform,128,,1920,timeout,,,timeout,,600.54,181.0,,,,,,,,verify_timeout
intel-tdx-module/tdg_mr_report__expected__cover_proof_havoc_memory.yml,reach,unsafe,mixed,15,blind,full,,,,,timeout,,,,,,181.0,,,,,,,,no_prediction
intel-tdx-module/tdg_mr_report__unconstrained__cover_exit_success_havoc_object.yml,reach,unsafe,none,0,blind,full,uniform,4,,0,timeout,,,inconclusive,,3.64,899.5,,,,,,,,failed
intel-tdx-module/tdg_mr_report__unconstrained__cover_exit_unsuccess_havoc_memory.yml,reach,unsafe,mixed,15,blind,full,,,,,timeout,,,,,,181.1,,,,,,,,no_prediction
intel-tdx-module/tdg_mr_report__unconstrained__cover_exit_success_havoc_memory.yml,reach,unsafe,mixed,15,blind,full,uniform,1,,15,timeout,,,inconclusive,,404.06,180.9,,,,,,,,failed
intel-tdx-module/tdg_mr_report__unexpected__cover_entry_havoc_memory.yml,reach,unsafe,mixed,15,blind,full,uniform,128,,1920,found,0,,works,reach_error.assertion.1,11.22,12.6,1.12,,,,,,,works
intel-tdx-module/tdg_mr_report__unconstrained__cover_exit_unsuccess_havoc_object.yml,reach,unsafe,none,0,blind,full,,,,,timeout,,,,,,899.5,,,,,,,,no_prediction
intel-tdx-module/tdg_mr_report__unexpected__cover_exit_havoc_memory.yml,reach,unsafe,mixed,15,blind,full,uniform,128,,1920,timeout,,,timeout,,600.56,181.0,,,,,,,,verify_timeout
intel-tdx-module/tdg_mr_report__unexpected__cover_exit_havoc_object.yml,reach,unsafe,none,0,blind,full,,,,,timeout,,,,,,899.5,,,,,,,,no_prediction
intel-tdx-module/tdg_mr_report__unexpected__cover_entry_havoc_object.yml,reach,unsafe,none,0,blind,full,,,,,timeout,,,,,,899.4,,,,,,,,no_prediction
intel-tdx-module/tdg_mr_report__unexpected__cover_proof_havoc_object.yml,reach,unsafe,none,0,blind,full,uniform,4096,,0,timeout,,,inconclusive,,37.68,899.5,,,,,,,,failed
intel-tdx-module/tdg_servtd_wr__expected__cover_entry_havoc_object.yml,reach,unsafe,none,0,blind,full,,,,,timeout,,,,,,899.4,,,,,,,,no_prediction
intel-tdx-module/tdg_servtd_wr__expected__cover_exit_havoc_object.yml,reach,unsafe,none,0,blind,full,,,,,timeout,,,,,,899.3,,,,,,,,no_prediction
intel-tdx-module/tdg_servtd_wr__expected__cover_proof_havoc_object.yml,reach,unsafe,none,0,blind,full,,,,,timeout,,,,,,899.3,,,,,,,,no_prediction
intel-tdx-module/tdg_servtd_wr__expected__safety_requirement_havoc_object.yml,reach,safe,none,0,blind,full,,,,,timeout,,,,,,899.3,,,,,,,,no_prediction
intel-tdx-module/tdg_servtd_wr__unconstrained__cover_exit_success_havoc_object.yml,reach,unsafe,none,0,blind,full,,,,,timeout,,,,,,899.2,,,,,,,,no_prediction
intel-tdx-module/tdg_servtd_wr__unconstrained__cover_exit_unsuccess_havoc_object.yml,reach,unsafe,none,0,blind,full,,,,,timeout,,,,,,899.2,,,,,,,,no_prediction
intel-tdx-module/tdg_servtd_wr__unexpected__cover_entry_havoc_object.yml,reach,unsafe,none,0,blind,full,,,,,timeout,,,,,,899.6,,,,,,,,no_prediction
intel-tdx-module/tdg_servtd_wr__unexpected__cover_exit_havoc_object.yml,reach,unsafe,none,0,blind,full,,,,,timeout,,,,,,899.6,,,,,,,,no_prediction
intel-tdx-module/tdg_servtd_wr__unexpected__cover_proof_havoc_object.yml,reach,unsafe,none,0,blind,full,,,,,timeout,,,,,,899.4,,,,,,,,no_prediction
intel-tdx-module/tdg_servtd_wr__unexpected__safety_requirement_havoc_object.yml,reach,safe,none,0,blind,full,,,,,timeout,,,,,,899.5,,,,,,,,no_prediction
intel-tdx-module/tdg_sys_rd__expected__cover_entry_havoc_object.yml,reach,unsafe,none,0,blind,full,,,,,timeout,,,,,,899.5,,,,,,,,no_prediction
intel-tdx-module/tdg_sys_rd__expected__cover_exit_havoc_object.yml,reach,unsafe,none,0,blind,full,,,,,timeout,,,,,,899.3,,,,,,,,no_prediction
intel-tdx-module/tdg_sys_rd__expected__cover_proof_havoc_object.yml,reach,unsafe,none,0,blind,full,,,,,timeout,,,,,,899.4,,,,,,,,no_prediction
intel-tdx-module/tdg_sys_rd__expected__safety_requirement_havoc_object.yml,reach,safe,none,0,blind,full,,,,,timeout,,,,,,899.4,,,,,,,,no_prediction
intel-tdx-module/tdg_sys_rd__unconstrained__cover_exit_success_havoc_object.yml,reach,unsafe,none,0,blind,full,,,,,timeout,,,,,,900.0,,,,,,,,no_prediction
intel-tdx-module/tdg_sys_rd__unconstrained__cover_exit_unsuccess_havoc_object.yml,reach,unsafe,none,0,blind,full,,,,,timeout,,,,,,899.9,,,,,,,,no_prediction
intel-tdx-module/tdg_sys_rd__unexpected__cover_entry_havoc_object.yml,reach,unsafe,none,0,blind,full,,,,,timeout,,,,,,899.9,,,,,,,,no_prediction
intel-tdx-module/tdg_sys_rd__unexpected__cover_exit_havoc_object.yml,reach,unsafe,none,0,blind,full,,,,,timeout,,,,,,899.8,,,,,,,,no_prediction
intel-tdx-module/tdg_sys_rd__unexpected__cover_proof_havoc_object.yml,reach,unsafe,none,0,blind,full,,,,,timeout,,,,,,899.8,,,,,,,,no_prediction
intel-tdx-module/tdg_sys_rd__unexpected__safety_requirement_havoc_object.yml,reach,safe,none,0,blind,full,,,,,timeout,,,,,,899.9,,,,,,,,no_prediction
intel-tdx-module/tdg_vm_wr__expected__cover_entry_havoc_object.yml,reach,unsafe,none,0,blind,full,,,,,timeout,,,,,,899.9,,,,,,,,no_prediction
intel-tdx-module/tdg_vm_wr__expected__cover_exit_havoc_object.yml,reach,unsafe,none,0,blind,full,,,,,timeout,,,,,,899.9,,,,,,,,no_prediction
intel-tdx-module/tdg_vm_wr__expected__cover_proof_havoc_object.yml,reach,unsafe,none,0,blind,full,,,,,timeout,,,,,,899.1,,,,,,,,no_prediction
intel-tdx-module/tdg_vm_wr__expected__safety_requirement_havoc_object.yml,reach,safe,none,0,blind,full,,,,,timeout,,,,,,899.0,,,,,,,,no_prediction
intel-tdx-module/tdg_vm_wr__invalid_input_field_id__cover_entry_havoc_object.yml,reach,unsafe,none,0,blind,full,,,,,timeout,,,,,,899.1,,,,,,,,no_prediction
intel-tdx-module/tdg_vm_wr__invalid_input_field_id__cover_exit_havoc_object.yml,reach,unsafe,none,0,blind,full,,,,,timeout,,,,,,899.1,,,,,,,,no_prediction
intel-tdx-module/tdg_vm_wr__invalid_input_field_id__cover_proof_havoc_object.yml,reach,unsafe,none,0,blind,full,,,,,timeout,,,,,,899.1,,,,,,,,no_prediction
intel-tdx-module/tdg_vm_wr__invalid_input_rcx__cover_entry_havoc_object.yml,reach,unsafe,none,0,blind,full,,,,,timeout,,,,,,899.1,,,,,,,,no_prediction
intel-tdx-module/tdg_vm_wr__invalid_input_rcx__cover_exit_havoc_object.yml,reach,unsafe,none,0,blind,full,,,,,timeout,,,,,,899.1,,,,,,,,no_prediction
intel-tdx-module/tdg_vm_wr__invalid_input_rcx__cover_proof_havoc_object.yml,reach,unsafe,none,0,blind,full,,,,,timeout,,,,,,899.1,,,,,,,,no_prediction
intel-tdx-module/tdg_vm_wr__invalid_input_rcx__safety_requirement_havoc_object.yml,reach,safe,none,0,blind,full,,,,,timeout,,,,,,899.7,,,,,,,,no_prediction
intel-tdx-module/tdg_vm_wr__unconstrained__cover_exit_success_havoc_object.yml,reach,unsafe,none,0,blind,full,,,,,timeout,,,,,,899.7,,,,,,,,no_prediction
intel-tdx-module/tdg_vm_wr__unconstrained__cover_exit_unsuccess_havoc_object.yml,reach,unsafe,none,0,blind,full,,,,,timeout,,,,,,899.7,,,,,,,,no_prediction
intel-tdx-module/tdg_vm_wr__unexpected__cover_entry_havoc_object.yml,reach,unsafe,none,0,blind,full,,,,,timeout,,,,,,899.5,,,,,,,,no_prediction
intel-tdx-module/tdg_vm_wr__unexpected__cover_exit_havoc_object.yml,reach,unsafe,none,0,blind,full,,,,,timeout,,,,,,899.5,,,,,,,,no_prediction
intel-tdx-module/tdg_vm_wr__unexpected__cover_proof_havoc_object.yml,reach,unsafe,none,0,blind,full,,,,,timeout,,,,,,899.6,,,,,,,,no_prediction
intel-tdx-module/tdg_vm_wr__unexpected__safety_requirement_havoc_object.yml,reach,safe,none,0,blind,full,,,,,timeout,,,,,,899.5,,,,,,,,no_prediction
intel-tdx-module/tdg_mr_report__unexpected__safety_requirement_havoc_memory.yml,reach,safe,mixed,15,blind,full,unbounded,,,,timeout,,,not_run,,,181.0,,,,,,,,abstain_warranted
intel-tdx-module/tdg_vp_enter__expected__cover_entry_havoc_memory.yml,reach,unsafe,mixed,14,blind,full,uniform,0,,0,found,0,,works,reach_error.assertion.1,11.1,12.6,1.14,,,,,,,works
intel-tdx-module/tdg_mr_report__unexpected__safety_requirement_havoc_object.yml,reach,safe,none,0,blind,full,uniform,2048,,0,timeout,,,inconclusive,,9.99,899.5,,,,,,,,failed
intel-tdx-module/tdg_vp_enter__expected__cover_exit_havoc_memory.yml,reach,unsafe,mixed,14,blind,full,uniform,4,,56,timeout,,,timeout,,601.37,180.8,,,,,,,,verify_timeout
intel-tdx-module/tdg_mr_report__unexpected__cover_proof_havoc_memory.yml,reach,unsafe,mixed,15,blind,full,uniform,4,,60,timeout,,,inconclusive,,461.42,181.0,,,,,,,,failed
intel-tdx-module/tdg_vp_enter__expected__cover_entry_havoc_object.yml,reach,unsafe,none,0,blind,full,uniform,2048,,0,timeout,,,inconclusive,,9.77,899.4,,,,,,,,failed
intel-tdx-module/tdg_vp_enter__expected__safety_requirement_havoc_memory.yml,reach,safe,mixed,14,blind,full,uniform,128,,1792,timeout,,,timeout,,600.56,180.7,,,,,,,,verify_timeout
intel-tdx-module/tdg_vp_enter__expected__cover_proof_havoc_object.yml,reach,unsafe,none,0,blind,full,uniform,4096,,0,timeout,,,inconclusive,,37.32,899.2,,,,,,,,failed
intel-tdx-module/tdg_vp_enter__expected__cover_exit_havoc_object.yml,reach,unsafe,none,0,blind,full,uniform,12288,,0,timeout,,,impractical,predicted k=12288 exceeds what CBMC can unroll,,899.2,,,,,,,,impractical
intel-tdx-module/tdg_vp_enter__expected__cover_proof_havoc_memory.yml,reach,unsafe,mixed,14,blind,full,schedule,,fv_setup_module_state.0:0;fv_setup_module_state.1:0;fv_setup_tdcs.0:0;fv_setup_tdr.0:0;fv_setup_tdvps.0:0;hash_table_find_entry.0:0;load_vmm_state_before_td_exit.0:0;load_vmm_state_before_td_exit.1:0;load_vmm_state_before_td_exit.2:0;load_xmms_by_mask.0:0;save_guest_td_state_before_td_exit.0:0;save_guest_td_state_before_td_exit.1:0;save_guest_td_state_before_td_exit.2:0;secure_ept_walk.0:0,0,timeout,,,timeout,,600.61,180.7,,,,,,,,verify_timeout
intel-tdx-module/tdg_vp_enter__invalid_input_gpa__cover_entry_havoc_object.yml,reach,unsafe,none,0,blind,full,uniform,12288,,0,timeout,,,impractical,predicted k=12288 exceeds what CBMC can unroll,,899.2,,,,,,,,impractical
intel-tdx-module/tdg_vp_enter__invalid_input_gpa__cover_entry_havoc_memory.yml,reach,unsafe,mixed,14,blind,full,uniform,0,,0,found,0,,works,reach_error.assertion.1,12.29,12.5,1.02,,,,,,,works
intel-tdx-module/tdg_vp_enter__invalid_input_gpa__cover_exit_havoc_memory.yml,reach,unsafe,mixed,14,blind,full,uniform,0,,0,timeout,,,timeout,,600.82,180.7,,,,,,,,verify_timeout
intel-tdx-module/tdg_vp_enter__invalid_input_gpa__cover_exit_havoc_object.yml,reach,unsafe,none,0,blind,full,uniform,12288,,0,timeout,,,impractical,predicted k=12288 exceeds what CBMC can unroll,,900.2,,,,,,,,impractical
intel-tdx-module/tdg_vp_enter__expected__safety_requirement_havoc_object.yml,reach,safe,none,0,blind,full,uniform,4096,,0,timeout,,,inconclusive,,38.62,899.1,,,,,,,,failed
intel-tdx-module/tdg_vp_enter__invalid_input_gpa__cover_proof_havoc_object.yml,reach,unsafe,none,0,blind,full,uniform,4096,,0,timeout,,,inconclusive,,39.25,899.1,,,,,,,,failed
intel-tdx-module/tdg_vp_enter__invalid_input_gpa__cover_proof_havoc_memory.yml,reach,unsafe,mixed,14,blind,full,uniform,128,,1792,timeout,,,timeout,,600.61,180.8,,,,,,,,verify_timeout
intel-tdx-module/tdg_vp_enter__invalid_input_vmflag__cover_entry_havoc_memory.yml,reach,unsafe,mixed,14,blind,full,uniform,0,,0,found,0,,works,reach_error.assertion.1,12.08,13.7,1.13,,,,,,,works
intel-tdx-module/tdg_vp_enter__invalid_input_vmflag__cover_entry_havoc_object.yml,reach,unsafe,none,0,blind,full,uniform,2048,,0,timeout,,,inconclusive,,10.25,899.1,,,,,,,,failed
intel-tdx-module/tdg_vp_enter__invalid_input_gpa__safety_requirement_havoc_object.yml,reach,safe,none,0,blind,full,,,,,timeout,,,,,,899.2,,,,,,,,no_prediction
intel-tdx-module/tdg_vp_enter__invalid_input_gpa__safety_requirement_havoc_memory.yml,reach,safe,mixed,14,blind,full,schedule,,fv_setup_module_state.0:1;fv_setup_module_state.1:1;fv_setup_tdcs.0:1;fv_setup_tdr.0:1;fv_setup_tdvps.0:1;hash_table_find_entry.0:128;load_vmm_state_before_td_exit.0:255;load_vmm_state_before_td_exit.1:8;load_vmm_state_before_td_exit.2:2;load_xmms_by_mask.0:16;save_guest_td_state_before_td_exit.0:255;save_guest_td_state_before_td_exit.1:8;save_guest_td_state_before_td_exit.2:2;secure_ept_walk.0:6,685,timeout,,,inconclusive,,451.55,180.8,,,,,,,,failed
intel-tdx-module/tdg_vp_enter__invalid_input_vmflag__cover_exit_havoc_memory.yml,reach,unsafe,mixed,14,blind,full,uniform,0,,0,timeout,,,timeout,,600.77,180.8,,,,,,,,verify_timeout
intel-tdx-module/tdg_vp_enter__invalid_input_vmflag__cover_exit_havoc_object.yml,reach,unsafe,none,0,blind,full,uniform,0,,0,timeout,,,inconclusive,,2.53,899.1,,,,,,,,failed
intel-tdx-module/tdg_vp_enter__invalid_input_vmflag__cover_proof_havoc_object.yml,reach,unsafe,none,0,blind,full,uniform,2048,,0,timeout,,,inconclusive,,10.06,899.1,,,,,,,,failed
intel-tdx-module/tdg_vp_enter__invalid_input_vmflag__cover_proof_havoc_memory.yml,reach,unsafe,mixed,14,blind,full,uniform,128,,1792,timeout,,,timeout,,600.44,180.8,,,,,,,,verify_timeout
intel-tdx-module/tdg_vp_enter__invalid_input_vmflag__safety_requirement_havoc_memory.yml,reach,safe,mixed,14,blind,full,uniform,128,,1792,timeout,,,timeout,,600.53,180.8,,,,,,,,verify_timeout
intel-tdx-module/tdg_vp_enter__unconstrained__cover_exit_success_havoc_memory.yml,reach,unsafe,mixed,14,blind,full,uniform,0,,0,timeout,,,timeout,,600.9,180.7,,,,,,,,verify_timeout
intel-tdx-module/tdg_vp_enter__invalid_input_vmflag__safety_requirement_havoc_object.yml,reach,safe,none,0,blind,full,uniform,2048,,0,timeout,,,inconclusive,,10.0,899.2,,,,,,,,failed
intel-tdx-module/tdg_vp_enter__unconstrained__cover_exit_unsuccess_havoc_memory.yml,reach,unsafe,mixed,14,blind,full,uniform,0,,0,timeout,,,timeout,,600.77,180.7,,,,,,,,verify_timeout
intel-tdx-module/tdg_vp_enter__unconstrained__cover_exit_success_havoc_object.yml,reach,unsafe,none,0,blind,full,uniform,2048,,0,timeout,,,inconclusive,,10.17,899.2,,,,,,,,failed
intel-tdx-module/tdg_vp_enter__unexpected__cover_entry_havoc_memory.yml,reach,unsafe,mixed,14,blind,full,uniform,0,,0,found,0,,works,reach_error.assertion.1,11.81,13.2,1.12,,,,,,,works
intel-tdx-module/tdg_vp_enter__unexpected__cover_entry_havoc_object.yml,reach,unsafe,none,0,blind,full,uniform,12288,,0,timeout,,,impractical,predicted k=12288 exceeds what CBMC can unroll,,900.0,,,,,,,,impractical
intel-tdx-module/tdg_vp_enter__unexpected__cover_exit_havoc_memory.yml,reach,unsafe,mixed,14,blind,full,uniform,0,,0,timeout,,,timeout,,600.85,180.9,,,,,,,,verify_timeout
intel-tdx-module/tdg_vp_enter__unconstrained__cover_exit_unsuccess_havoc_object.yml,reach,unsafe,none,0,blind,full,uniform,1,,0,timeout,,,inconclusive,,2.54,899.1,,,,,,,,failed
intel-tdx-module/tdg_vp_enter__unexpected__cover_proof_havoc_memory.yml,reach,unsafe,mixed,14,blind,full,uniform,0,,0,timeout,,,timeout,,600.84,180.8,,,,,,,,verify_timeout
intel-tdx-module/tdg_vp_enter__unexpected__safety_requirement_havoc_memory.yml,reach,safe,mixed,14,blind,full,uniform,0,,0,timeout,,,timeout,,600.79,180.7,,,,,,,,verify_timeout
intel-tdx-module/tdg_vp_enter__unexpected__cover_exit_havoc_object.yml,reach,unsafe,none,0,blind,full,uniform,0,,0,timeout,,,inconclusive,,2.63,899.1,,,,,,,,failed
intel-tdx-module/tdg_vp_enter__unexpected__cover_proof_havoc_object.yml,reach,unsafe,none,0,blind,full,uniform,128,,0,timeout,,,inconclusive,,3.88,899.1,,,,,,,,failed
intel-tdx-module/tdg_vp_enter__unexpected__safety_requirement_havoc_object.yml,reach,safe,none,0,blind,full,uniform,2048,,0,timeout,,,inconclusive,,10.29,899.2,,,,,,,,failed
intel-tdx-module/tdg_vp_vmcall__expected__cover_entry_havoc_memory.yml,reach,unsafe,mixed,14,blind,full,uniform,0,,0,found,0,,works,reach_error.assertion.1,12.09,13.7,1.13,,,,,,,works
intel-tdx-module/tdg_vp_vmcall__invalid_input_bitmap__cover_entry_havoc_memory.yml,reach,unsafe,mixed,14,blind,full,uniform,0,,0,found,0,,works,reach_error.assertion.1,12.2,13.3,1.09,,,,,,,works
intel-tdx-module/tdg_vp_vmcall__invalid_input_bitmap__cover_entry_havoc_object.yml,reach,unsafe,none,0,blind,full,uniform,0,,0,timeout,,,inconclusive,,2.48,900.0,,,,,,,,failed
intel-tdx-module/tdg_vp_vmcall__invalid_input_bitmap__cover_exit_havoc_object.yml,reach,unsafe,none,0,blind,full,uniform,2048,,0,timeout,,,inconclusive,,10.19,900.0,,,,,,,,failed
intel-tdx-module/tdg_vp_vmcall__expected__cover_entry_havoc_object.yml,reach,unsafe,none,0,blind,full,uniform,2048,,0,timeout,,,inconclusive,,10.37,899.1,,,,,,,,failed
intel-tdx-module/tdg_vp_vmcall__invalid_input_bitmap__cover_proof_havoc_memory.yml,reach,unsafe,mixed,14,blind,full,unbounded,,,,found,0,,not_run,,,16.5,,,,,,,,abstain_unverified
intel-tdx-module/tdg_vp_vmcall__invalid_input_bitmap__cover_proof_havoc_object.yml,reach,unsafe,none,0,blind,full,uniform,4096,,0,timeout,,,inconclusive,,38.9,900.0,,,,,,,,failed
intel-tdx-module/tdg_vp_vmcall__invalid_input_bitmap__safety_requirement_havoc_memory.yml,reach,safe,mixed,14,blind,full,uniform,128,,1792,timeout,,,timeout,,601.32,180.1,,,,,,,,verify_timeout
intel-tdx-module/tdg_vp_vmcall__invalid_input_bitmap__safety_requirement_havoc_object.yml,reach,safe,none,0,blind,full,uniform,4096,,0,timeout,,,inconclusive,,38.7,899.1,,,,,,,,failed
intel-tdx-module/tdg_vp_vmcall__unexpected__cover_entry_havoc_memory.yml,reach,unsafe,mixed,14,blind,full,uniform,0,,0,found,0,,works,reach_error.assertion.1,11.8,12.3,1.04,,,,,,,works
intel-tdx-module/tdg_vp_vmcall__unconstrained__cover_exit_unsuccess_havoc_memory.yml,reach,unsafe,mixed,14,blind,full,uniform,16,,224,timeout,,,insufficient,,297.32,475.2,,,,,,,,failed
intel-tdx-module/tdg_vp_vmcall__unexpected__cover_exit_havoc_memory.yml,reach,unsafe,mixed,14,blind,full,uniform,0,,0,found,0,,works,reach_error.assertion.1,11.35,12.0,1.06,,,,,,,works
intel-tdx-module/tdg_vp_vmcall__invalid_input_bitmap__cover_exit_havoc_memory.yml,reach,unsafe,mixed,14,blind,full,schedule,,copy_gprs_data_from_td_to_vmm.0:14;fv_setup_module_state.0:0;fv_setup_module_state.1:0;fv_setup_tdcs.0:0;fv_setup_tdr.0:0;fv_setup_tdvps.0:0;hash_table_find_entry.0:0;load_vmm_state_before_td_exit.0:0;load_vmm_state_before_td_exit.1:0;load_vmm_state_before_td_exit.2:0;load_xmms_by_mask.0:16;save_guest_td_state_before_td_exit.0:0;save_guest_td_state_before_td_exit.1:0;save_guest_td_state_before_td_exit.2:0,30,found,0,,works,reach_error.assertion.1,11.55,13.3,1.15,,,,,,,works
intel-tdx-module/tdg_vp_vmcall__unexpected__cover_exit_havoc_object.yml,reach,unsafe,none,0,blind,full,unbounded,,,,timeout,,,not_run,,,899.1,,,,,,,,abstain_unverified
intel-tdx-module/tdg_vp_vmcall__unexpected__cover_proof_havoc_memory.yml,reach,unsafe,mixed,14,blind,full,uniform,128,,1792,found,0,,timeout,,603.26,15.5,,,,,,,,verify_timeout
intel-tdx-module/tdg_vp_vmcall__unexpected__safety_requirement_havoc_memory.yml,reach,safe,mixed,14,blind,full,unbounded,,,,timeout,,,not_run,,,180.1,,,,,,,,abstain_unverified
intel-tdx-module/tdg_vp_vmcall__unexpected__cover_proof_havoc_object.yml,reach,unsafe,none,0,blind,full,,,,,timeout,,,,,,900.0,,,,,,,,no_prediction
intel-tdx-module/tdg_vp_vmcall__unconstrained__cover_exit_unsuccess_havoc_object.yml,reach,unsafe,none,0,blind,full,,,,,timeout,,,,,,899.2,,,,,,,,no_prediction
intel-tdx-module/tdg_vp_vmcall__unexpected__safety_requirement_havoc_object.yml,reach,safe,none,0,blind,full,uniform,1,,0,timeout,,,inconclusive,,2.41,900.0,,,,,,,,failed
intel-tdx-module/tdh_export_restore__expected__cover_entry_havoc_object.yml,reach,unsafe,none,0,blind,full,uniform,512,,0,timeout,,,inconclusive,,4.89,899.2,,,,,,,,failed
intel-tdx-module/tdg_vp_vmcall__unexpected__cover_entry_havoc_object.yml,reach,unsafe,none,0,blind,full,,,,,timeout,,,,,,899.1,,,,,,,,no_prediction
intel-tdx-module/tdh_export_restore__expected__cover_proof_havoc_object.yml,reach,unsafe,none,0,blind,full,uniform,0,,0,timeout,,,inconclusive,,2.36,899.2,,,,,,,,failed
intel-tdx-module/tdh_export_restore__expected__cover_exit_havoc_object.yml,reach,unsafe,none,0,blind,full,uniform,0,,0,timeout,,,inconclusive,,3.35,899.2,,,,,,,,failed
intel-tdx-module/tdh_export_restore__unconstrained__cover_exit_success_havoc_object.yml,reach,unsafe,none,0,blind,full,uniform,1,,0,timeout,,,inconclusive,,2.33,899.1,,,,,,,,failed
intel-tdx-module/tdh_export_restore__expected__safety_requirement_havoc_object.yml,reach,safe,none,0,blind,full,unbounded,,,,timeout,,,not_run,,,899.2,,,,,,,,abstain_unverified
intel-tdx-module/tdh_export_restore__unconstrained__cover_exit_unsuccess_havoc_object.yml,reach,unsafe,none,0,blind,full,uniform,0,,0,timeout,,,inconclusive,,2.33,899.3,,,,,,,,failed
intel-tdx-module/tdh_export_restore__unexpected__cover_entry_havoc_object.yml,reach,unsafe,none,0,blind,full,uniform,0,,0,timeout,,,inconclusive,,2.35,899.3,,,,,,,,failed
intel-tdx-module/tdh_export_restore__unexpected__safety_requirement_havoc_object.yml,reach,safe,none,0,blind,full,uniform,512,,0,timeout,,,inconclusive,,4.93,899.3,,,,,,,,failed
intel-tdx-module/tdh_export_restore__unexpected__cover_proof_havoc_object.yml,reach,unsafe,none,0,blind,full,uniform,512,,0,timeout,,,inconclusive,,4.9,899.3,,,,,,,,failed
intel-tdx-module/tdh_import_abort__expected__cover_entry_havoc_memory.yml,reach,unsafe,mixed,7,blind,full,uniform,0,,0,found,0,,works,reach_error.assertion.1,8.64,9.6,1.11,,,,,,,works
intel-tdx-module/tdh_export_restore__unexpected__cover_exit_havoc_object.yml,reach,unsafe,none,0,blind,full,uniform,1,,0,timeout,,,inconclusive,,2.35,899.3,,,,,,,,failed
intel-tdx-module/tdh_import_abort__expected__cover_exit_havoc_object.yml,reach,unsafe,none,0,blind,full,uniform,1,,0,timeout,,,inconclusive,,2.48,899.3,,,,,,,,failed
intel-tdx-module/tdh_import_abort__expected__cover_entry_havoc_object.yml,reach,unsafe,none,0,blind,full,uniform,2048,,0,timeout,,,inconclusive,,10.06,899.3,,,,,,,,failed
intel-tdx-module/tdh_import_abort__expected__cover_proof_havoc_object.yml,reach,unsafe,none,0,blind,full,uniform,0,,0,timeout,,,inconclusive,,2.56,899.3,,,,,,,,failed
intel-tdx-module/tdh_import_abort__expected__cover_exit_havoc_memory.yml,reach,unsafe,mixed,7,blind,full,schedule,,fv_setup_module_state.0:0;fv_setup_module_state.1:0;fv_setup_tdcs.0:0;fv_setup_tdr.0:0;hash_table_find_entry.0:0;map_continuous_pages.0:6;pamt_get_block.0:0,6,timeout,,,insufficient,,250.05,180.3,,,,,,,,failed
intel-tdx-module/tdh_import_abort__expected__cover_proof_havoc_memory.yml,reach,unsafe,mixed,7,blind,full,schedule,,fv_setup_module_state.0:0;fv_setup_module_state.1:0;fv_setup_tdcs.0:0;fv_setup_tdr.0:0;hash_table_find_entry.0:0;map_continuous_pages.0:6;pamt_get_block.0:0,6,timeout,,,insufficient,,257.99,180.3,,,,,,,,failed
intel-tdx-module/tdh_import_abort__expected__safety_requirement_havoc_object.yml,reach,safe,none,0,blind,full,uniform,2048,,0,timeout,,,inconclusive,,10.04,899.3,,,,,,,,failed
intel-tdx-module/tdh_import_abort__expected__safety_requirement_havoc_memory.yml,reach,safe,mixed,7,blind,full,,,,,timeout,,,,,,180.3,,,,,,,,no_prediction
intel-tdx-module/tdh_import_abort__unexpected__cover_entry_havoc_memory.yml,reach,unsafe,mixed,7,blind,full,uniform,0,,0,found,0,,works,reach_error.assertion.1,8.49,9.6,1.13,,,,,,,works
intel-tdx-module/tdh_import_abort__unconstrained__cover_exit_unsuccess_havoc_memory.yml,reach,unsafe,mixed,7,blind,full,schedule,,fv_setup_module_state.0:0;fv_setup_module_state.1:0;fv_setup_tdcs.0:0;fv_setup_tdr.0:0;hash_table_find_entry.0:128;map_continuous_pages.0:9;pamt_get_block.0:64,201,timeout,,,timeout,,616.72,180.2,,,,,,,,verify_timeout
intel-tdx-module/tdh_import_abort__unconstrained__cover_exit_unsuccess_havoc_object.yml,reach,unsafe,none,0,blind,full,uniform,0,,0,timeout,,,inconclusive,,2.44,899.4,,,,,,,,failed
intel-tdx-module/tdh_import_abort__unexpected__cover_entry_havoc_object.yml,reach,unsafe,none,0,blind,full,uniform,0,,0,timeout,,,inconclusive,,2.45,899.3,,,,,,,,failed
intel-tdx-module/tdh_import_abort__unexpected__cover_exit_havoc_memory.yml,reach,unsafe,mixed,7,blind,full,uniform,0,,0,timeout,,,insufficient,,268.02,180.2,,,,,,,,failed
intel-tdx-module/tdh_import_abort__unexpected__cover_exit_havoc_object.yml,reach,unsafe,none,0,blind,full,uniform,0,,0,timeout,,,inconclusive,,2.43,899.3,,,,,,,,failed
intel-tdx-module/tdh_import_abort__unexpected__cover_proof_havoc_memory.yml,reach,unsafe,mixed,7,blind,full,uniform,0,,0,timeout,,,insufficient,,250.72,180.3,,,,,,,,failed
intel-tdx-module/tdh_import_abort__unexpected__cover_proof_havoc_object.yml,reach,unsafe,none,0,blind,full,uniform,0,,0,timeout,,,inconclusive,,2.48,899.3,,,,,,,,failed
intel-tdx-module/tdh_import_abort__unexpected__safety_requirement_havoc_object.yml,reach,safe,none,0,blind,full,schedule,,hash_table_find:128;hash_table_remove:128;pamt_get_block:64,320,timeout,,,inconclusive,,0.79,899.3,,,,,,,,failed
intel-tdx-module/tdh_mng_addcx__expected__cover_entry_havoc_object.yml,reach,unsafe,none,0,blind,full,uniform,0,,0,timeout,,,inconclusive,,2.27,899.1,,,,,,,,failed
intel-tdx-module/tdh_mng_addcx__expected__cover_exit_havoc_object.yml,reach,unsafe,none,0,blind,full,uniform,0,,0,timeout,,,inconclusive,,2.24,899.1,,,,,,,,failed
intel-tdx-module/tdh_import_abort__unexpected__safety_requirement_havoc_memory.yml,reach,safe,mixed,7,blind,full,schedule,,fv_setup_module_state.0:2048;fv_setup_module_state.1:2048;fv_setup_tdcs.0:80;fv_setup_tdr.0:9;hash_table_find_entry.0:128;map_continuous_pages.0:9;pamt_get_block.0:64,4386,timeout,,,timeout,,604.25,180.3,,,,,,,,verify_timeout
intel-tdx-module/tdh_mng_addcx__expected__cover_entry_havoc_memory.yml,reach,unsafe,mixed,12,blind,full,uniform,0,,0,timeout,,,insufficient,,55.7,291.7,,,,,,,,failed
intel-tdx-module/tdh_mng_addcx__expected__cover_proof_havoc_object.yml,reach,unsafe,none,0,blind,full,uniform,128,,0,timeout,,,inconclusive,,3.54,899.3,,,,,,,,failed
intel-tdx-module/tdh_mng_addcx__expected__cover_exit_havoc_memory.yml,reach,unsafe,mixed,12,blind,full,uniform,64,,4800,timeout,,,timeout,,609.52,294.2,,,,,,,,verify_timeout
intel-tdx-module/tdh_mng_addcx__invalid_input_tdcx_pa__cover_entry_havoc_memory.yml,reach,unsafe,mixed,12,blind,full,uniform,0,,0,timeout,,,insufficient,,61.37,304.7,,,,,,,,failed
intel-tdx-module/tdh_mng_addcx__invalid_input_tdcx_pa__cover_entry_havoc_object.yml,reach,unsafe,none,0,blind,full,uniform,0,,0,timeout,,,inconclusive,,2.25,899.3,,,,,,,,failed
intel-tdx-module/tdh_mng_addcx__expected__safety_requirement_havoc_object.yml,reach,safe,none,0,blind,full,uniform,0,,0,timeout,,,inconclusive,,2.25,899.3,,,,,,,,failed
intel-tdx-module/tdh_mng_addcx__expected__cover_proof_havoc_memory.yml,reach,unsafe,mixed,12,blind,full,schedule,,fill_area_cacheline.0:8;fill_cachelines_no_sfence.0:64;fv_setup_module_state.0:0;fv_setup_module_state.1:0;fv_setup_tdcs.0:0;fv_setup_tdr.0:0;generate_256bit_random.0:6;generate_256bit_random.1:32;hash_table_find_entry.0:128;map_continuous_pages.0:9;movdir64b.0:8;pamt_get_block.0:64,505,timeout,,,inconclusive,,582.12,294.5,,,,,,,,failed
intel-tdx-module/tdh_mng_addcx__expected__safety_requirement_havoc_memory.yml,reach,safe,mixed,12,blind,full,schedule,,fill_area_cacheline.0:8;fill_cachelines_no_sfence.0:64;fv_setup_module_state.0:1;fv_setup_module_state.1:1;fv_setup_tdcs.0:1;fv_setup_tdr.0:1;generate_256bit_random.0:6;generate_256bit_random.1:32;hash_table_find_entry.0:128;map_continuous_pages.0:9;movdir64b.0:8;pamt_get_block.0:64,509,timeout,,,timeout,,1279.91,313.7,,,,,,,,verify_timeout
intel-tdx-module/tdh_mng_addcx__invalid_input_tdcx_pa__cover_exit_havoc_object.yml,reach,unsafe,none,0,blind,full,uniform,1,,0,timeout,,,inconclusive,,2.31,899.3,,,,,,,,failed
intel-tdx-module/tdh_mng_addcx__invalid_input_tdcx_pa__cover_proof_havoc_object.yml,reach,unsafe,none,0,blind,full,uniform,2048,,0,timeout,,,inconclusive,,9.6,899.3,,,,,,,,failed
intel-tdx-module/tdh_mng_addcx__invalid_input_tdcx_pa__cover_exit_havoc_memory.yml,reach,unsafe,mixed,12,blind,full,schedule,,fill_area_cacheline.0:8;fill_cachelines_no_sfence.0:64;fv_setup_module_state.0:0;fv_setup_module_state.1:0;fv_setup_tdcs.0:0;fv_setup_tdr.0:0;generate_256bit_random.0:0;generate_256bit_random.1:0;hash_table_find_entry.0:0;map_continuous_pages.0:0;movdir64b.0:0;pamt_get_block.0:64,136,timeout,,,timeout,,1268.47,304.6,,,,,,,,verify_timeout
intel-tdx-module/tdh_mng_addcx__invalid_input_tdcx_pa__safety_requirement_havoc_memory.yml,reach,safe,mixed,12,blind,full,uniform,64,,4800,timeout,,,timeout,,1268.49,309.3,,,,,,,,verify_timeout
intel-tdx-module/tdh_mng_addcx__invalid_input_tdcx_pa__cover_proof_havoc_memory.yml,reach,unsafe,mixed,12,blind,full,uniform,128,,17792,timeout,,,timeout,,1227.93,300.4,,,,,,,,verify_timeout
intel-tdx-module/tdh_mng_addcx__invalid_input_tdcx_pa__safety_requirement_havoc_object.yml,reach,safe,none,0,blind,full,uniform,2048,,0,timeout,,,inconclusive,,10.25,899.3,,,,,,,,failed
intel-tdx-module/tdh_mng_addcx__invalid_input_tdr_pa__cover_entry_havoc_memory.yml,reach,unsafe,mixed,12,blind,full,uniform,0,,0,timeout,,,insufficient,,59.77,307.1,,,,,,,,failed
intel-tdx-module/tdh_mng_addcx__invalid_input_tdr_pa__cover_exit_havoc_object.yml,reach,unsafe,none,0,blind,full,uniform,0,,0,timeout,,,inconclusive,,2.25,899.3,,,,,,,,failed
intel-tdx-module/tdh_mng_addcx__invalid_input_tdr_pa__cover_entry_havoc_object.yml,reach,unsafe,none,0,blind,full,uniform,1,,0,timeout,,,inconclusive,,2.28,899.3,,,,,,,,failed
intel-tdx-module/tdh_mng_addcx__invalid_input_tdr_pa__cover_proof_havoc_object.yml,reach,unsafe,none,0,blind,full,uniform,64,,0,timeout,,,inconclusive,,3.02,899.2,,,,,,,,failed
intel-tdx-module/tdh_mng_addcx__invalid_input_tdr_pa__cover_exit_havoc_memory.yml,reach,unsafe,mixed,12,blind,full,uniform,0,,0,timeout,,,insufficient,,75.93,307.8,,,,,,,,failed
intel-tdx-module/tdh_mng_addcx__invalid_input_tdr_pa__safety_requirement_havoc_memory.yml,reach,safe,mixed,12,blind,full,schedule,,fill_area_cacheline.0:8;fill_cachelines_no_sfence.0:64;fv_setup_module_state.0:0;fv_setup_module_state.1:0;fv_setup_tdcs.0:0;fv_setup_tdr.0:0;generate_256bit_random.0:6;generate_256bit_random.1:32;hash_table_find_entry.0:128;map_continuous_pages.0:9;movdir64b.0:8;pamt_get_block.0:64,505,timeout,,,timeout,,857.71,307.3,,,,,,,,verify_timeout
intel-tdx-module/tdh_mng_addcx__invalid_input_tdr_pa__safety_requirement_havoc_object.yml,reach,safe,none,0,blind,full,uniform,2048,,0,timeout,,,inconclusive,,9.9,899.2,,,,,,,,failed
intel-tdx-module/tdh_mng_addcx__invalid_state_lifecycle__cover_entry_havoc_memory.yml,reach,unsafe,mixed,12,blind,full,uniform,0,,0,timeout,,,insufficient,,61.87,308.3,,,,,,,,failed
intel-tdx-module/tdh_mng_addcx__invalid_state_lifecycle__cover_entry_havoc_object.yml,reach,unsafe,none,0,blind,full,uniform,0,,0,timeout,,,inconclusive,,2.25,899.2,,,,,,,,failed
intel-tdx-module/tdh_mng_addcx__invalid_state_lifecycle__cover_proof_havoc_memory.yml,reach,unsafe,mixed,12,blind,full,schedule,,fill_area_cacheline.0:8;fill_cachelines_no_sfence.0:64;fv_setup_module_state.0:0;fv_setup_module_state.1:0;fv_setup_tdcs.0:0;fv_setup_tdr.0:0;generate_256bit_random.0:6;generate_256bit_random.1:32;hash_table_find_entry.0:128;map_continuous_pages.0:9;movdir64b.0:8;pamt_get_block.0:64,505,timeout,,,timeout,,818.68,299.6,,,,,,,,verify_timeout
intel-tdx-module/tdh_mng_addcx__invalid_input_tdr_pa__cover_proof_havoc_memory.yml,reach,unsafe,mixed,12,blind,full,uniform,64,,4800,timeout,,,timeout,,778.2,305.9,,,,,,,,verify_timeout
intel-tdx-module/tdh_mng_addcx__invalid_state_lifecycle__cover_exit_havoc_object.yml,reach,unsafe,none,0,blind,full,uniform,2048,,0,timeout,,,inconclusive,,9.53,899.2,,,,,,,,failed
intel-tdx-module/tdh_mng_addcx__invalid_state_lifecycle__cover_exit_havoc_memory.yml,reach,unsafe,mixed,12,blind,full,schedule,,fill_area_cacheline.0:8;fill_cachelines_no_sfence.0:64;fv_setup_module_state.0:0;fv_setup_module_state.1:0;fv_setup_tdcs.0:0;fv_setup_tdr.0:0;generate_256bit_random.0:1;generate_256bit_random.1:1;hash_table_find_entry.0:1;map_continuous_pages.0:6;movdir64b.0:8;pamt_get_block.0:1,90,timeout,,,timeout,,751.61,304.1,,,,,,,,verify_timeout
intel-tdx-module/tdh_mng_addcx__invalid_state_lifecycle__cover_proof_havoc_object.yml,reach,unsafe,none,0,blind,full,uniform,1,,0,timeout,,,inconclusive,,3.36,899.2,,,,,,,,failed
intel-tdx-module/tdh_mng_addcx__invalid_state_lifecycle__safety_requirement_havoc_object.yml,reach,safe,none,0,blind,full,uniform,128,,0,timeout,,,inconclusive,,6.0,899.2,,,,,,,,failed
intel-tdx-module/tdh_mng_addcx__invalid_state_lifecycle__safety_requirement_havoc_memory.yml,reach,safe,mixed,12,blind,full,schedule,,fill_area_cacheline.0:8;fill_cachelines_no_sfence.0:64;fv_setup_module_state.0:1;fv_setup_module_state.1:1;fv_setup_tdcs.0:1;fv_setup_tdr.0:1;generate_256bit_random.0:6;generate_256bit_random.1:32;hash_table_find_entry.0:128;map_continuous_pages.0:9;movdir64b.0:8;pamt_get_block.0:64,509,timeout,,,timeout,,616.97,316.7,,,,,,,,verify_timeout
intel-tdx-module/tdh_mng_addcx__invalid_state_num_tdcx__cover_entry_havoc_memory.yml,reach,safe,mixed,12,blind,full,schedule,,fill_area_cacheline.0:0;fill_cachelines_no_sfence.0:0;fv_setup_module_state.0:0;fv_setup_module_state.1:0;fv_setup_tdcs.0:0;fv_setup_tdr.0:0;generate_256bit_random.0:0;generate_256bit_random.1:0;hash_table_find_entry.0:0;map_continuous_pages.0:0;movdir64b.0:0;pamt_get_block.0:1,1,found,0,,works,,51.46,59.6,1.16,,,,,,,works
intel-tdx-module/tdh_mng_addcx__invalid_state_num_tdcx__cover_exit_havoc_object.yml,reach,safe,none,0,blind,full,uniform,1,,0,timeout,,,inconclusive,,3.62,899.2,,,,,,,,failed
intel-tdx-module/tdh_mng_addcx__invalid_state_num_tdcx__cover_proof_havoc_object.yml,reach,safe,none,0,blind,full,uniform,128,,0,timeout,,,inconclusive,,3.86,899.3,,,,,,,,failed
intel-tdx-module/tdh_mng_addcx__invalid_state_num_tdcx__cover_entry_havoc_object.yml,reach,safe,none,0,blind,full,uniform,2048,,0,timeout,,,inconclusive,,9.93,899.2,,,,,,,,failed
intel-tdx-module/tdh_mng_addcx__invalid_state_num_tdcx__safety_requirement_havoc_object.yml,reach,safe,none,0,blind,full,uniform,2048,,0,timeout,,,inconclusive,,10.94,899.3,,,,,,,,failed
intel-tdx-module/tdh_mng_addcx__invalid_state_num_tdcx__cover_exit_havoc_memory.yml,reach,safe,mixed,12,blind,full,schedule,,fill_area_cacheline.0:8;fill_cachelines_no_sfence.0:64;fv_setup_module_state.0:0;fv_setup_module_state.1:0;fv_setup_tdcs.0:0;fv_setup_tdr.0:0;generate_256bit_random.0:6;generate_256bit_random.1:32;hash_table_find_entry.0:128;map_continuous_pages.0:9;movdir64b.0:8;pamt_get_block.0:64,505,found,0,,timeout,,612.49,58.4,,,,,,,,verify_timeout
intel-tdx-module/tdh_mng_addcx__invalid_state_num_tdcx__cover_proof_havoc_memory.yml,reach,safe,mixed,12,blind,full,uniform,0,,0,found,0,,works,,52.59,55.8,1.06,,,,,,,works
intel-tdx-module/tdh_mng_addcx__invalid_state_pamt_metadata__cover_entry_havoc_object.yml,reach,unsafe,none,0,blind,full,uniform,0,,0,timeout,,,inconclusive,,2.25,899.3,,,,,,,,failed
intel-tdx-module/tdh_mng_addcx__invalid_state_num_tdcx__safety_requirement_havoc_memory.yml,reach,safe,mixed,12,blind,full,uniform,128,,17792,found,0,,timeout,,609.19,63.2,,,,,,,,verify_timeout
intel-tdx-module/tdh_mng_addcx__invalid_state_pamt_metadata__cover_entry_havoc_memory.yml,reach,unsafe,mixed,12,blind,full,uniform,0,,0,timeout,,,insufficient,,80.95,346.9,,,,,,,,failed
intel-tdx-module/tdh_mng_addcx__invalid_state_pamt_metadata__cover_exit_havoc_object.yml,reach,unsafe,none,0,blind,full,uniform,0,,0,timeout,,,inconclusive,,2.36,899.3,,,,,,,,failed
intel-tdx-module/tdh_mng_addcx__invalid_state_pamt_metadata__cover_proof_havoc_memory.yml,reach,unsafe,mixed,12,blind,full,uniform,128,,17792,timeout,,,timeout,,600.17,180.2,,,,,,,,verify_timeout
intel-tdx-module/tdh_mng_addcx__invalid_state_pamt_metadata__cover_proof_havoc_object.yml,reach,unsafe,none,0,blind,full,uniform,2048,,0,timeout,,,inconclusive,,9.75,899.3,,,,,,,,failed
intel-tdx-module/tdh_mng_addcx__invalid_state_pamt_metadata__cover_exit_havoc_memory.yml,reach,unsafe,mixed,12,blind,full,uniform,8,,152,timeout,,,inconclusive,,381.19,180.3,,,,,,,,failed
intel-tdx-module/tdh_mng_addcx__invalid_state_td_state__cover_exit_havoc_object.yml,reach,unsafe,none,0,blind,full,uniform,0,,0,timeout,,,inconclusive,,2.19,899.3,,,,,,,,failed
intel-tdx-module/tdh_mng_addcx__invalid_state_td_state__cover_entry_havoc_memory.yml,reach,unsafe,mixed,12,blind,full,schedule,,fill_area_cacheline.0:0;fill_cachelines_no_sfence.0:0;fv_setup_module_state.0:0;fv_setup_module_state.1:0;fv_setup_tdcs.0:0;fv_setup_tdr.0:0;generate_256bit_random.0:0;generate_256bit_random.1:0;hash_table_find_entry.0:0;map_continuous_pages.0:0;movdir64b.0:0;pamt_get_block.0:1,1,timeout,,,insufficient,,56.67,308.9,,,,,,,,failed
intel-tdx-module/tdh_mng_addcx__invalid_state_td_state__cover_entry_havoc_object.yml,reach,unsafe,none,0,blind,full,uniform,1,,0,timeout,,,inconclusive,,2.29,899.3,,,,,,,,failed
intel-tdx-module/tdh_mng_addcx__invalid_state_td_state__cover_exit_havoc_memory.yml,reach,unsafe,mixed,12,blind,full,uniform,1,,12,timeout,,,insufficient,,59.4,311.1,,,,,,,,failed
intel-tdx-module/tdh_mng_addcx__invalid_state_td_state__cover_proof_havoc_memory.yml,reach,unsafe,mixed,12,blind,full,schedule,,fill_area_cacheline.0:8;fill_cachelines_no_sfence.0:64;fv_setup_module_state.0:0;fv_setup_module_state.1:0;fv_setup_tdcs.0:0;fv_setup_tdr.0:0;generate_256bit_random.0:6;generate_256bit_random.1:32;hash_table_find_entry.0:128;map_continuous_pages.0:0;movdir64b.0:8;pamt_get_block.0:64,496,timeout,,,timeout,,603.94,300.5,,,,,,,,verify_timeout
intel-tdx-module/tdh_mng_addcx__invalid_state_td_state__cover_proof_havoc_object.yml,reach,unsafe,none,0,blind,full,uniform,4096,,0,timeout,,,inconclusive,,36.86,899.3,,,,,,,,failed
intel-tdx-module/tdh_mng_addcx__invalid_state_td_state__safety_requirement_havoc_object.yml,reach,safe,none,0,blind,full,uniform,2048,,0,timeout,,,inconclusive,,9.48,899.2,,,,,,,,failed
intel-tdx-module/tdh_mng_addcx__invalid_state_td_state__safety_requirement_havoc_memory.yml,reach,safe,mixed,12,blind,full,schedule,,fill_area_cacheline.0:8;fill_cachelines_no_sfence.0:64;fv_setup_module_state.0:0;fv_setup_module_state.1:0;fv_setup_tdcs.0:0;fv_setup_tdr.0:0;generate_256bit_random.0:6;generate_256bit_random.1:32;hash_table_find_entry.0:128;map_continuous_pages.0:9;movdir64b.0:8;pamt_get_block.0:64,505,timeout,,,timeout,,604.46,318.2,,,,,,,,verify_timeout
intel-tdx-module/tdh_mng_addcx__unconstrained__cover_exit_success_havoc_object.yml,reach,unsafe,none,0,blind,full,uniform,2048,,0,timeout,,,inconclusive,,9.49,899.3,,,,,,,,failed
intel-tdx-module/tdh_mng_addcx__unconstrained__cover_exit_unsuccess_havoc_memory.yml,reach,unsafe,mixed,12,blind,full,uniform,0,,0,timeout,,,insufficient,,530.75,491.6,,,,,,,,failed
intel-tdx-module/tdh_mng_addcx__unexpected__cover_entry_havoc_object.yml,reach,unsafe,none,0,blind,full,uniform,0,,0,timeout,,,inconclusive,,2.32,899.2,,,,,,,,failed
intel-tdx-module/tdh_mng_addcx__unconstrained__cover_exit_success_havoc_memory.yml,reach,unsafe,mixed,12,blind,full,schedule,,fill_area_cacheline.0:0;fill_cachelines_no_sfence.0:64;fv_setup_module_state.0:0;fv_setup_module_state.1:0;fv_setup_tdcs.0:0;fv_setup_tdr.0:0;generate_256bit_random.0:1;generate_256bit_random.1:0;hash_table_find_entry.0:0;map_continuous_pages.0:0;movdir64b.0:8;pamt_get_block.0:1,74,timeout,,,insufficient,,313.48,497.5,,,,,,,,failed
intel-tdx-module/tdh_mng_addcx__unconstrained__cover_exit_unsuccess_havoc_object.yml,reach,unsafe,none,0,blind,full,uniform,0,,0,timeout,,,inconclusive,,2.63,899.2,,,,,,,,failed
intel-tdx-module/tdh_mng_addcx__unexpected__cover_entry_havoc_memory.yml,reach,unsafe,mixed,12,blind,full,uniform,0,,0,timeout,,,insufficient,,83.92,361.2,,,,,,,,failed
intel-tdx-module/tdh_mng_addcx__unexpected__cover_exit_havoc_object.yml,reach,unsafe,none,0,blind,full,uniform,0,,0,timeout,,,inconclusive,,2.32,899.3,,,,,,,,failed
intel-tdx-module/tdh_mng_addcx__unexpected__cover_exit_havoc_memory.yml,reach,unsafe,mixed,12,blind,full,uniform,0,,0,timeout,,,insufficient,,256.19,180.3,,,,,,,,failed
intel-tdx-module/tdh_mng_addcx__unexpected__cover_proof_havoc_object.yml,reach,unsafe,none,0,blind,full,uniform,2048,,0,timeout,,,inconclusive,,10.17,899.3,,,,,,,,failed
intel-tdx-module/tdh_mng_addcx__unexpected__cover_proof_havoc_memory.yml,reach,unsafe,mixed,12,blind,full,schedule,,fill_area_cacheline.0:8;fill_cachelines_no_sfence.0:64;fv_setup_module_state.0:0;fv_setup_module_state.1:0;fv_setup_tdcs.0:0;fv_setup_tdr.0:0;generate_256bit_random.0:6;generate_256bit_random.1:32;hash_table_find_entry.0:128;map_continuous_pages.0:9;movdir64b.0:8;pamt_get_block.0:64,505,timeout,,,inconclusive,,330.39,180.3,,,,,,,,failed
intel-tdx-module/tdh_mng_create__invalid_input_rcx__cover_entry_havoc_memory.yml,reach,unsafe,mixed,12,blind,full,uniform,0,,0,found,0,,works,reach_error.assertion.1,9.35,10.7,1.14,,,,,,,works
intel-tdx-module/tdh_mng_addcx__unexpected__safety_requirement_havoc_object.yml,reach,safe,none,0,blind,full,uniform,4096,,0,timeout,,,inconclusive,,37.86,899.3,,,,,,,,failed
intel-tdx-module/tdh_mng_addcx__unexpected__safety_requirement_havoc_memory.yml,reach,safe,mixed,12,blind,full,uniform,128,,17792,timeout,,,timeout,,600.16,180.2,,,,,,,,verify_timeout
intel-tdx-module/tdh_mng_create__invalid_input_rcx__cover_entry_havoc_object.yml,reach,unsafe,none,0,blind,full,,,,,timeout,,,,,,899.2,,,,,,,,no_prediction
intel-tdx-module/tdh_mng_create__invalid_input_rcx__cover_exit_havoc_object.yml,reach,unsafe,none,0,blind,full,uniform,0,,0,timeout,,,inconclusive,,2.22,899.2,,,,,,,,failed
intel-tdx-module/tdh_mng_create__invalid_input_rcx__cover_exit_havoc_memory.yml,reach,unsafe,mixed,12,blind,full,schedule,,fill_area_cacheline.0:8;fill_cachelines_no_sfence.0:64;fv_setup_module_state.0:0;fv_setup_module_state.1:0;fv_setup_tdcs.0:0;fv_setup_tdr.0:0;generate_256bit_random.0:0;generate_256bit_random.1:0;hash_table_find_entry.0:0;movdir64b.0:8;pamt_get_block.0:64;tdh_mng_create.0:4;tdh_mng_create__invalid_input_rcx__cover_exit_havoc_memory.i.0:0,148,timeout,,,timeout,,601.91,180.2,,,,,,,,verify_timeout
intel-tdx-module/tdh_mng_create__invalid_input_rcx__cover_proof_havoc_object.yml,reach,unsafe,none,0,blind,full,uniform,2048,,0,timeout,,,inconclusive,,9.82,899.1,,,,,,,,failed
intel-tdx-module/tdh_mng_create__invalid_input_rdx__cover_entry_havoc_object.yml,reach,unsafe,none,0,blind,full,uniform,2048,,0,timeout,,,inconclusive,,9.8,899.1,,,,,,,,failed
intel-tdx-module/tdh_mng_create__invalid_input_rdx__cover_entry_havoc_memory.yml,reach,unsafe,mixed,12,blind,full,uniform,4,,60,found,0,,works,reach_error.assertion.1,9.23,10.7,1.16,,,,,,,works
intel-tdx-module/tdh_mng_create__invalid_input_rcx__cover_proof_havoc_memory.yml,reach,unsafe,mixed,12,blind,full,schedule,,fill_area_cacheline.0:8;fill_cachelines_no_sfence.0:64;fv_setup_module_state.0:0;fv_setup_module_state.1:0;fv_setup_tdcs.0:0;fv_setup_tdr.0:0;generate_256bit_random.0:4;generate_256bit_random.1:32;hash_table_find_entry.0:0;movdir64b.0:8;pamt_get_block.0:0;tdh_mng_create.0:4,244,timeout,,,insufficient,,577.15,180.1,,,,,,,,failed
intel-tdx-module/tdh_mng_create__invalid_input_rdx__cover_exit_havoc_object.yml,reach,unsafe,none,0,blind,full,uniform,2048,,0,timeout,,,inconclusive,,9.72,899.2,,,,,,,,failed
intel-tdx-module/tdh_mng_create__invalid_input_rdx__cover_proof_havoc_memory.yml,reach,unsafe,mixed,12,blind,full,uniform,0,,0,timeout,,,timeout,,600.15,180.1,,,,,,,,verify_timeout
intel-tdx-module/tdh_mng_create__invalid_input_rdx__cover_exit_havoc_memory.yml,reach,unsafe,mixed,12,blind,full,,,,,timeout,,,,,,180.2,,,,,,,,no_prediction
intel-tdx-module/tdh_mng_create__invalid_state_kot_entry__cover_entry_havoc_memory.yml,reach,unsafe,mixed,12,blind,full,uniform,0,,0,found,0,,works,reach_error.assertion.1,9.34,10.9,1.17,,,,,,,works
intel-tdx-module/tdh_mng_create__invalid_input_rdx__safety_requirement_havoc_memory.yml,reach,safe,mixed,12,blind,full,uniform,128,,17792,timeout,,,timeout,,600.1,180.2,,,,,,,,verify_timeout
intel-tdx-module/tdh_mng_create__invalid_input_rdx__cover_proof_havoc_object.yml,reach,unsafe,none,0,blind,full,uniform,2048,,0,timeout,,,inconclusive,,9.85,899.2,,,,,,,,failed
intel-tdx-module/tdh_mng_create__invalid_state_kot_entry__cover_entry_havoc_object.yml,reach,unsafe,none,0,blind,full,uniform,2048,,0,timeout,,,inconclusive,,9.84,899.2,,,,,,,,failed
intel-tdx-module/tdh_mng_create__invalid_state_kot_entry__cover_exit_havoc_memory.yml,reach,unsafe,mixed,12,blind,full,schedule,,fill_area_cacheline.0:1;fill_cachelines_no_sfence.0:64;fv_setup_module_state.0:1;fv_setup_module_state.1:1;fv_setup_tdcs.0:1;fv_setup_tdr.0:1;generate_256bit_random.0:6;generate_256bit_random.1:32;hash_table_find_entry.0:128;movdir64b.0:8;pamt_get_block.0:64;tdh_mng_create.0:4,497,timeout,,,timeout,,604.32,180.2,,,,,,,,verify_timeout
intel-tdx-module/tdh_mng_create__invalid_input_rdx__safety_requirement_havoc_object.yml,reach,safe,none,0,blind,full,uniform,2048,,0,timeout,,,inconclusive,,9.69,899.1,,,,,,,,failed
intel-tdx-module/tdh_mng_create__invalid_state_kot_entry__cover_proof_havoc_memory.yml,reach,unsafe,mixed,12,blind,full,unbounded,,,,timeout,,,not_run,,,180.2,,,,,,,,abstain_warranted
intel-tdx-module/tdh_mng_create__invalid_state_kot_entry__cover_exit_havoc_object.yml,reach,unsafe,none,0,blind,full,uniform,0,,0,timeout,,,inconclusive,,2.31,899.1,,,,,,,,failed
intel-tdx-module/tdh_mng_create__invalid_state_tdr_page__cover_entry_havoc_object.yml,reach,unsafe,none,0,blind,full,uniform,0,,0,timeout,,,inconclusive,,2.29,900.2,,,,,,,,failed
intel-tdx-module/tdh_mng_create__invalid_state_tdr_page__cover_entry_havoc_memory.yml,reach,unsafe,mixed,12,blind,full,uniform,0,,0,found,0,,works,reach_error.assertion.1,9.78,11.0,1.12,,,,,,,works
intel-tdx-module/tdh_mng_create__invalid_state_kot_entry__cover_proof_havoc_object.yml,reach,unsafe,none,0,blind,full,uniform,0,,0,timeout,,,inconclusive,,2.31,900.2,,,,,,,,failed
intel-tdx-module/tdh_mng_create__invalid_state_tdr_page__cover_proof_havoc_object.yml,reach,unsafe,none,0,blind,full,uniform,1,,0,timeout,,,inconclusive,,2.33,900.0,,,,,,,,failed
intel-tdx-module/tdh_mng_create__invalid_state_tdr_page__cover_exit_havoc_object.yml,reach,unsafe,none,0,blind,full,uniform,4096,,0,timeout,,,inconclusive,,38.74,900.0,,,,,,,,failed
intel-tdx-module/tdh_mng_create__invalid_state_tdr_page__cover_exit_havoc_memory.yml,reach,unsafe,mixed,12,blind,full,uniform,0,,0,timeout,,,insufficient,,459.4,180.2,,,,,,,,failed
intel-tdx-module/tdh_mng_create__unconstrained__cover_exit_unsuccess_havoc_memory.yml,reach,unsafe,mixed,12,blind,full,uniform,0,,0,timeout,,,insufficient,,87.71,364.6,,,,,,,,failed
intel-tdx-module/tdh_mng_create__unconstrained__cover_exit_unsuccess_havoc_object.yml,reach,unsafe,none,0,blind,full,uniform,0,,0,timeout,,,inconclusive,,2.35,900.0,,,,,,,,failed
intel-tdx-module/tdh_mng_create__unexpected__cover_entry_havoc_memory.yml,reach,unsafe,mixed,12,blind,full,schedule,,fill_area_cacheline.0:1;fill_cachelines.0:0;fill_cachelines_no_sfence.0:0;fv_setup_module_state.0:0;fv_setup_module_state.1:0;fv_setup_tdcs.0:0;fv_setup_tdr.0:0;generate_256bit_random.0:0;generate_256bit_random.1:0;hash_table_find_entry.0:0;movdir64b.0:0;pamt_get_block.0:0;tdh_mng_create.0:0,1,found,0,,works,reach_error.assertion.1,10.11,11.0,1.09,,,,,,,works
intel-tdx-module/tdh_mng_create__unexpected__cover_entry_havoc_object.yml,reach,unsafe,none,0,blind,full,uniform,2048,,0,timeout,,,inconclusive,,10.0,900.0,,,,,,,,failed
intel-tdx-module/tdh_mng_create__unexpected__cover_exit_havoc_object.yml,reach,unsafe,none,0,blind,full,uniform,1,,0,timeout,,,inconclusive,,2.33,900.0,,,,,,,,failed
intel-tdx-module/tdh_mng_create__invalid_state_tdr_page__cover_proof_havoc_memory.yml,reach,unsafe,mixed,12,blind,full,,,,,timeout,,,,,,180.2,,,,,,,,no_prediction
intel-tdx-module/tdh_mng_create__unexpected__cover_exit_havoc_memory.yml,reach,unsafe,mixed,12,blind,full,uniform,64,,4800,timeout,,,inconclusive,,366.59,180.2,,,,,,,,failed
intel-tdx-module/tdh_mng_create__unexpected__safety_requirement_havoc_object.yml,reach,safe,none,0,blind,full,uniform,2048,,0,timeout,,,inconclusive,,9.6,899.3,,,,,,,,failed
intel-tdx-module/tdh_mng_create__unexpected__cover_proof_havoc_object.yml,reach,unsafe,none,0,blind,full,uniform,2048,,0,timeout,,,inconclusive,,9.87,900.0,,,,,,,,failed
intel-tdx-module/tdh_mng_init__expected__cover_entry_havoc_object.yml,reach,unsafe,none,0,blind,full,uniform,0,,0,timeout,,,inconclusive,,2.99,899.5,,,,,,,,failed
intel-tdx-module/tdh_mng_create__unexpected__cover_proof_havoc_memory.yml,reach,unsafe,mixed,12,blind,full,schedule,,fill_area_cacheline.0:8;fill_cachelines_no_sfence.0:64;fv_setup_module_state.0:0;fv_setup_module_state.1:0;fv_setup_tdcs.0:0;fv_setup_tdr.0:0;fv_teardown_with_check_module_state.0:0;fv_teardown_with_check_tdcs.0:0;fv_teardown_with_check_tdr.0:0;generate_256bit_random.0:0;generate_256bit_random.1:0;hash_table_find_entry.0:0;movdir64b.0:512;pamt_get_block.0:64;tdh_mng_create.0:0,648,timeout,,,timeout,,612.14,180.2,,,,,,,,verify_timeout
intel-tdx-module/tdh_mng_create__unexpected__safety_requirement_havoc_memory.yml,reach,safe,mixed,12,blind,full,schedule,,fill_area_cacheline.0:8;fill_cachelines_no_sfence.0:64;fv_setup_module_state.0:0;fv_setup_module_state.1:0;fv_setup_tdcs.0:0;fv_setup_tdr.0:0;generate_256bit_random.0:6;generate_256bit_random.1:32;hash_table_find_entry.0:128;movdir64b.0:8;pamt_get_block.0:64;tdh_mng_create.0:4,500,timeout,,,timeout,,613.13,180.2,,,,,,,,verify_timeout
intel-tdx-module/tdh_mng_init__expected__cover_proof_havoc_memory.yml,reach,unsafe,mixed,20,blind,full,uniform,68,,15028,timeout,,,inconclusive,,311.2,300.1,,,,,,,,failed
intel-tdx-module/tdh_mng_init__expected__cover_exit_havoc_object.yml,reach,unsafe,none,0,blind,full,uniform,68,,0,timeout,,,inconclusive,,3.74,899.5,,,,,,,,failed
intel-tdx-module/tdh_mng_init__expected__cover_exit_havoc_memory.yml,reach,unsafe,mixed,20,blind,full,schedule,,apply_cpuid_xfam_masks.0:19;apply_cpuid_xfam_masks.1:0;check_cpuid_1f.0:6;check_fms_config.0:6;find_table_start.0:6;fv_setup_module_state.0:1;fv_setup_module_state.1:1;fv_setup_tdcs.0:1;fv_setup_tdr.0:1;get_cpuid_lookup_entry.0:68;hash_table_find_entry.0:128;map_continuous_pages.0:0;pamt_get_block.0:64;read_and_set_cpuid_configurations.0:68;read_and_set_cpuid_configurations.1:0;read_and_set_td_configurations.0:1;set_msr_bitmaps.0:0;set_msr_bitmaps.1:0;set_xbuff_offsets_and_size.0:0;tdx_memcmp_to_zero.0:0;tdx_memcmp_to_zero.1:0;tdxfv_abst_exception_init.0:1;tdxfv_abst_exception_insert_gp.0:1;tdxfv_abst_exception_insert_ve.0:1;tdxfv_abst_msr_init.0:1;tdxfv_abst_msr_read.0:1;tdxfv_abst_msr_read.1:1;tdxfv_abst_vcpu_init.0:1,377,timeout,,,inconclusive,,269.47,304.7,,,,,,,,failed
intel-tdx-module/tdh_mng_init__expected__cover_entry_havoc_memory.yml,reach,unsafe,mixed,20,blind,full,,,,,timeout,,,,,,303.0,,,,,,,,no_prediction
intel-tdx-module/tdh_mng_init__expected__safety_requirement_havoc_memory.yml,reach,safe,mixed,20,blind,full,uniform,0,,0,timeout,,,insufficient,,61.62,308.8,,,,,,,,failed
intel-tdx-module/tdh_mng_init__expected__cover_proof_havoc_object.yml,reach,unsafe,none,0,blind,full,uniform,68,,0,timeout,,,inconclusive,,3.6,899.5,,,,,,,,failed
intel-tdx-module/tdh_mng_init__invalid_input_tdr_pa__cover_exit_havoc_memory.yml,reach,unsafe,mixed,20,blind,full,uniform,0,,0,timeout,,,insufficient,,61.47,311.8,,,,,,,,failed
intel-tdx-module/tdh_mng_init__expected__safety_requirement_havoc_object.yml,reach,safe,none,0,blind,full,uniform,68,,0,timeout,,,inconclusive,,3.72,899.5,,,,,,,,failed
intel-tdx-module/tdh_mng_init__invalid_input_tdr_pa__cover_exit_havoc_object.yml,reach,unsafe,none,0,blind,full,uniform,135,,0,timeout,,,inconclusive,,4.2,899.5,,,,,,,,failed
intel-tdx-module/tdh_mng_init__invalid_input_tdr_pa__cover_entry_havoc_object.yml,reach,unsafe,none,0,blind,full,uniform,68,,0,timeout,,,inconclusive,,3.66,899.5,,,,,,,,failed
intel-tdx-module/tdh_mng_init__invalid_input_tdr_pa__cover_proof_havoc_memory.yml,reach,unsafe,mixed,20,blind,full,uniform,0,,0,timeout,,,insufficient,,68.18,320.9,,,,,,,,failed
intel-tdx-module/tdh_mng_init__invalid_input_tdr_pa__cover_proof_havoc_object.yml,reach,unsafe,none,0,blind,full,uniform,64,,0,timeout,,,inconclusive,,3.64,899.4,,,,,,,,failed
intel-tdx-module/tdh_mng_init__invalid_input_tdr_pa__safety_requirement_havoc_memory.yml,reach,safe,mixed,20,blind,full,,,,,timeout,,,,,,311.5,,,,,,,,no_prediction
intel-tdx-module/tdh_mng_init__invalid_input_tdr_pa__cover_entry_havoc_memory.yml,reach,unsafe,mixed,20,blind,full,,,,,timeout,,,,,,311.2,,,,,,,,no_prediction
intel-tdx-module/tdh_mng_init__invalid_state_lifecycle__cover_entry_havoc_memory.yml,reach,unsafe,mixed,20,blind,full,uniform,0,,0,timeout,,,insufficient,,64.42,312.3,,,,,,,,failed
intel-tdx-module/tdh_mng_init__invalid_input_tdr_pa__safety_requirement_havoc_object.yml,reach,safe,none,0,blind,full,uniform,0,,0,timeout,,,inconclusive,,2.91,899.6,,,,,,,,failed
intel-tdx-module/tdh_mng_init__invalid_state_lifecycle__cover_entry_havoc_object.yml,reach,unsafe,none,0,blind,full,uniform,0,,0,timeout,,,inconclusive,,2.92,899.6,,,,,,,,failed
intel-tdx-module/tdh_mng_init__invalid_state_lifecycle__cover_exit_havoc_memory.yml,reach,unsafe,mixed,20,blind,full,uniform,0,,0,timeout,,,insufficient,,62.26,310.5,,,,,,,,failed
intel-tdx-module/tdh_mng_init__invalid_state_lifecycle__cover_proof_havoc_object.yml,reach,unsafe,none,0,blind,full,uniform,68,,0,timeout,,,inconclusive,,3.64,899.6,,,,,,,,failed
intel-tdx-module/tdh_mng_init__invalid_state_lifecycle__cover_exit_havoc_object.yml,reach,unsafe,none,0,blind,full,uniform,0,,0,timeout,,,inconclusive,,2.93,899.6,,,,,,,,failed
intel-tdx-module/tdh_mng_init__invalid_state_lifecycle__cover_proof_havoc_memory.yml,reach,unsafe,mixed,20,blind,full,,,,,timeout,,,,,,311.8,,,,,,,,no_prediction
intel-tdx-module/tdh_mng_init__invalid_state_no_tdcx__cover_entry_havoc_memory.yml,reach,safe,mixed,20,blind,full,uniform,0,,0,found,0,,works,,57.42,59.8,1.04,,,,,,,works
intel-tdx-module/tdh_mng_init__invalid_state_lifecycle__safety_requirement_havoc_object.yml,reach,safe,none,0,blind,full,uniform,68,,0,timeout,,,inconclusive,,3.69,899.6,,,,,,,,failed
intel-tdx-module/tdh_mng_init__invalid_state_lifecycle__safety_requirement_havoc_memory.yml,reach,safe,mixed,20,blind,full,uniform,135,,56970,timeout,,,timeout,,696.95,306.3,,,,,,,,verify_timeout
intel-tdx-module/tdh_mng_init__invalid_state_no_tdcx__cover_exit_havoc_object.yml,reach,safe,none,0,blind,full,uniform,68,,0,timeout,,,inconclusive,,3.58,899.6,,,,,,,,failed
intel-tdx-module/tdh_mng_init__invalid_state_no_tdcx__cover_proof_havoc_memory.yml,reach,safe,mixed,20,blind,full,uniform,68,,15028,found,0,,inconclusive,,474.77,58.0,,,,,,,,failed
intel-tdx-module/tdh_mng_init__invalid_state_no_tdcx__cover_entry_havoc_object.yml,reach,safe,none,0,blind,full,uniform,128,,0,timeout,,,inconclusive,,4.15,899.6,,,,,,,,failed
intel-tdx-module/tdh_mng_init__invalid_state_no_tdcx__safety_requirement_havoc_memory.yml,reach,safe,mixed,20,blind,full,uniform,0,,0,found,0,,works,,53.45,54.8,1.03,,,,,,,works
intel-tdx-module/tdh_mng_init__invalid_state_op_state__cover_entry_havoc_memory.yml,reach,unsafe,mixed,20,blind,full,uniform,0,,0,timeout,,,insufficient,,61.49,311.2,,,,,,,,failed
intel-tdx-module/tdh_mng_init__invalid_state_no_tdcx__cover_exit_havoc_memory.yml,reach,safe,mixed,20,blind,full,uniform,128,,51328,found,0,,timeout,,623.55,61.8,,,,,,,,verify_timeout
intel-tdx-module/tdh_mng_init__invalid_state_op_state__cover_entry_havoc_object.yml,reach,unsafe,none,0,blind,full,uniform,0,,0,timeout,,,inconclusive,,2.81,899.6,,,,,,,,failed
intel-tdx-module/tdh_mng_init__invalid_state_op_state__cover_exit_havoc_memory.yml,reach,unsafe,mixed,20,blind,full,uniform,128,,51328,timeout,,,timeout,,609.25,310.8,,,,,,,,verify_timeout
intel-tdx-module/tdh_mng_init__invalid_state_op_state__cover_exit_havoc_object.yml,reach,unsafe,none,0,blind,full,schedule,,cpuid_index:68;inner_i:4;msr_inner:256;msr_outer:135;subleaf:6;tdmr_i:64,533,timeout,,,inconclusive,,1.03,899.6,,,,,,,,failed
intel-tdx-module/tdh_mng_init__invalid_state_no_tdcx__cover_proof_havoc_object.yml,reach,safe,none,0,blind,full,,,,,timeout,,,,,,899.6,,,,,,,,no_prediction
intel-tdx-module/tdh_mng_init__invalid_state_op_state__cover_proof_havoc_memory.yml,reach,unsafe,mixed,20,blind,full,uniform,0,,0,timeout,,,insufficient,,60.26,309.3,,,,,,,,failed
intel-tdx-module/tdh_mng_init__invalid_state_op_state__cover_proof_havoc_object.yml,reach,unsafe,none,0,blind,full,uniform,64,,0,timeout,,,inconclusive,,3.68,899.6,,,,,,,,failed
intel-tdx-module/tdh_mng_init__invalid_state_no_tdcx__safety_requirement_havoc_object.yml,reach,safe,none,0,blind,full,,,,,timeout,,,,,,899.6,,,,,,,,no_prediction
intel-tdx-module/tdh_mng_init__invalid_state_pamt_metadata__cover_entry_havoc_object.yml,reach,unsafe,none,0,blind,full,uniform,64,,0,timeout,,,inconclusive,,3.56,899.6,,,,,,,,failed
intel-tdx-module/tdh_mng_init__invalid_state_op_state__safety_requirement_havoc_object.yml,reach,safe,none,0,blind,full,uniform,1,,0,timeout,,,inconclusive,,2.81,899.6,,,,,,,,failed
intel-tdx-module/tdh_mng_init__invalid_state_op_state__safety_requirement_havoc_memory.yml,reach,safe,mixed,20,blind,full,,,,,timeout,,,,,,305.5,,,,,,,,no_prediction
intel-tdx-module/tdh_mng_init__invalid_state_pamt_metadata__cover_entry_havoc_memory.yml,reach,unsafe,mixed,20,blind,full,uniform,68,,15028,timeout,,,timeout,,602.73,348.9,,,,,,,,verify_timeout
intel-tdx-module/tdh_mng_init__invalid_state_pamt_metadata__cover_exit_havoc_memory.yml,reach,unsafe,mixed,20,blind,full,uniform,4,,116,timeout,,,timeout,,603.15,180.3,,,,,,,,verify_timeout
intel-tdx-module/tdh_mng_init__invalid_state_pamt_metadata__cover_exit_havoc_object.yml,reach,unsafe,none,0,blind,full,uniform,0,,0,timeout,,,inconclusive,,3.09,899.6,,,,,,,,failed
intel-tdx-module/tdh_mng_init__invalid_state_pamt_metadata__cover_proof_havoc_object.yml,reach,unsafe,none,0,blind,full,uniform,0,,0,timeout,,,inconclusive,,2.96,899.6,,,,,,,,failed
intel-tdx-module/tdh_mng_init__invalid_state_pamt_metadata__cover_proof_havoc_memory.yml,reach,unsafe,mixed,20,blind,full,schedule,,apply_cpuid_xfam_masks.0:64;apply_cpuid_xfam_masks.1:0;basic_memset.0:64;basic_memset_to_zero.0:64;check_cpuid_1f.0:0;check_fms_config.0:0;find_table_start.0:0;fv_setup_module_state.0:64;fv_setup_module_state.1:0;fv_setup_tdcs.0:64;fv_setup_tdr.0:64;get_cpuid_lookup_entry.0:64;hash_table_find_entry.0:64;hash_table_insert_entry.0:64;hash_table_remove_entry.0:64;lru_cache_add_head_entry.0:64;lru_cache_remove_entry.0:64;map_continuous_pages.0:64;map_continuous_pages.1:64;map_pa.0:64;map_pa_with_memtype.0:64;pamt_get_block.0:64;read_and_set_cpuid_configurations.0:0;read_and_set_cpuid_configurations.1:0;set_msr_bitmaps.0:64;set_msr_bitmaps.1:0;set_xbuff_offsets_and_size.0:0;tdx_memcmp_to_zero.0:64;tdx_memcmp_to_zero.1:64,1280,timeout,,,inconclusive,,431.71,180.3,,,,,,,,failed
intel-tdx-module/tdh_mng_init__invalid_state_td_state__cover_entry_havoc_object.yml,reach,unsafe,none,0,blind,full,uniform,68,,0,timeout,,,inconclusive,,3.75,899.6,,,,,,,,failed
intel-tdx-module/tdh_mng_init__invalid_state_td_state__cover_exit_havoc_memory.yml,reach,unsafe,mixed,20,blind,full,uniform,68,,15028,timeout,,,inconclusive,,452.34,316.6,,,,,,,,failed
intel-tdx-module/tdh_mng_init__invalid_state_td_state__cover_exit_havoc_object.yml,reach,unsafe,none,0,blind,full,uniform,0,,0,timeout,,,inconclusive,,2.8,899.6,,,,,,,,failed
intel-tdx-module/tdh_mng_init__invalid_state_td_state__cover_proof_havoc_memory.yml,reach,unsafe,mixed,20,blind,full,schedule,,apply_cpuid_xfam_masks.0:19;apply_cpuid_xfam_masks.1:0;check_cpuid_1f.0:6;check_fms_config.0:0;find_table_start.0:0;fv_setup_module_state.0:0;fv_setup_module_state.1:0;fv_setup_tdcs.0:0;fv_setup_tdr.0:0;get_cpuid_lookup_entry.0:68;hash_table_find_entry.0:128;hash_table_insert_entry.0:0;hash_table_remove_entry.0:128;lru_cache_add_head_entry.0:0;lru_cache_remove_entry.0:0;map_continuous_pages.0:9;map_pa.0:128;map_pa_with_memtype.0:128;pamt_get_block.0:0;read_and_set_cpuid_configurations.0:68;read_and_set_cpuid_configurations.1:0;read_and_set_td_configurations.0:0;set_msr_bitmaps.0:0;set_msr_bitmaps.1:0;set_xbuff_offsets_and_size.0:0;tdh_mng_init.0:0;tdx_memcmp_to_zero.0:128;tdx_memcmp_to_zero.1:0,810,timeout,,,insufficient,,446.42,312.2,,,,,,,,failed
intel-tdx-module/tdh_mng_init__invalid_state_td_state__cover_entry_havoc_memory.yml,reach,unsafe,mixed,20,blind,full,,,,,timeout,,,,,,310.5,,,,,,,,no_prediction
intel-tdx-module/tdh_mng_init__invalid_state_td_state__cover_proof_havoc_object.yml,reach,unsafe,none,0,blind,full,schedule,,pamt_get_block:64,64,timeout,,,inconclusive,,3.1,899.6,,,,,,,,failed
intel-tdx-module/tdh_mng_init__invalid_state_td_state__safety_requirement_havoc_object.yml,reach,safe,none,0,blind,full,uniform,128,,0,timeout,,,inconclusive,,4.35,899.7,,,,,,,,failed
intel-tdx-module/tdh_mng_init__invalid_state_td_state__safety_requirement_havoc_memory.yml,reach,safe,mixed,20,blind,full,uniform,128,,51328,timeout,,,timeout,,641.94,308.7,,,,,,,,verify_timeout
intel-tdx-module/tdh_mng_init__unconstrained__cover_exit_success_havoc_object.yml,reach,unsafe,none,0,blind,full,uniform,68,,0,timeout,,,inconclusive,,3.81,899.6,,,,,,,,failed
intel-tdx-module/tdh_mng_init__unexpected__cover_entry_havoc_memory.yml,reach,unsafe,mixed,20,blind,full,uniform,0,,0,timeout,,,insufficient,,78.61,350.4,,,,,,,,failed
intel-tdx-module/tdh_mng_init__unconstrained__cover_exit_unsuccess_havoc_object.yml,reach,unsafe,none,0,blind,full,uniform,0,,0,timeout,,,inconclusive,,2.89,899.6,,,,,,,,failed
intel-tdx-module/tdh_mng_init__unconstrained__cover_exit_unsuccess_havoc_memory.yml,reach,unsafe,mixed,20,blind,full,uniform,68,,15028,timeout,,,timeout,,633.85,180.2,,,,,,,,verify_timeout
intel-tdx-module/tdh_mng_init__unconstrained__cover_exit_success_havoc_memory.yml,reach,unsafe,mixed,20,blind,full,,,,,timeout,,,,,,180.2,,,,,,,,no_prediction
intel-tdx-module/tdh_mng_init__unexpected__cover_exit_havoc_memory.yml,reach,unsafe,mixed,20,blind,full,,,,,timeout,,,,,,180.3,,,,,,,,no_prediction
intel-tdx-module/tdh_mng_init__unexpected__cover_entry_havoc_object.yml,reach,unsafe,none,0,blind,full,,,,,timeout,,,,,,899.6,,,,,,,,no_prediction
intel-tdx-module/tdh_mng_init__unexpected__cover_proof_havoc_memory.yml,reach,unsafe,mixed,20,blind,full,uniform,135,,56970,timeout,,,timeout,,601.85,180.3,,,,,,,,verify_timeout
intel-tdx-module/tdh_mng_init__unexpected__cover_exit_havoc_object.yml,reach,unsafe,none,0,blind,full,schedule,,cpuid_1f_subleaf:6;cpuid_index:68;cpuid_inner_i:4;map_continuous_pages:9;pamt_get_block:64,151,timeout,,,inconclusive,,1.07,899.6,,,,,,,,failed
intel-tdx-module/tdh_mng_init__unexpected__safety_requirement_havoc_memory.yml,reach,safe,mixed,20,blind,full,uniform,0,,0,timeout,,,timeout,,600.29,180.3,,,,,,,,verify_timeout
intel-tdx-module/tdh_mng_init__unexpected__cover_proof_havoc_object.yml,reach,unsafe,none,0,blind,full,uniform,0,,0,timeout,,,inconclusive,,2.88,899.9,,,,,,,,failed
intel-tdx-module/tdh_mng_key_config__invalid_input_tdr_hkid__cover_entry_havoc_memory.yml,reach,unsafe,mixed,6,blind,full,uniform,0,,0,found,0,,works,reach_error.assertion.1,8.64,9.1,1.05,,,,,,,works
intel-tdx-module/tdh_mng_init__unexpected__safety_requirement_havoc_object.yml,reach,safe,none,0,blind,full,uniform,256,,0,timeout,,,inconclusive,,4.5,900.0,,,,,,,,failed
intel-tdx-module/tdh_mng_key_config__invalid_input_tdr_hkid__cover_entry_havoc_object.yml,reach,unsafe,none,0,blind,full,uniform,4096,,0,timeout,,,inconclusive,,37.26,899.9,,,,,,,,failed
intel-tdx-module/tdh_mng_key_config__invalid_input_tdr_hkid__cover_proof_havoc_memory.yml,reach,unsafe,mixed,6,blind,full,unbounded,,,,timeout,,,not_run,,,356.7,,,,,,,,abstain_unverified
intel-tdx-module/tdh_mng_key_config__invalid_input_tdr_hkid__cover_exit_havoc_object.yml,reach,unsafe,none,0,blind,full,uniform,2048,,0,timeout,,,inconclusive,,9.58,899.8,,,,,,,,failed
intel-tdx-module/tdh_mng_key_config__invalid_input_tdr_hkid__cover_proof_havoc_object.yml,reach,unsafe,none,0,blind,full,uniform,64,,0,timeout,,,inconclusive,,2.98,899.8,,,,,,,,failed
intel-tdx-module/tdh_mng_key_config__invalid_state_td_state__cover_entry_havoc_memory.yml,reach,unsafe,mixed,6,blind,full,uniform,0,,0,found,0,,works,reach_error.assertion.1,8.47,9.1,1.07,,,,,,,works
intel-tdx-module/tdh_mng_key_config__invalid_input_tdr_hkid__cover_exit_havoc_memory.yml,reach,unsafe,mixed,6,blind,full,uniform,1,,6,timeout,,,insufficient,,88.37,361.4,,,,,,,,failed
intel-tdx-module/tdh_mng_key_config__invalid_state_td_state__cover_entry_havoc_object.yml,reach,unsafe,none,0,blind,full,uniform,2048,,0,timeout,,,inconclusive,,9.94,899.9,,,,,,,,failed
intel-tdx-module/tdh_mng_key_config__invalid_state_td_state__cover_exit_havoc_memory.yml,reach,unsafe,mixed,6,blind,full,schedule,,fv_setup_module_state.0:1;fv_setup_module_state.1:1;fv_setup_tdcs.0:1;fv_setup_tdr.0:1;hash_table_find_entry.0:128;pamt_get_block.0:64,196,timeout,,,timeout,,604.3,363.0,,,,,,,,verify_timeout
intel-tdx-module/tdh_mng_key_config__invalid_state_td_state__cover_proof_havoc_memory.yml,reach,unsafe,mixed,6,blind,full,schedule,,fv_setup_module_state.0:1;fv_setup_module_state.1:1;fv_setup_tdcs.0:1;fv_setup_tdr.0:1;hash_table_find_entry.0:128;pamt_get_block.0:64,196,timeout,,,timeout,,604.36,363.9,,,,,,,,verify_timeout
intel-tdx-module/tdh_mng_key_config__invalid_state_td_state__cover_proof_havoc_object.yml,reach,unsafe,none,0,blind,full,uniform,2048,,0,timeout,,,inconclusive,,9.72,899.8,,,,,,,,failed
intel-tdx-module/tdh_mng_key_config__invalid_state_td_state__cover_exit_havoc_object.yml,reach,unsafe,none,0,blind,full,uniform,2048,,0,timeout,,,inconclusive,,9.59,899.9,,,,,,,,failed
intel-tdx-module/tdh_mng_key_config__invalid_state_tdr_lifecycle__cover_entry_havoc_object.yml,reach,unsafe,none,0,blind,full,uniform,0,,0,timeout,,,inconclusive,,2.22,899.1,,,,,,,,failed
intel-tdx-module/tdh_mng_key_config__invalid_state_tdr_lifecycle__cover_exit_havoc_object.yml,reach,unsafe,none,0,blind,full,uniform,2048,,0,timeout,,,inconclusive,,9.59,899.1,,,,,,,,failed
intel-tdx-module/tdh_mng_key_config__invalid_state_tdr_lifecycle__cover_entry_havoc_memory.yml,reach,unsafe,mixed,6,blind,full,uniform,0,,0,found,0,,works,reach_error.assertion.1,8.43,9.1,1.08,,,,,,,works
intel-tdx-module/tdh_mng_key_config__invalid_state_tdr_lifecycle__cover_exit_havoc_memory.yml,reach,unsafe,mixed,6,blind,full,uniform,0,,0,timeout,,,insufficient,,91.09,362.1,,,,,,,,failed
intel-tdx-module/tdh_mng_key_config__invalid_state_tdr_lifecycle__cover_proof_havoc_memory.yml,reach,unsafe,mixed,6,blind,full,schedule,,fv_setup_module_state.0:0;fv_setup_module_state.1:0;fv_setup_tdcs.0:0;fv_setup_tdr.0:0;hash_table_find_entry.0:0;pamt_get_block.0:1,1,timeout,,,insufficient,,99.12,360.5,,,,,,,,failed
intel-tdx-module/tdh_mng_key_config__invalid_state_tdr_metadata__cover_entry_havoc_memory.yml,reach,unsafe,mixed,6,blind,full,uniform,0,,0,found,0,,works,reach_error.assertion.1,8.57,9.0,1.05,,,,,,,works
intel-tdx-module/tdh_mng_key_config__invalid_state_tdr_metadata__cover_exit_havoc_memory.yml,reach,unsafe,mixed,6,blind,full,uniform,0,,0,timeout,,,insufficient,,357.01,365.3,,,,,,,,failed
intel-tdx-module/tdh_mng_key_config__invalid_state_tdr_lifecycle__cover_proof_havoc_object.yml,reach,unsafe,none,0,blind,full,uniform,64,,0,timeout,,,inconclusive,,39.27,899.1,,,,,,,,failed
intel-tdx-module/tdh_mng_key_config__invalid_state_tdr_metadata__cover_exit_havoc_object.yml,reach,unsafe,none,0,blind,full,uniform,2048,,0,timeout,,,inconclusive,,245.66,899.2,,,,,,,,failed
intel-tdx-module/tdh_mng_key_config__invalid_state_tdr_metadata__cover_entry_havoc_object.yml,reach,unsafe,none,0,blind,full,uniform,64,,0,timeout,,,inconclusive,,3.08,899.1,,,,,,,,failed
intel-tdx-module/tdh_mng_key_config__invalid_state_tdr_metadata__cover_proof_havoc_object.yml,reach,unsafe,none,0,blind,full,uniform,2048,,0,timeout,,,inconclusive,,10.39,899.1,,,,,,,,failed
intel-tdx-module/tdh_mng_key_config__unconstrained__cover_exit_success_havoc_object.yml,reach,unsafe,none,0,blind,full,uniform,1,,0,timeout,,,inconclusive,,2.32,899.1,,,,,,,,failed
intel-tdx-module/tdh_mng_key_config__invalid_state_tdr_metadata__cover_proof_havoc_memory.yml,reach,unsafe,mixed,6,blind,full,uniform,1,,6,timeout,,,insufficient,,88.18,364.5,,,,,,,,failed
intel-tdx-module/tdh_mng_key_config__unconstrained__cover_exit_success_havoc_memory.yml,reach,unsafe,mixed,6,blind,full,uniform,1,,6,timeout,,,insufficient,,77.92,338.5,,,,,,,,failed
intel-tdx-module/tdh_mng_key_config__unexpected__cover_entry_havoc_memory.yml,reach,unsafe,mixed,6,blind,full,uniform,0,,0,found,0,,works,reach_error.assertion.1,8.9,9.6,1.08,,,,,,,works
intel-tdx-module/tdh_mng_key_config__unconstrained__cover_exit_unsuccess_havoc_memory.yml,reach,unsafe,mixed,6,blind,full,schedule,,fv_setup_module_state.0:0;fv_setup_module_state.1:0;fv_setup_tdcs.0:0;fv_setup_tdr.0:0;hash_table_find_entry.0:0;pamt_get_block.0:0,0,timeout,,,insufficient,,82.42,357.2,,,,,,,,failed
intel-tdx-module/tdh_mng_key_config__unconstrained__cover_exit_unsuccess_havoc_object.yml,reach,unsafe,none,0,blind,full,uniform,2048,,0,timeout,,,inconclusive,,9.79,899.2,,,,,,,,failed
intel-tdx-module/tdh_mng_key_config__unexpected__cover_entry_havoc_object.yml,reach,unsafe,none,0,blind,full,uniform,2048,,0,timeout,,,inconclusive,,9.89,899.2,,,,,,,,failed
intel-tdx-module/tdh_mng_key_config__unexpected__cover_exit_havoc_object.yml,reach,unsafe,none,0,blind,full,uniform,0,,0,timeout,,,inconclusive,,2.31,899.1,,,,,,,,failed
intel-tdx-module/tdh_mng_key_config__unexpected__cover_exit_havoc_memory.yml,reach,unsafe,mixed,6,blind,full,uniform,0,,0,timeout,,,insufficient,,81.25,347.4,,,,,,,,failed
intel-tdx-module/tdh_mng_key_config__unexpected__safety_requirement_havoc_memory.yml,reach,safe,mixed,6,blind,full,uniform,128,,768,timeout,,,timeout,,739.15,180.2,,,,,,,,verify_timeout
intel-tdx-module/tdh_mng_key_config__unexpected__cover_proof_havoc_memory.yml,reach,unsafe,mixed,6,blind,full,schedule,,fv_setup_module_state.0:0;fv_setup_module_state.1:0;fv_setup_tdcs.0:0;fv_setup_tdr.0:0;hash_table_find_entry.0:128;pamt_get_block.0:64,192,timeout,,,timeout,,701.82,349.2,,,,,,,,verify_timeout
intel-tdx-module/tdh_mng_key_config__unexpected__safety_requirement_havoc_object.yml,reach,safe,none,0,blind,full,uniform,4096,,0,timeout,,,inconclusive,,37.12,899.2,,,,,,,,failed
intel-tdx-module/tdh_mng_key_freeid__invalid_input_tdr_hkid__cover_entry_havoc_memory.yml,reach,unsafe,mixed,6,blind,full,uniform,0,,0,found,0,,works,reach_error.assertion.1,9.12,10.1,1.11,,,,,,,works
intel-tdx-module/tdh_mng_key_freeid__invalid_input_tdr_hkid__cover_entry_havoc_object.yml,reach,unsafe,none,0,blind,full,uniform,0,,0,timeout,,,inconclusive,,2.1,899.1,,,,,,,,failed
intel-tdx-module/tdh_mng_key_freeid__invalid_input_tdr_hkid__cover_proof_havoc_memory.yml,reach,unsafe,mixed,6,blind,full,uniform,1,,6,timeout,,,insufficient,,88.59,366.2,,,,,,,,failed
intel-tdx-module/tdh_mng_key_config__unexpected__cover_proof_havoc_object.yml,reach,unsafe,none,0,blind,full,,,,,timeout,,,,,,899.1,,,,,,,,no_prediction
intel-tdx-module/tdh_mng_key_freeid__invalid_input_tdr_hkid__cover_exit_havoc_memory.yml,reach,unsafe,mixed,6,blind,full,schedule,,fv_setup_module_state.0:0;fv_setup_module_state.1:0;fv_setup_tdcs.0:0;fv_setup_tdr.0:0;hash_table_find_entry.0:0;pamt_get_block.0:0,0,timeout,,,insufficient,,85.27,363.6,,,,,,,,failed
intel-tdx-module/tdh_mng_key_freeid__invalid_input_tdr_hkid__cover_proof_havoc_object.yml,reach,unsafe,none,0,blind,full,uniform,4096,,0,timeout,,,inconclusive,,38.12,899.1,,,,,,,,failed
intel-tdx-module/tdh_mng_key_freeid__invalid_input_tdr_hkid__cover_exit_havoc_object.yml,reach,unsafe,none,0,blind,full,uniform,4096,,0,timeout,,,inconclusive,,38.4,899.1,,,,,,,,failed
intel-tdx-module/tdh_mng_key_freeid__invalid_state_kot__cover_exit_havoc_memory.yml,reach,unsafe,mixed,6,blind,full,schedule,,fv_setup_module_state.0:0;fv_setup_module_state.1:0;fv_setup_tdcs.0:0;fv_setup_tdr.0:0;hash_table_find_entry.0:0;pamt_get_block.0:1,1,timeout,,,insufficient,,88.8,367.0,,,,,,,,failed
intel-tdx-module/tdh_mng_key_freeid__invalid_state_kot__cover_entry_havoc_object.yml,reach,unsafe,none,0,blind,full,uniform,2048,,0,timeout,,,inconclusive,,9.86,899.1,,,,,,,,failed
intel-tdx-module/tdh_mng_key_freeid__invalid_state_kot__cover_exit_havoc_object.yml,reach,unsafe,none,0,blind,full,uniform,0,,0,timeout,,,inconclusive,,2.16,899.4,,,,,,,,failed
intel-tdx-module/tdh_mng_key_freeid__invalid_state_kot__cover_proof_havoc_memory.yml,reach,unsafe,mixed,6,blind,full,schedule,,fv_setup_module_state.0:0;fv_setup_module_state.1:0;fv_setup_tdcs.0:0;fv_setup_tdr.0:0;hash_table_find_entry.0:0;pamt_get_block.0:0,0,timeout,,,insufficient,,94.25,359.2,,,,,,,,failed
intel-tdx-module/tdh_mng_key_freeid__invalid_state_kot__cover_entry_havoc_memory.yml,reach,unsafe,mixed,6,blind,full,uniform,0,,0,found,0,,works,reach_error.assertion.1,9.22,9.9,1.07,,,,,,,works
intel-tdx-module/tdh_mng_key_freeid__invalid_state_tdr_lifecycle__cover_entry_havoc_memory.yml,reach,unsafe,mixed,6,blind,full,uniform,0,,0,found,0,,works,reach_error.assertion.1,10.34,10.6,1.03,,,,,,,works
intel-tdx-module/tdh_mng_key_freeid__invalid_state_tdr_lifecycle__cover_entry_havoc_object.yml,reach,unsafe,none,0,blind,full,uniform,128,,0,timeout,,,inconclusive,,3.6,899.3,,,,,,,,failed
intel-tdx-module/tdh_mng_key_freeid__invalid_state_tdr_lifecycle__cover_exit_havoc_object.yml,reach,unsafe,none,0,blind,full,uniform,64,,0,timeout,,,inconclusive,,2.86,899.4,,,,,,,,failed
intel-tdx-module/tdh_mng_key_freeid__invalid_state_kot__cover_proof_havoc_object.yml,reach,unsafe,none,0,blind,full,uniform,4096,,0,timeout,,,inconclusive,,37.37,899.4,,,,,,,,failed
intel-tdx-module/tdh_mng_key_freeid__invalid_state_tdr_lifecycle__cover_exit_havoc_memory.yml,reach,unsafe,mixed,6,blind,full,uniform,0,,0,timeout,,,insufficient,,89.4,367.7,,,,,,,,failed
intel-tdx-module/tdh_mng_key_freeid__invalid_state_tdr_lifecycle__cover_proof_havoc_memory.yml,reach,unsafe,mixed,6,blind,full,schedule,,fv_setup_module_state.0:0;fv_setup_module_state.1:0;fv_setup_tdcs.0:0;fv_setup_tdr.0:0;hash_table_find_entry.0:128;pamt_get_block.0:64,192,timeout,,,timeout,,604.29,371.3,,,,,,,,verify_timeout
intel-tdx-module/tdh_mng_key_freeid__invalid_state_tdr_metadata__cover_entry_havoc_memory.yml,reach,unsafe,mixed,6,blind,full,uniform,0,,0,found,0,,works,reach_error.assertion.1,9.57,10.5,1.1,,,,,,,works
intel-tdx-module/tdh_mng_key_freeid__invalid_state_tdr_lifecycle__cover_proof_havoc_object.yml,reach,unsafe,none,0,blind,full,schedule,,hash_table_find_entry:128;pamt_get_block:64,192,timeout,,,inconclusive,,2.21,899.4,,,,,,,,failed
intel-tdx-module/tdh_mng_key_freeid__invalid_state_tdr_metadata__cover_entry_havoc_object.yml,reach,unsafe,none,0,blind,full,uniform,4096,,0,timeout,,,inconclusive,,37.67,899.3,,,,,,,,failed
intel-tdx-module/tdh_mng_key_freeid__invalid_state_tdr_metadata__cover_exit_havoc_memory.yml,reach,unsafe,mixed,6,blind,full,uniform,1,,6,timeout,,,insufficient,,90.6,366.3,,,,,,,,failed
intel-tdx-module/tdh_mng_key_freeid__invalid_state_tdr_metadata__cover_proof_havoc_memory.yml,reach,unsafe,mixed,6,blind,full,uniform,0,,0,timeout,,,insufficient,,92.72,369.7,,,,,,,,failed
intel-tdx-module/tdh_mng_key_freeid__invalid_state_tdr_metadata__cover_proof_havoc_object.yml,reach,unsafe,none,0,blind,full,schedule,,hash_table_find_entry_while_loop:128;pamt_get_block_for_loop:64,192,timeout,,,inconclusive,,0.43,899.4,,,,,,,,failed
intel-tdx-module/tdh_mng_key_freeid__invalid_state_tdr_metadata__cover_exit_havoc_object.yml,reach,unsafe,none,0,blind,full,uniform,4096,,0,timeout,,,inconclusive,,37.31,899.4,,,,,,,,failed
intel-tdx-module/tdh_mng_key_freeid__unconstrained__cover_exit_unsuccess_havoc_object.yml,reach,unsafe,none,0,blind,full,uniform,0,,0,timeout,,,inconclusive,,2.2,899.4,,,,,,,,failed
intel-tdx-module/tdh_mng_key_freeid__unexpected__cover_entry_havoc_memory.yml,reach,unsafe,mixed,6,blind,full,uniform,0,,0,found,0,,works,reach_error.assertion.1,9.72,10.5,1.08,,,,,,,works
intel-tdx-module/tdh_mng_key_freeid__unconstrained__cover_exit_unsuccess_havoc_memory.yml,reach,unsafe,mixed,6,blind,full,uniform,0,,0,timeout,,,insufficient,,90.3,367.4,,,,,,,,failed
intel-tdx-module/tdh_mng_key_freeid__unexpected__cover_entry_havoc_object.yml,reach,unsafe,none,0,blind,full,schedule,,hash_table_find_entry:128;pamt_get_block:64,192,timeout,,,inconclusive,,2.16,899.4,,,,,,,,failed
intel-tdx-module/tdh_mng_key_freeid__unexpected__cover_exit_havoc_object.yml,reach,unsafe,none,0,blind,full,uniform,4096,,0,timeout,,,inconclusive,,37.1,899.4,,,,,,,,failed
intel-tdx-module/tdh_mng_key_freeid__unexpected__cover_proof_havoc_object.yml,reach,unsafe,none,0,blind,full,uniform,2048,,0,timeout,,,inconclusive,,9.66,899.4,,,,,,,,failed
intel-tdx-module/tdh_mng_key_freeid__unexpected__cover_proof_havoc_memory.yml,reach,unsafe,mixed,6,blind,full,schedule,,fv_setup_module_state.0:1;fv_setup_module_state.1:1;fv_setup_tdcs.0:0;fv_setup_tdr.0:0;hash_table_find_entry.0:128;pamt_get_block.0:64,194,timeout,,,timeout,,603.96,357.5,,,,,,,,verify_timeout
intel-tdx-module/tdh_mng_key_freeid__unexpected__cover_exit_havoc_memory.yml,reach,unsafe,mixed,6,blind,full,uniform,0,,0,timeout,,,insufficient,,88.06,363.5,,,,,,,,failed
intel-tdx-module/tdh_mng_key_freeid__unexpected__safety_requirement_havoc_object.yml,reach,safe,none,0,blind,full,uniform,2048,,0,timeout,,,inconclusive,,9.36,899.4,,,,,,,,failed
intel-tdx-module/tdh_mng_key_freeid__unexpected__safety_requirement_havoc_memory.yml,reach,safe,mixed,6,blind,full,schedule,,fv_setup_module_state.0:1;fv_setup_module_state.1:1;fv_setup_tdcs.0:0;fv_setup_tdr.0:0;hash_table_find_entry.0:128;pamt_get_block.0:64,194,timeout,,,timeout,,604.23,180.2,,,,,,,,verify_timeout
intel-tdx-module/tdh_mng_vpflushdone__expected__cover_entry_havoc_memory.yml,reach,unsafe,mixed,7,blind,full,uniform,0,,0,found,0,,works,reach_error.assertion.1,7.97,9.0,1.13,,,,,,,works
intel-tdx-module/tdh_mng_vpflushdone__expected__cover_entry_havoc_object.yml,reach,unsafe,none,0,blind,full,,,,,timeout,,,,,,899.4,,,,,,,,no_prediction
intel-tdx-module/tdh_mng_vpflushdone__expected__cover_exit_havoc_memory.yml,reach,unsafe,mixed,7,blind,full,schedule,,fv_setup_module_state.0:0;fv_setup_module_state.1:0;fv_setup_tdcs.0:0;fv_setup_tdr.0:0;hash_table_find_entry.0:0;map_continuous_pages.0:0;pamt_get_block.0:0,0,timeout,,,insufficient,,541.8,514.8,,,,,,,,failed
intel-tdx-module/tdh_mng_vpflushdone__expected__cover_proof_havoc_memory.yml,reach,unsafe,mixed,7,blind,full,uniform,6,,42,timeout,,,timeout,,602.21,522.9,,,,,,,,verify_timeout
intel-tdx-module/tdh_mng_vpflushdone__expected__cover_exit_havoc_object.yml,reach,unsafe,none,0,blind,full,,,,,timeout,,,,,,899.4,,,,,,,,no_prediction
intel-tdx-module/tdh_mng_vpflushdone__expected__cover_proof_havoc_object.yml,reach,unsafe,none,0,blind,full,uniform,2048,,0,timeout,,,inconclusive,,10.71,899.4,,,,,,,,failed
intel-tdx-module/tdh_mng_vpflushdone__invalid_input_tdr_hkid__cover_entry_havoc_object.yml,reach,unsafe,none,0,blind,full,uniform,0,,0,timeout,,,inconclusive,,2.29,899.4,,,,,,,,failed
intel-tdx-module/tdh_mng_vpflushdone__expected__safety_requirement_havoc_memory.yml,reach,safe,mixed,7,blind,full,schedule,,fv_setup_module_state.0:0;fv_setup_module_state.1:0;fv_setup_tdcs.0:0;fv_setup_tdr.0:0;hash_table_find_entry.0:128;map_continuous_pages.0:9;pamt_get_block.0:64,201,timeout,,,timeout,,609.18,180.1,,,,,,,,verify_timeout
intel-tdx-module/tdh_mng_vpflushdone__expected__safety_requirement_havoc_object.yml,reach,safe,none,0,blind,full,uniform,2048,,0,timeout,,,inconclusive,,10.55,899.4,,,,,,,,failed
intel-tdx-module/tdh_mng_vpflushdone__invalid_input_tdr_hkid__cover_entry_havoc_memory.yml,reach,unsafe,mixed,7,blind,full,uniform,1,,7,found,0,,works,reach_error.assertion.1,8.92,9.3,1.04,,,,,,,works
intel-tdx-module/tdh_mng_vpflushdone__invalid_input_tdr_hkid__cover_exit_havoc_memory.yml,reach,unsafe,mixed,7,blind,full,uniform,0,,0,timeout,,,insufficient,,154.79,509.5,,,,,,,,failed
intel-tdx-module/tdh_mng_vpflushdone__invalid_input_tdr_hkid__cover_exit_havoc_object.yml,reach,unsafe,none,0,blind,full,uniform,0,,0,timeout,,,inconclusive,,2.24,899.4,,,,,,,,failed
intel-tdx-module/tdh_mng_vpflushdone__invalid_input_tdr_hkid__cover_proof_havoc_memory.yml,reach,unsafe,mixed,7,blind,full,uniform,0,,0,timeout,,,insufficient,,164.78,530.8,,,,,,,,failed
intel-tdx-module/tdh_mng_vpflushdone__invalid_state_op_state__cover_entry_havoc_memory.yml,reach,unsafe,mixed,7,blind,full,uniform,0,,0,found,0,,works,reach_error.assertion.1,8.35,9.7,1.16,,,,,,,works
intel-tdx-module/tdh_mng_vpflushdone__invalid_state_op_state__cover_entry_havoc_object.yml,reach,unsafe,none,0,blind,full,uniform,2048,,0,timeout,,,inconclusive,,9.56,899.4,,,,,,,,failed
intel-tdx-module/tdh_mng_vpflushdone__invalid_state_op_state__cover_exit_havoc_object.yml,reach,unsafe,none,0,blind,full,uniform,0,,0,timeout,,,inconclusive,,2.19,899.4,,,,,,,,failed
intel-tdx-module/tdh_mng_vpflushdone__invalid_state_op_state__cover_exit_havoc_memory.yml,reach,unsafe,mixed,7,blind,full,,,,,timeout,,,,,,503.5,,,,,,,,no_prediction
intel-tdx-module/tdh_mng_vpflushdone__invalid_state_op_state__cover_proof_havoc_memory.yml,reach,unsafe,mixed,7,blind,full,uniform,6,,42,timeout,,,timeout,,601.69,495.3,,,,,,,,verify_timeout
intel-tdx-module/tdh_mng_vpflushdone__invalid_state_op_state__cover_proof_havoc_object.yml,reach,unsafe,none,0,blind,full,uniform,2048,,0,timeout,,,inconclusive,,9.44,899.4,,,,,,,,failed
intel-tdx-module/tdh_mng_vpflushdone__invalid_input_tdr_hkid__cover_proof_havoc_object.yml,reach,unsafe,none,0,blind,full,,,,,timeout,,,,,,899.4,,,,,,,,no_prediction
intel-tdx-module/tdh_mng_vpflushdone__invalid_state_tdr_lifecycle__cover_entry_havoc_memory.yml,reach,unsafe,mixed,7,blind,full,uniform,0,,0,found,0,,works,reach_error.assertion.1,8.51,9.0,1.06,,,,,,,works
intel-tdx-module/tdh_mng_vpflushdone__invalid_state_tdr_lifecycle__cover_entry_havoc_object.yml,reach,unsafe,none,0,blind,full,uniform,2048,,0,timeout,,,inconclusive,,9.75,899.4,,,,,,,,failed
intel-tdx-module/tdh_mng_vpflushdone__invalid_state_tdr_lifecycle__cover_exit_havoc_object.yml,reach,unsafe,none,0,blind,full,uniform,4096,,0,timeout,,,inconclusive,,38.27,899.4,,,,,,,,failed
intel-tdx-module/tdh_mng_vpflushdone__invalid_state_tdr_lifecycle__cover_proof_havoc_object.yml,reach,unsafe,none,0,blind,full,uniform,128,,0,timeout,,,inconclusive,,3.46,899.3,,,,,,,,failed
intel-tdx-module/tdh_mng_vpflushdone__invalid_state_tdr_lifecycle__cover_exit_havoc_memory.yml,reach,unsafe,mixed,7,blind,full,schedule,,fv_setup_module_state.0:0;fv_setup_module_state.1:0;fv_setup_tdcs.0:0;fv_setup_tdr.0:0;hash_table_find_entry.0:128;map_continuous_pages.0:9;pamt_get_block.0:64,201,timeout,,,timeout,,603.97,513.4,,,,,,,,verify_timeout
intel-tdx-module/tdh_mng_vpflushdone__invalid_state_tdr_lifecycle__cover_proof_havoc_memory.yml,reach,unsafe,mixed,7,blind,full,schedule,,fv_setup_module_state.0:1;fv_setup_module_state.1:1;fv_setup_tdcs.0:1;fv_setup_tdr.0:1;hash_table_find_entry.0:128;map_continuous_pages.0:9;pamt_get_block.0:64,205,timeout,,,timeout,,604.35,509.6,,,,,,,,verify_timeout
intel-tdx-module/tdh_mng_vpflushdone__invalid_state_tdr_metadata__cover_entry_havoc_object.yml,reach,unsafe,none,0,blind,full,uniform,2048,,0,timeout,,,inconclusive,,9.69,899.4,,,,,,,,failed
intel-tdx-module/tdh_mng_vpflushdone__invalid_state_tdr_metadata__cover_entry_havoc_memory.yml,reach,unsafe,mixed,7,blind,full,uniform,0,,0,found,0,,works,reach_error.assertion.1,8.38,9.4,1.12,,,,,,,works
intel-tdx-module/tdh_mng_vpflushdone__invalid_state_tdr_metadata__cover_exit_havoc_object.yml,reach,unsafe,none,0,blind,full,uniform,1,,0,timeout,,,inconclusive,,2.15,899.3,,,,,,,,failed
intel-tdx-module/tdh_mng_vpflushdone__invalid_state_tdr_metadata__cover_proof_havoc_object.yml,reach,unsafe,none,0,blind,full,uniform,2048,,0,timeout,,,inconclusive,,9.58,899.3,,,,,,,,failed
intel-tdx-module/tdh_mng_vpflushdone__invalid_state_tdr_metadata__cover_exit_havoc_memory.yml,reach,unsafe,mixed,7,blind,full,uniform,6,,42,timeout,,,timeout,,601.81,510.6,,,,,,,,verify_timeout
intel-tdx-module/tdh_mng_vpflushdone__unconstrained__cover_exit_unsuccess_havoc_memory.yml,reach,unsafe,mixed,7,blind,full,uniform,0,,0,timeout,,,insufficient,,430.32,509.5,,,,,,,,failed
intel-tdx-module/tdh_mng_vpflushdone__unexpected__cover_entry_havoc_memory.yml,reach,unsafe,mixed,7,blind,full,uniform,0,,0,found,0,,works,reach_error.assertion.1,8.18,9.2,1.12,,,,,,,works
intel-tdx-module/tdh_mng_vpflushdone__invalid_state_tdr_metadata__cover_proof_havoc_memory.yml,reach,unsafe,mixed,7,blind,full,schedule,,fv_setup_module_state.0:1;fv_setup_module_state.1:1;fv_setup_tdcs.0:0;fv_setup_tdr.0:0;hash_table_find_entry.0:0;map_continuous_pages.0:6;pamt_get_block.0:1,9,timeout,,,insufficient,,437.5,519.9,,,,,,,,failed
intel-tdx-module/tdh_mng_vpflushdone__unexpected__cover_entry_havoc_object.yml,reach,unsafe,none,0,blind,full,uniform,0,,0,timeout,,,inconclusive,,2.2,899.4,,,,,,,,failed
intel-tdx-module/tdh_mng_vpflushdone__unconstrained__cover_exit_unsuccess_havoc_object.yml,reach,unsafe,none,0,blind,full,uniform,4096,,0,timeout,,,inconclusive,,37.4,899.3,,,,,,,,failed
intel-tdx-module/tdh_mng_vpflushdone__unexpected__cover_exit_havoc_object.yml,reach,unsafe,none,0,blind,full,uniform,0,,0,timeout,,,inconclusive,,2.19,899.3,,,,,,,,failed
intel-tdx-module/tdh_mng_vpflushdone__unexpected__cover_proof_havoc_object.yml,reach,unsafe,none,0,blind,full,uniform,2048,,0,timeout,,,inconclusive,,9.49,899.5,,,,,,,,failed
intel-tdx-module/tdh_mng_vpflushdone__unexpected__cover_exit_havoc_memory.yml,reach,unsafe,mixed,7,blind,full,uniform,1,,7,timeout,,,insufficient,,442.66,518.1,,,,,,,,failed
intel-tdx-module/tdh_mng_vpflushdone__unexpected__cover_proof_havoc_memory.yml,reach,unsafe,mixed,7,blind,full,schedule,,fv_setup_module_state.0:0;fv_setup_module_state.1:0;fv_setup_tdcs.0:0;fv_setup_tdr.0:0;hash_table_find_entry.0:0;map_continuous_pages.0:6;pamt_get_block.0:1,7,timeout,,,insufficient,,149.31,517.3,,,,,,,,failed
intel-tdx-module/tdh_mng_vpflushdone__unexpected__safety_requirement_havoc_object.yml,reach,safe,none,0,blind,full,,,,,timeout,,,,,,899.5,,,,,,,,no_prediction
intel-tdx-module/tdh_mng_vpflushdone__unexpected__safety_requirement_havoc_memory.yml,reach,safe,mixed,7,blind,full,schedule,,fv_setup_module_state.0:0;fv_setup_module_state.1:0;fv_setup_tdcs.0:0;fv_setup_tdr.0:0;hash_table_find_entry.0:128;map_continuous_pages.0:9;pamt_get_block.0:64,201,timeout,,,timeout,,767.65,180.1,,,,,,,,verify_timeout
intel-tdx-module/tdh_mr_finalize__expected__cover_exit_havoc_memory.yml,reach,unsafe,mixed,8,blind,full,schedule,,fv_setup_module_state.0:0;fv_setup_module_state.1:0;fv_setup_tdcs.0:0;fv_setup_tdr.0:0;hash_table_find_entry.0:0;map_continuous_pages.0:6;pamt_get_block.0:1;prepare_servtd_hash_buff.0:1,8,timeout,,,insufficient,,63.54,328.4,,,,,,,,failed
intel-tdx-module/tdh_mr_finalize__expected__cover_entry_havoc_object.yml,reach,unsafe,none,0,blind,full,uniform,1,,0,timeout,,,inconclusive,,2.57,899.5,,,,,,,,failed
intel-tdx-module/tdh_mr_finalize__expected__cover_entry_havoc_memory.yml,reach,unsafe,mixed,8,blind,full,schedule,,fv_setup_module_state.0:0;fv_setup_module_state.1:0;fv_setup_tdcs.0:0;fv_setup_tdr.0:0;hash_table_find_entry.0:0;map_continuous_pages.0:0;pamt_get_block.0:1;prepare_servtd_hash_buff.0:0,1,timeout,,,insufficient,,61.6,330.3,,,,,,,,failed
intel-tdx-module/tdh_mr_finalize__expected__cover_exit_havoc_object.yml,reach,unsafe,none,0,blind,full,uniform,0,,0,timeout,,,inconclusive,,2.54,899.5,,,,,,,,failed
intel-tdx-module/tdh_mr_finalize__expected__cover_proof_havoc_object.yml,reach,unsafe,none,0,blind,full,uniform,2048,,0,timeout,,,inconclusive,,9.97,899.5,,,,,,,,failed
intel-tdx-module/tdh_mr_finalize__expected__safety_requirement_havoc_object.yml,reach,safe,none,0,blind,full,uniform,2048,,0,timeout,,,inconclusive,,9.92,899.5,,,,,,,,failed
intel-tdx-module/tdh_mr_finalize__expected__cover_proof_havoc_memory.yml,reach,unsafe,mixed,8,blind,full,schedule,,fv_setup_module_state.0:0;fv_setup_module_state.1:0;fv_setup_tdcs.0:0;fv_setup_tdr.0:0;hash_table_find_entry.0:128;map_continuous_pages.0:9;pamt_get_block.0:64;prepare_servtd_hash_buff.0:1,202,timeout,,,timeout,,684.45,305.5,,,,,,,,verify_timeout
intel-tdx-module/tdh_mr_finalize__expected__safety_requirement_havoc_memory.yml,reach,safe,mixed,8,blind,full,schedule,,fv_setup_module_state.0:0;fv_setup_module_state.1:0;fv_setup_tdcs.0:0;fv_setup_tdr.0:0;hash_table_find_entry.0:128;map_continuous_pages.0:9;pamt_get_block.0:64;prepare_servtd_hash_buff.0:1,202,timeout,,,timeout,,682.49,303.4,,,,,,,,verify_timeout
intel-tdx-module/tdh_mr_finalize__invalid_input_hkid__cover_entry_havoc_object.yml,reach,unsafe,none,0,blind,full,uniform,0,,0,timeout,,,inconclusive,,2.46,899.5,,,,,,,,failed
intel-tdx-module/tdh_mr_finalize__invalid_input_hkid__cover_entry_havoc_memory.yml,reach,unsafe,mixed,8,blind,full,uniform,0,,0,timeout,,,insufficient,,58.42,307.5,,,,,,,,failed
intel-tdx-module/tdh_mr_finalize__invalid_input_hkid__cover_proof_havoc_object.yml,reach,unsafe,none,0,blind,full,uniform,2048,,0,timeout,,,inconclusive,,10.12,899.6,,,,,,,,failed
intel-tdx-module/tdh_mr_finalize__invalid_input_hkid__cover_exit_havoc_memory.yml,reach,unsafe,mixed,8,blind,full,uniform,64,,512,timeout,,,timeout,,639.13,308.1,,,,,,,,verify_timeout
intel-tdx-module/tdh_mr_finalize__invalid_input_hkid__cover_exit_havoc_object.yml,reach,unsafe,none,0,blind,full,uniform,2048,,0,timeout,,,inconclusive,,10.2,899.5,,,,,,,,failed
intel-tdx-module/tdh_mr_finalize__invalid_input_hkid__cover_proof_havoc_memory.yml,reach,unsafe,mixed,8,blind,full,schedule,,fv_setup_module_state.0:1;fv_setup_module_state.1:1;fv_setup_tdcs.0:1;fv_setup_tdr.0:1;hash_table_find_entry.0:128;map_continuous_pages.0:9;pamt_get_block.0:64;prepare_servtd_hash_buff.0:1,206,timeout,,,timeout,,621.39,303.7,,,,,,,,verify_timeout
intel-tdx-module/tdh_mr_finalize__invalid_state_lifecycle__cover_entry_havoc_object.yml,reach,unsafe,none,0,blind,full,uniform,0,,0,timeout,,,inconclusive,,2.38,899.6,,,,,,,,failed
intel-tdx-module/tdh_mr_finalize__invalid_input_hkid__safety_requirement_havoc_object.yml,reach,safe,none,0,blind,full,uniform,2048,,0,timeout,,,inconclusive,,9.96,899.5,,,,,,,,failed
intel-tdx-module/tdh_mr_finalize__invalid_input_hkid__safety_requirement_havoc_memory.yml,reach,safe,mixed,8,blind,full,schedule,,fv_setup_module_state.0:1;fv_setup_module_state.1:1;fv_setup_tdcs.0:0;fv_setup_tdr.0:0;hash_table_find_entry.0:128;map_continuous_pages.0:9;pamt_get_block.0:64;prepare_servtd_hash_buff.0:1,204,timeout,,,timeout,,610.87,305.6,,,,,,,,verify_timeout
intel-tdx-module/tdh_mr_finalize__invalid_state_lifecycle__cover_entry_havoc_memory.yml,reach,unsafe,mixed,8,blind,full,uniform,1,,8,timeout,,,insufficient,,59.43,305.3,,,,,,,,failed
intel-tdx-module/tdh_mr_finalize__invalid_state_lifecycle__cover_exit_havoc_object.yml,reach,unsafe,none,0,blind,full,uniform,2048,,0,timeout,,,inconclusive,,9.89,899.6,,,,,,,,failed
intel-tdx-module/tdh_mr_finalize__invalid_state_lifecycle__cover_exit_havoc_memory.yml,reach,unsafe,mixed,8,blind,full,schedule,,fv_setup_module_state.0:0;fv_setup_module_state.1:0;fv_setup_tdcs.0:0;fv_setup_tdr.0:0;hash_table_find_entry.0:1;map_continuous_pages.0:9;pamt_get_block.0:1;prepare_servtd_hash_buff.0:1,12,timeout,,,insufficient,,59.4,301.0,,,,,,,,failed
intel-tdx-module/tdh_mr_finalize__invalid_state_lifecycle__cover_proof_havoc_object.yml,reach,unsafe,none,0,blind,full,uniform,2048,,0,timeout,,,inconclusive,,9.71,899.5,,,,,,,,failed
intel-tdx-module/tdh_mr_finalize__invalid_state_lifecycle__safety_requirement_havoc_memory.yml,reach,safe,mixed,8,blind,full,uniform,128,,1024,timeout,,,timeout,,600.13,305.5,,,,,,,,verify_timeout
intel-tdx-module/tdh_mr_finalize__invalid_state_lifecycle__cover_proof_havoc_memory.yml,reach,unsafe,mixed,8,blind,full,schedule,,fv_setup_module_state.0:0;fv_setup_module_state.1:0;fv_setup_tdcs.0:0;fv_setup_tdr.0:0;hash_table_find_entry.0:0;map_continuous_pages.0:6;pamt_get_block.0:1;prepare_servtd_hash.0:1;prepare_servtd_hash_buff.0:0,8,timeout,,,insufficient,,554.81,301.2,,,,,,,,failed
intel-tdx-module/tdh_mr_finalize__invalid_state_lifecycle__safety_requirement_havoc_object.yml,reach,safe,none,0,blind,full,uniform,4096,,0,timeout,,,inconclusive,,38.4,899.5,,,,,,,,failed
intel-tdx-module/tdh_mr_finalize__invalid_state_op_state__cover_entry_havoc_memory.yml,reach,unsafe,mixed,8,blind,full,uniform,0,,0,timeout,,,insufficient,,61.27,308.4,,,,,,,,failed
intel-tdx-module/tdh_mr_finalize__invalid_state_op_state__cover_entry_havoc_object.yml,reach,unsafe,none,0,blind,full,uniform,0,,0,timeout,,,inconclusive,,2.7,899.5,,,,,,,,failed
intel-tdx-module/tdh_mr_finalize__invalid_state_op_state__cover_exit_havoc_object.yml,reach,unsafe,none,0,blind,full,uniform,0,,0,timeout,,,inconclusive,,2.99,899.6,,,,,,,,failed
intel-tdx-module/tdh_mr_finalize__invalid_state_op_state__cover_proof_havoc_memory.yml,reach,unsafe,mixed,8,blind,full,schedule,,fv_setup_module_state.0:0;fv_setup_module_state.1:0;fv_setup_tdcs.0:0;fv_setup_tdr.0:0;hash_table_find_entry.0:128;map_continuous_pages.0:9;pamt_get_block.0:64;prepare_servtd_hash_buff.0:1,202,timeout,,,timeout,,676.16,307.1,,,,,,,,verify_timeout
intel-tdx-module/tdh_mr_finalize__invalid_state_op_state__cover_proof_havoc_object.yml,reach,unsafe,none,0,blind,full,uniform,1,,0,timeout,,,inconclusive,,2.92,899.4,,,,,,,,failed
intel-tdx-module/tdh_mr_finalize__invalid_state_op_state__cover_exit_havoc_memory.yml,reach,unsafe,mixed,8,blind,full,uniform,1,,8,timeout,,,insufficient,,61.85,311.1,,,,,,,,failed
intel-tdx-module/tdh_mr_finalize__invalid_state_op_state__safety_requirement_havoc_memory.yml,reach,safe,mixed,8,blind,full,schedule,,fv_setup_module_state.0:1;fv_setup_module_state.1:1;fv_setup_tdcs.0:1;fv_setup_tdr.0:1;hash_table_find_entry.0:128;map_continuous_pages.0:9;pamt_get_block.0:64;prepare_servtd_hash_buff.0:1,206,timeout,,,timeout,,673.9,308.6,,,,,,,,verify_timeout
intel-tdx-module/tdh_mr_finalize__invalid_state_td_state__cover_entry_havoc_memory.yml,reach,unsafe,mixed,8,blind,full,uniform,0,,0,timeout,,,insufficient,,59.38,304.6,,,,,,,,failed
intel-tdx-module/tdh_mr_finalize__invalid_state_td_state__cover_entry_havoc_object.yml,reach,unsafe,none,0,blind,full,uniform,2,,0,timeout,,,inconclusive,,2.47,899.5,,,,,,,,failed
intel-tdx-module/tdh_mr_finalize__invalid_state_op_state__safety_requirement_havoc_object.yml,reach,safe,none,0,blind,full,uniform,4096,,0,timeout,,,inconclusive,,38.13,899.5,,,,,,,,failed
intel-tdx-module/tdh_mr_finalize__invalid_state_td_state__cover_exit_havoc_memory.yml,reach,unsafe,mixed,8,blind,full,schedule,,fv_setup_module_state.0:0;fv_setup_module_state.1:0;fv_setup_tdcs.0:0;fv_setup_tdr.0:0;hash_table_find_entry.0:0;map_continuous_pages.0:9;pamt_get_block.0:64;prepare_servtd_hash_buff.0:1,74,timeout,,,timeout,,638.17,300.9,,,,,,,,verify_timeout
intel-tdx-module/tdh_mr_finalize__invalid_state_td_state__cover_proof_havoc_object.yml,reach,unsafe,none,0,blind,full,uniform,64,,0,timeout,,,inconclusive,,3.2,899.4,,,,,,,,failed
intel-tdx-module/tdh_mr_finalize__invalid_state_td_state__cover_exit_havoc_object.yml,reach,unsafe,none,0,blind,full,uniform,6,,0,timeout,,,inconclusive,,2.48,899.5,,,,,,,,failed
intel-tdx-module/tdh_mr_finalize__invalid_state_td_state__safety_requirement_havoc_memory.yml,reach,safe,mixed,8,blind,full,schedule,,fv_setup_module_state.0:1;fv_setup_module_state.1:1;fv_setup_tdcs.0:1;fv_setup_tdr.0:1;hash_table_find_entry.0:128;map_continuous_pages.0:9;pamt_get_block.0:64;prepare_servtd_hash_buff.0:1,206,timeout,,,timeout,,612.98,307.3,,,,,,,,verify_timeout
intel-tdx-module/tdh_mr_finalize__invalid_state_td_state__cover_proof_havoc_memory.yml,reach,unsafe,mixed,8,blind,full,schedule,,fv_setup_module_state.0:0;fv_setup_module_state.1:0;fv_setup_tdcs.0:0;fv_setup_tdr.0:0;hash_table_find_entry.0:0;map_continuous_pages.0:6;pamt_get_block.0:1;prepare_servtd_hash.0:1;prepare_servtd_hash_buff.0:0,8,timeout,,,insufficient,,62.31,301.4,,,,,,,,failed
intel-tdx-module/tdh_mr_finalize__invalid_state_tdr_metadata__cover_entry_havoc_memory.yml,reach,unsafe,mixed,8,blind,full,uniform,0,,0,timeout,,,insufficient,,83.07,359.7,,,,,,,,failed
intel-tdx-module/tdh_mr_finalize__invalid_state_td_state__safety_requirement_havoc_object.yml,reach,safe,none,0,blind,full,uniform,0,,0,timeout,,,inconclusive,,2.42,899.4,,,,,,,,failed
intel-tdx-module/tdh_mr_finalize__invalid_state_tdr_metadata__cover_entry_havoc_object.yml,reach,unsafe,none,0,blind,full,uniform,1,,0,timeout,,,inconclusive,,3.0,899.5,,,,,,,,failed
intel-tdx-module/tdh_mr_finalize__invalid_state_tdr_metadata__cover_exit_havoc_memory.yml,reach,unsafe,mixed,8,blind,full,uniform,1,,8,timeout,,,timeout,,604.68,180.2,,,,,,,,verify_timeout
intel-tdx-module/tdh_mr_finalize__invalid_state_tdr_metadata__cover_exit_havoc_object.yml,reach,unsafe,none,0,blind,full,uniform,2048,,0,timeout,,,inconclusive,,9.71,899.4,,,,,,,,failed
intel-tdx-module/tdh_mr_finalize__unconstrained__cover_exit_success_havoc_object.yml,reach,unsafe,none,0,blind,full,uniform,6,,0,timeout,,,inconclusive,,2.44,899.3,,,,,,,,failed
intel-tdx-module/tdh_mr_finalize__invalid_state_tdr_metadata__cover_proof_havoc_memory.yml,reach,unsafe,mixed,8,blind,full,uniform,1,,8,timeout,,,timeout,,600.2,180.2,,,,,,,,verify_timeout
intel-tdx-module/tdh_mr_finalize__invalid_state_tdr_metadata__cover_proof_havoc_object.yml,reach,unsafe,none,0,blind,full,uniform,64,,0,timeout,,,inconclusive,,3.25,899.2,,,,,,,,failed
intel-tdx-module/tdh_mr_finalize__unconstrained__cover_exit_unsuccess_havoc_object.yml,reach,unsafe,none,0,blind,full,uniform,2048,,0,timeout,,,inconclusive,,9.67,899.2,,,,,,,,failed
intel-tdx-module/tdh_mr_finalize__unconstrained__cover_exit_success_havoc_memory.yml,reach,unsafe,mixed,8,blind,full,uniform,1,,8,timeout,,,insufficient,,91.1,369.9,,,,,,,,failed
intel-tdx-module/tdh_mr_finalize__unconstrained__cover_exit_unsuccess_havoc_memory.yml,reach,unsafe,mixed,8,blind,full,uniform,0,,0,timeout,,,insufficient,,537.13,417.7,,,,,,,,failed
intel-tdx-module/tdh_mr_finalize__unexpected__cover_exit_havoc_object.yml,reach,unsafe,none,0,blind,full,uniform,1,,0,timeout,,,inconclusive,,2.5,899.3,,,,,,,,failed
intel-tdx-module/tdh_mr_finalize__unexpected__cover_entry_havoc_memory.yml,reach,unsafe,mixed,8,blind,full,uniform,0,,0,timeout,,,insufficient,,501.47,344.0,,,,,,,,failed
intel-tdx-module/tdh_mr_finalize__unexpected__cover_entry_havoc_object.yml,reach,unsafe,none,0,blind,full,uniform,2048,,0,timeout,,,inconclusive,,11.85,899.3,,,,,,,,failed
intel-tdx-module/tdh_mr_finalize__unexpected__cover_exit_havoc_memory.yml,reach,unsafe,mixed,8,blind,full,uniform,0,,0,timeout,,,insufficient,,206.63,180.1,,,,,,,,failed
intel-tdx-module/tdh_mr_finalize__unexpected__cover_proof_havoc_memory.yml,reach,unsafe,mixed,8,blind,full,schedule,,fv_setup_module_state.0:0;fv_setup_module_state.1:0;fv_setup_tdcs.0:0;fv_setup_tdr.0:0;hash_table_find_entry.0:0;map_continuous_pages.0:6;pamt_get_block.0:0;prepare_servtd_hash_buff.0:1,7,timeout,,,insufficient,,204.58,180.1,,,,,,,,failed
intel-tdx-module/tdh_mr_finalize__unexpected__safety_requirement_havoc_object.yml,reach,safe,none,0,blind,full,uniform,2048,,0,timeout,,,inconclusive,,10.36,899.2,,,,,,,,failed
intel-tdx-module/tdh_mr_finalize__unexpected__safety_requirement_havoc_memory.yml,reach,safe,mixed,8,blind,full,schedule,,fv_setup_module_state.0:0;fv_setup_module_state.1:0;fv_setup_tdcs.0:0;fv_setup_tdr.0:0;hash_table_find_entry.0:128;map_continuous_pages.0:9;pamt_get_block.0:64;prepare_servtd_hash_buff.0:1,202,timeout,,,inconclusive,,267.46,180.1,,,,,,,,failed
intel-tdx-module/tdh_mr_finalize__unexpected__cover_proof_havoc_object.yml,reach,unsafe,none,0,blind,full,uniform,2048,,0,timeout,,,inconclusive,,10.99,899.3,,,,,,,,failed
intel-tdx-module/tdh_phymem_page_reclaim__expected__cover_entry_havoc_object.yml,reach,unsafe,none,0,blind,full,uniform,2048,,0,timeout,,,inconclusive,,9.87,899.1,,,,,,,,failed
intel-tdx-module/tdh_phymem_page_reclaim__expected__cover_entry_havoc_memory.yml,reach,unsafe,mixed,9,blind,full,schedule,,fv_setup_module_state.0:0;fv_setup_module_state.1:0;fv_setup_tdmr_info.0:0;fv_setup_tdmr_info.1:0;fv_teardown_tdmr_info.0:0;fv_teardown_tdmr_info.1:0;hash_table_find_entry.0:0;map_continuous_pages.0:0;pamt_get_block.0:0,0,timeout,,,insufficient,,7.27,899.9,,,,,,,,failed
intel-tdx-module/tdh_phymem_page_reclaim__expected__cover_exit_havoc_object.yml,reach,unsafe,none,0,blind,full,schedule,,__VERIFIER_nondet_array_1D_struct_tdmr_entry_s:1;__VERIFIER_nondet_array_1D_struct_tdmr_info_entry_s:1,2,timeout,,,inconclusive,,2.13,899.2,,,,,,,,failed
intel-tdx-module/tdh_phymem_page_reclaim__expected__cover_exit_havoc_memory.yml,reach,unsafe,mixed,9,blind,full,schedule,,fv_setup_module_state.0:0;fv_setup_module_state.1:0;fv_setup_tdmr_info.0:0;fv_setup_tdmr_info.1:0;fv_teardown_tdmr_info.0:0;fv_teardown_tdmr_info.1:0;hash_table_find_entry.0:0;map_continuous_pages.0:1;pamt_get_block.0:1,2,timeout,,,insufficient,,7.66,899.3,,,,,,,,failed
intel-tdx-module/tdh_phymem_page_reclaim__expected__cover_proof_havoc_object.yml,reach,unsafe,none,0,blind,full,uniform,2048,,0,timeout,,,inconclusive,,9.66,899.2,,,,,,,,failed
intel-tdx-module/tdh_phymem_page_reclaim__expected__safety_requirement_havoc_memory.yml,reach,safe,mixed,9,blind,full,schedule,,fv_setup_module_state.0:0;fv_setup_module_state.1:0;fv_setup_tdmr_info.0:64;fv_setup_tdmr_info.1:63;fv_teardown_with_check_tdmr_info.0:64;fv_teardown_with_check_tdmr_info.1:63;hash_table_find_entry.0:128;map_continuous_pages.0:1;pamt_get_block.0:64,447,timeout,,,insufficient,,50.95,899.6,,,,,,,,failed
intel-tdx-module/tdh_phymem_page_reclaim__expected__cover_proof_havoc_memory.yml,reach,unsafe,mixed,9,blind,full,schedule,,fv_setup_module_state.0:0;fv_setup_module_state.1:0;fv_setup_tdmr_info.0:64;fv_setup_tdmr_info.1:63;fv_teardown_with_check_tdmr_info.0:64;fv_teardown_with_check_tdmr_info.1:63;hash_table_find_entry.0:128;map_continuous_pages.0:1;pamt_get_block.0:64,447,timeout,,,insufficient,,51.57,899.2,,,,,,,,failed
intel-tdx-module/tdh_phymem_page_reclaim__expected__safety_requirement_havoc_object.yml,reach,safe,none,0,blind,full,uniform,2048,,0,timeout,,,inconclusive,,9.6,899.2,,,,,,,,failed
intel-tdx-module/tdh_phymem_page_reclaim__invalid_input_pa__cover_entry_havoc_object.yml,reach,unsafe,none,0,blind,full,uniform,2048,,0,timeout,,,inconclusive,,9.67,899.2,,,,,,,,failed
intel-tdx-module/tdh_phymem_page_reclaim__invalid_input_pa__cover_entry_havoc_memory.yml,reach,unsafe,mixed,9,blind,full,schedule,,fv_setup_module_state.0:0;fv_setup_module_state.1:0;fv_setup_tdmr_info.0:64;fv_setup_tdmr_info.1:63;fv_teardown_tdmr_info.0:0;fv_teardown_tdmr_info.1:0;hash_table_find_entry.0:0;map_continuous_pages.0:0;pamt_get_block.0:1,128,timeout,,,insufficient,,50.87,900.0,,,,,,,,failed
intel-tdx-module/tdh_phymem_page_reclaim__invalid_input_pa__cover_proof_havoc_memory.yml,reach,unsafe,mixed,9,blind,full,schedule,,fv_setup_module_state.0:0;fv_setup_module_state.1:0;fv_setup_tdmr_info.0:64;fv_setup_tdmr_info.1:64;fv_teardown_with_check_tdmr_info.0:64;fv_teardown_with_check_tdmr_info.1:64;hash_table_find_entry.0:128;map_continuous_pages.0:1;pamt_get_block.0:64,449,timeout,,,insufficient,,51.52,899.2,,,,,,,,failed
intel-tdx-module/tdh_phymem_page_reclaim__invalid_input_pa__cover_proof_havoc_object.yml,reach,unsafe,none,0,blind,full,uniform,2048,,0,timeout,,,inconclusive,,9.52,899.2,,,,,,,,failed
intel-tdx-module/tdh_phymem_page_reclaim__invalid_input_pa__cover_exit_havoc_memory.yml,reach,unsafe,mixed,9,blind,full,uniform,64,,576,timeout,,,insufficient,,51.58,899.1,,,,,,,,failed
intel-tdx-module/tdh_phymem_page_reclaim__invalid_input_pa__cover_exit_havoc_object.yml,reach,unsafe,none,0,blind,full,uniform,0,,0,timeout,,,inconclusive,,2.09,899.1,,,,,,,,failed
intel-tdx-module/tdh_phymem_page_reclaim__invalid_state_child_count__cover_entry_havoc_object.yml,reach,unsafe,none,0,blind,full,uniform,0,,0,timeout,,,inconclusive,,2.33,899.1,,,,,,,,failed
intel-tdx-module/tdh_phymem_page_reclaim__invalid_input_pa__safety_requirement_havoc_object.yml,reach,safe,none,0,blind,full,uniform,2048,,0,timeout,,,inconclusive,,9.53,899.2,,,,,,,,failed
intel-tdx-module/tdh_phymem_page_reclaim__invalid_state_child_count__cover_entry_havoc_memory.yml,reach,unsafe,mixed,9,blind,full,schedule,,fv_setup_module_state.0:0;fv_setup_module_state.1:0;fv_setup_tdmr_info.0:64;fv_setup_tdmr_info.1:63;fv_teardown_tdmr_info.0:0;fv_teardown_tdmr_info.1:0;hash_table_find_entry.0:0;map_continuous_pages.0:0;pamt_get_block.0:0,127,timeout,,,insufficient,,51.71,899.8,,,,,,,,failed
intel-tdx-module/tdh_phymem_page_reclaim__invalid_input_pa__safety_requirement_havoc_memory.yml,reach,safe,mixed,9,blind,full,uniform,1,,9,timeout,,,insufficient,,7.0,899.6,,,,,,,,failed
intel-tdx-module/tdh_phymem_page_reclaim__invalid_state_child_count__cover_exit_havoc_memory.yml,reach,unsafe,mixed,9,blind,full,schedule,,fv_setup_module_state.0:0;fv_setup_module_state.1:0;fv_setup_tdmr_info.0:64;fv_setup_tdmr_info.1:64;fv_teardown_tdmr_info.0:0;fv_teardown_tdmr_info.1:0;hash_table_find_entry.0:0;map_continuous_pages.0:0;pamt_get_block.0:64,192,timeout,,,insufficient,,52.44,899.3,,,,,,,,failed
intel-tdx-module/tdh_phymem_page_reclaim__invalid_state_child_count__cover_exit_havoc_object.yml,reach,unsafe,none,0,blind,full,uniform,0,,0,timeout,,,inconclusive,,2.09,899.1,,,,,,,,failed
intel-tdx-module/tdh_phymem_page_reclaim__invalid_state_child_count__safety_requirement_havoc_object.yml,reach,safe,none,0,blind,full,uniform,2048,,0,timeout,,,inconclusive,,9.34,899.1,,,,,,,,failed
intel-tdx-module/tdh_phymem_page_reclaim__invalid_state_child_count__cover_proof_havoc_memory.yml,reach,unsafe,mixed,9,blind,full,uniform,64,,576,timeout,,,insufficient,,51.75,900.0,,,,,,,,failed
intel-tdx-module/tdh_phymem_page_reclaim__invalid_state_child_count__cover_proof_havoc_object.yml,reach,unsafe,none,0,blind,full,uniform,2048,,0,timeout,,,inconclusive,,9.35,899.1,,,,,,,,failed
intel-tdx-module/tdh_phymem_page_reclaim__invalid_state_child_count__safety_requirement_havoc_memory.yml,reach,safe,mixed,9,blind,full,uniform,128,,1152,timeout,,,inconclusive,,459.16,899.8,,,,,,,,failed
intel-tdx-module/tdh_phymem_page_reclaim__invalid_state_lifecycle__cover_exit_havoc_memory.yml,reach,unsafe,mixed,9,blind,full,uniform,0,,0,timeout,,,insufficient,,7.24,899.6,,,,,,,,failed
intel-tdx-module/tdh_phymem_page_reclaim__invalid_state_lifecycle__cover_entry_havoc_object.yml,reach,unsafe,none,0,blind,full,uniform,0,,0,timeout,,,inconclusive,,2.15,899.1,,,,,,,,failed
intel-tdx-module/tdh_phymem_page_reclaim__invalid_state_lifecycle__cover_entry_havoc_memory.yml,reach,unsafe,mixed,9,blind,full,uniform,1,,9,timeout,,,insufficient,,7.21,899.8,,,,,,,,failed
intel-tdx-module/tdh_phymem_page_reclaim__invalid_state_lifecycle__cover_proof_havoc_memory.yml,reach,unsafe,mixed,9,blind,full,uniform,0,,0,timeout,,,insufficient,,7.32,899.1,,,,,,,,failed
intel-tdx-module/tdh_phymem_page_reclaim__invalid_state_lifecycle__cover_proof_havoc_object.yml,reach,unsafe,none,0,blind,full,uniform,2048,,0,timeout,,,inconclusive,,9.71,899.1,,,,,,,,failed
intel-tdx-module/tdh_phymem_page_reclaim__invalid_state_lifecycle__cover_exit_havoc_object.yml,reach,unsafe,none,0,blind,full,uniform,2048,,0,timeout,,,inconclusive,,9.78,899.1,,,,,,,,failed
intel-tdx-module/tdh_phymem_page_reclaim__invalid_state_lifecycle__safety_requirement_havoc_object.yml,reach,safe,none,0,blind,full,uniform,2048,,0,timeout,,,inconclusive,,10.8,899.1,,,,,,,,failed
intel-tdx-module/tdh_phymem_page_reclaim__invalid_state_pamt_metadata__cover_entry_havoc_memory.yml,reach,unsafe,mixed,9,blind,full,uniform,64,,576,timeout,,,insufficient,,51.58,899.3,,,,,,,,failed
intel-tdx-module/tdh_phymem_page_reclaim__invalid_state_lifecycle__safety_requirement_havoc_memory.yml,reach,safe,mixed,9,blind,full,uniform,0,,0,timeout,,,insufficient,,7.43,899.9,,,,,,,,failed
intel-tdx-module/tdh_phymem_page_reclaim__invalid_state_pamt_metadata__cover_exit_havoc_memory.yml,reach,unsafe,mixed,9,blind,full,uniform,0,,0,timeout,,,insufficient,,7.49,899.5,,,,,,,,failed
intel-tdx-module/tdh_phymem_page_reclaim__invalid_state_pamt_metadata__cover_entry_havoc_object.yml,reach,unsafe,none,0,blind,full,,,,,timeout,,,,,,899.1,,,,,,,,no_prediction
intel-tdx-module/tdh_phymem_page_reclaim__invalid_state_pamt_metadata__cover_exit_havoc_object.yml,reach,unsafe,none,0,blind,full,uniform,2048,,0,timeout,,,inconclusive,,9.57,899.2,,,,,,,,failed
intel-tdx-module/tdh_phymem_page_reclaim__unconstrained__cover_exit_success_havoc_object.yml,reach,unsafe,none,0,blind,full,uniform,1,,0,timeout,,,inconclusive,,2.16,899.2,,,,,,,,failed
intel-tdx-module/tdh_phymem_page_reclaim__invalid_state_pamt_metadata__cover_proof_havoc_memory.yml,reach,unsafe,mixed,9,blind,full,uniform,128,,1152,timeout,,,inconclusive,,422.73,899.3,,,,,,,,failed
intel-tdx-module/tdh_phymem_page_reclaim__unconstrained__cover_exit_success_havoc_memory.yml,reach,unsafe,mixed,9,blind,full,uniform,64,,576,timeout,,,insufficient,,50.45,899.9,,,,,,,,failed
intel-tdx-module/tdh_phymem_page_reclaim__unconstrained__cover_exit_unsuccess_havoc_object.yml,reach,unsafe,none,0,blind,full,uniform,1,,0,timeout,,,inconclusive,,2.13,899.2,,,,,,,,failed
intel-tdx-module/tdh_phymem_page_reclaim__invalid_state_pamt_metadata__cover_proof_havoc_object.yml,reach,unsafe,none,0,blind,full,,,,,timeout,,,,,,899.1,,,,,,,,no_prediction
intel-tdx-module/tdh_phymem_page_reclaim__unconstrained__cover_exit_unsuccess_havoc_memory.yml,reach,unsafe,mixed,9,blind,full,schedule,,fv_setup_module_state.0:0;fv_setup_module_state.1:0;fv_setup_tdmr_info.0:64;fv_setup_tdmr_info.1:63;fv_teardown_tdmr_info.0:0;fv_teardown_tdmr_info.1:0;hash_table_find_entry.0:0;map_continuous_pages.0:0;pamt_get_block.0:0,127,timeout,,,insufficient,,51.06,899.3,,,,,,,,failed
intel-tdx-module/tdh_phymem_page_reclaim__unexpected__cover_entry_havoc_memory.yml,reach,unsafe,mixed,9,blind,full,uniform,0,,0,timeout,,,insufficient,,6.92,899.8,,,,,,,,failed
intel-tdx-module/tdh_phymem_page_reclaim__unexpected__cover_exit_havoc_object.yml,reach,unsafe,none,0,blind,full,uniform,2048,,0,timeout,,,inconclusive,,9.48,899.2,,,,,,,,failed
intel-tdx-module/tdh_phymem_page_reclaim__unexpected__cover_exit_havoc_memory.yml,reach,unsafe,mixed,9,blind,full,uniform,0,,0,timeout,,,insufficient,,7.03,899.5,,,,,,,,failed
intel-tdx-module/tdh_phymem_page_reclaim__unexpected__cover_proof_havoc_memory.yml,reach,unsafe,mixed,9,blind,full,schedule,,fv_setup_module_state.0:0;fv_setup_module_state.1:0;fv_setup_tdmr_info.0:64;fv_setup_tdmr_info.1:63;fv_teardown_with_check_tdmr_info.0:0;fv_teardown_with_check_tdmr_info.1:0;hash_table_find_entry.0:0;map_continuous_pages.0:1;pamt_get_block.0:0,128,timeout,,,insufficient,,50.59,900.0,,,,,,,,failed
intel-tdx-module/tdh_phymem_page_reclaim__unexpected__cover_proof_havoc_object.yml,reach,unsafe,none,0,blind,full,,,,,timeout,,,,,,899.2,,,,,,,,no_prediction
intel-tdx-module/tdh_phymem_page_reclaim__unexpected__cover_entry_havoc_object.yml,reach,unsafe,none,0,blind,full,uniform,0,,0,timeout,,,inconclusive,,2.94,899.1,,,,,,,,failed
intel-tdx-module/tdh_sys_config__expected__cover_entry_havoc_memory.yml,reach,unsafe,mixed,22,blind,full,uniform,0,,0,timeout,,,insufficient,,7.06,899.4,,,,,,,,failed
intel-tdx-module/tdh_sys_config__expected__cover_entry_havoc_object.yml,reach,unsafe,none,0,blind,full,uniform,0,,0,timeout,,,inconclusive,,2.17,899.1,,,,,,,,failed
intel-tdx-module/tdh_phymem_page_reclaim__unexpected__safety_requirement_havoc_object.yml,reach,safe,none,0,blind,full,uniform,2048,,0,timeout,,,inconclusive,,9.37,899.2,,,,,,,,failed
intel-tdx-module/tdh_phymem_page_reclaim__unexpected__safety_requirement_havoc_memory.yml,reach,safe,mixed,9,blind,full,schedule,,fv_setup_module_state.0:0;fv_setup_module_state.1:0;fv_setup_tdmr_info.0:64;fv_setup_tdmr_info.1:63;fv_teardown_with_check_tdmr_info.0:64;fv_teardown_with_check_tdmr_info.1:63;hash_table_find_entry.0:128;map_continuous_pages.0:1;pamt_get_block.0:64,447,timeout,,,insufficient,,50.62,899.1,,,,,,,,failed
intel-tdx-module/tdh_sys_config__expected__cover_exit_havoc_memory.yml,reach,unsafe,mixed,22,blind,full,uniform,68,,6052,timeout,,,timeout,,600.15,899.0,,,,,,,,verify_timeout
intel-tdx-module/tdh_sys_config__expected__cover_proof_havoc_object.yml,reach,unsafe,none,0,blind,full,uniform,64,,0,timeout,,,inconclusive,,3.57,899.1,,,,,,,,failed
intel-tdx-module/tdh_sys_config__expected__cover_proof_havoc_memory.yml,reach,unsafe,mixed,22,blind,full,uniform,64,,5440,timeout,,,insufficient,,49.78,899.3,,,,,,,,failed
intel-tdx-module/tdh_sys_config__expected__cover_exit_havoc_object.yml,reach,unsafe,none,0,blind,full,uniform,1,,0,timeout,,,inconclusive,,2.16,899.1,,,,,,,,failed
intel-tdx-module/tdh_sys_config__invalid_input_hkid__cover_entry_havoc_object.yml,reach,unsafe,none,0,blind,full,uniform,0,,0,timeout,,,inconclusive,,2.16,899.1,,,,,,,,failed
intel-tdx-module/tdh_sys_config__invalid_input_hkid__cover_entry_havoc_memory.yml,reach,unsafe,mixed,22,blind,full,uniform,0,,0,timeout,,,insufficient,,7.0,899.1,,,,,,,,failed
intel-tdx-module/tdh_sys_config__expected__safety_requirement_havoc_object.yml,reach,safe,none,0,blind,full,uniform,2048,,0,timeout,,,inconclusive,,9.32,899.1,,,,,,,,failed
intel-tdx-module/tdh_sys_config__expected__safety_requirement_havoc_memory.yml,reach,safe,mixed,22,blind,full,schedule,,check_all_pamt_overlap.0:63;check_pamt_overlaps_available_areas.0:64;check_tdmr_available_areas.0:16;check_tdmr_reserved_areas.0:16;complete_cpuid_handling.0:0;complete_cpuid_handling.1:0;copy_tdmr_info_entry.0:0;fv_setup_module_state.0:0;fv_setup_module_state.1:0;fv_setup_tdmr_info.0:64;fv_setup_tdmr_info.1:63;fv_teardown_with_check_tdmr_info.0:64;fv_teardown_with_check_tdmr_info.1:63;hash_table_find_entry.0:128;input_rcx_is_valid.0:64;input_rcx_is_valid.1:63;is_area_in_cmr.0:32;is_pamt_overlaps_available_area.0:16;set_tdmr_info_in_global_data.0:16;tdh_sys_config.0:64;tdh_sys_config__common_precond.0:0;tdh_sys_config__free.0:64,860,timeout,,,insufficient,,51.06,899.4,,,,,,,,failed
intel-tdx-module/tdh_sys_config__invalid_input_hkid__cover_exit_havoc_memory.yml,reach,unsafe,mixed,22,blind,full,uniform,64,,5440,timeout,,,insufficient,,50.4,899.7,,,,,,,,failed
intel-tdx-module/tdh_sys_config__invalid_input_hkid__safety_requirement_havoc_memory.yml,reach,safe,mixed,22,blind,full,uniform,68,,6052,timeout,,,timeout,,600.15,899.4,,,,,,,,verify_timeout
intel-tdx-module/tdh_sys_config__invalid_input_hkid__cover_proof_havoc_memory.yml,reach,unsafe,mixed,22,blind,full,schedule,,check_all_pamt_overlap.0:64;check_pamt_overlaps_available_areas.0:64;check_tdmr_available_areas.0:16;check_tdmr_reserved_areas.0:16;complete_cpuid_handling.0:68;complete_cpuid_handling.1:4;copy_tdmr_info_entry.0:0;fv_setup_module_state.0:0;fv_setup_module_state.1:0;fv_setup_tdmr_info.0:64;fv_setup_tdmr_info.1:63;fv_teardown_with_check_tdmr_info.0:64;fv_teardown_with_check_tdmr_info.1:63;hash_table_find_entry.0:128;input_rcx_is_valid.0:64;input_rcx_is_valid.1:63;is_area_in_cmr.0:32;is_pamt_overlaps_available_area.0:16;set_tdmr_info_in_global_data.0:16;tdh_sys_config.0:64;tdh_sys_config__common_precond.0:64;tdh_sys_config__free.0:64,1201,timeout,,,insufficient,,50.44,899.8,,,,,,,,failed
intel-tdx-module/tdh_sys_config__invalid_input_hkid__cover_proof_havoc_object.yml,reach,unsafe,none,0,blind,full,uniform,2048,,0,timeout,,,inconclusive,,9.64,899.1,,,,,,,,failed
intel-tdx-module/tdh_sys_config__invalid_input_hkid__cover_exit_havoc_object.yml,reach,unsafe,none,0,blind,full,uniform,0,,0,timeout,,,inconclusive,,2.15,899.1,,,,,,,,failed
intel-tdx-module/tdh_sys_config__invalid_input_hkid__safety_requirement_havoc_object.yml,reach,safe,none,0,blind,full,uniform,2048,,0,timeout,,,inconclusive,,9.62,899.1,,,,,,,,failed
intel-tdx-module/tdh_sys_config__invalid_input_num_ptr__cover_exit_havoc_object.yml,reach,unsafe,none,0,blind,full,uniform,0,,0,timeout,,,inconclusive,,2.18,899.1,,,,,,,,failed
intel-tdx-module/tdh_sys_config__invalid_input_num_ptr__cover_entry_havoc_object.yml,reach,unsafe,none,0,blind,full,uniform,64,,0,timeout,,,inconclusive,,2.89,899.1,,,,,,,,failed
intel-tdx-module/tdh_sys_config__invalid_input_num_ptr__cover_exit_havoc_memory.yml,reach,unsafe,mixed,22,blind,full,uniform,0,,0,timeout,,,insufficient,,6.81,899.4,,,,,,,,failed
intel-tdx-module/tdh_sys_config__invalid_input_num_ptr__cover_proof_havoc_memory.yml,reach,unsafe,mixed,22,blind,full,uniform,1,,22,timeout,,,insufficient,,6.88,899.5,,,,,,,,failed
intel-tdx-module/tdh_sys_config__invalid_input_num_ptr__safety_requirement_havoc_object.yml,reach,safe,none,0,blind,full,,,,,timeout,,,,,,899.2,,,,,,,,no_prediction
intel-tdx-module/tdh_sys_config__invalid_input_num_ptr__cover_proof_havoc_object.yml,reach,unsafe,none,0,blind,full,uniform,2048,,0,timeout,,,inconclusive,,9.63,899.1,,,,,,,,failed
intel-tdx-module/tdh_sys_config__invalid_state_lp_state__cover_entry_havoc_memory.yml,reach,unsafe,mixed,22,blind,full,,,,,timeout,,,,,,899.4,,,,,,,,no_prediction
intel-tdx-module/tdh_sys_config__invalid_input_num_ptr__cover_entry_havoc_memory.yml,reach,unsafe,mixed,22,blind,full,schedule,,check_all_pamt_overlap.0:0;check_pamt_overlaps_available_areas.0:0;check_tdmr_available_areas.0:0;check_tdmr_reserved_areas.0:0;complete_cpuid_handling.0:68;complete_cpuid_handling.1:0;copy_tdmr_info_entry.0:0;fv_setup_module_state.0:0;fv_setup_module_state.1:0;fv_setup_tdmr_info.0:64;fv_setup_tdmr_info.1:63;fv_teardown_tdmr_info.0:64;fv_teardown_tdmr_info.1:63;hash_table_find_entry.0:0;input_rcx_is_valid.0:64;input_rcx_is_valid.1:63;is_area_in_cmr.0:0;is_pamt_overlaps_available_area.0:0;set_tdmr_info_in_global_data.0:0;tdh_sys_config.0:0;tdh_sys_config__common_precond.0:64;tdh_sys_config__free.0:64,577,timeout,,,insufficient,,49.67,899.1,,,,,,,,failed
intel-tdx-module/tdh_sys_config__invalid_state_lp_state__cover_entry_havoc_object.yml,reach,unsafe,none,0,blind,full,uniform,2048,,0,timeout,,,inconclusive,,9.78,899.1,,,,,,,,failed
intel-tdx-module/tdh_sys_config__invalid_input_num_ptr__safety_requirement_havoc_memory.yml,reach,safe,mixed,22,blind,full,uniform,64,,5440,timeout,,,insufficient,,49.15,899.9,,,,,,,,failed
intel-tdx-module/tdh_sys_config__invalid_state_lp_state__cover_proof_havoc_object.yml,reach,unsafe,none,0,blind,full,,,,,timeout,,,,,,899.1,,,,,,,,no_prediction
intel-tdx-module/tdh_sys_config__invalid_state_lp_state__cover_exit_havoc_memory.yml,reach,unsafe,mixed,22,blind,full,uniform,64,,5440,timeout,,,insufficient,,48.8,899.8,,,,,,,,failed
intel-tdx-module/tdh_sys_config__invalid_state_lp_state__cover_proof_havoc_memory.yml,reach,unsafe,mixed,22,blind,full,uniform,64,,5440,timeout,,,insufficient,,48.65,899.8,,,,,,,,failed
intel-tdx-module/tdh_sys_config__invalid_state_lp_state__cover_exit_havoc_object.yml,reach,unsafe,none,0,blind,full,uniform,1,,0,timeout,,,inconclusive,,2.14,899.1,,,,,,,,failed
intel-tdx-module/tdh_sys_config__invalid_state_sys_state__cover_entry_havoc_object.yml,reach,unsafe,none,0,blind,full,uniform,64,,0,timeout,,,inconclusive,,2.9,899.2,,,,,,,,failed
intel-tdx-module/tdh_sys_config__invalid_state_lp_state__safety_requirement_havoc_memory.yml,reach,safe,mixed,22,blind,full,schedule,,check_all_pamt_overlap.0:63;check_pamt_overlaps_available_areas.0:64;check_tdmr_available_areas.0:16;check_tdmr_reserved_areas.0:16;complete_cpuid_handling.0:68;complete_cpuid_handling.1:4;copy_tdmr_info_entry.0:0;fv_setup_module_state.0:0;fv_setup_module_state.1:0;fv_setup_tdmr_info.0:64;fv_setup_tdmr_info.1:63;fv_teardown_with_check_tdmr_info.0:64;fv_teardown_with_check_tdmr_info.1:63;hash_table_find_entry.0:128;input_rcx_is_valid.0:64;input_rcx_is_valid.1:63;is_area_in_cmr.0:32;is_pamt_overlaps_available_area.0:16;set_tdmr_info_in_global_data.0:16;tdh_sys_config.0:64;tdh_sys_config__common_precond.0:64;tdh_sys_config__common_precond.1:64;tdh_sys_config__free.0:64,1264,timeout,,,insufficient,,50.58,899.7,,,,,,,,failed
intel-tdx-module/tdh_sys_config__invalid_state_lp_state__safety_requirement_havoc_object.yml,reach,safe,none,0,blind,full,uniform,2048,,0,timeout,,,inconclusive,,9.57,899.1,,,,,,,,failed
intel-tdx-module/tdh_sys_config__invalid_state_sys_state__cover_exit_havoc_memory.yml,reach,unsafe,mixed,22,blind,full,uniform,0,,0,timeout,,,insufficient,,7.11,899.8,,,,,,,,failed
intel-tdx-module/tdh_sys_config__invalid_state_sys_state__cover_proof_havoc_object.yml,reach,unsafe,none,0,blind,full,uniform,2048,,0,timeout,,,inconclusive,,9.54,899.2,,,,,,,,failed
intel-tdx-module/tdh_sys_config__invalid_state_sys_state__safety_requirement_havoc_memory.yml,reach,safe,mixed,22,blind,full,,,,,timeout,,,,,,899.1,,,,,,,,no_prediction
intel-tdx-module/tdh_sys_config__invalid_state_sys_state__cover_exit_havoc_object.yml,reach,unsafe,none,0,blind,full,uniform,1,,0,timeout,,,inconclusive,,2.17,899.2,,,,,,,,failed
intel-tdx-module/tdh_sys_config__invalid_state_sys_state__cover_entry_havoc_memory.yml,reach,unsafe,mixed,22,blind,full,uniform,64,,5440,timeout,,,insufficient,,50.62,900.0,,,,,,,,failed
intel-tdx-module/tdh_sys_config__invalid_state_tdmr_info__cover_entry_havoc_object.yml,reach,unsafe,none,0,blind,full,uniform,0,,0,timeout,,,inconclusive,,2.19,899.2,,,,,,,,failed
intel-tdx-module/tdh_sys_config__invalid_state_tdmr_info__cover_entry_havoc_memory.yml,reach,unsafe,mixed,22,blind,full,uniform,64,,5440,timeout,,,insufficient,,50.22,899.5,,,,,,,,failed
intel-tdx-module/tdh_sys_config__invalid_state_sys_state__safety_requirement_havoc_object.yml,reach,safe,none,0,blind,full,uniform,2048,,0,timeout,,,inconclusive,,9.49,899.2,,,,,,,,failed
intel-tdx-module/tdh_sys_config__invalid_state_sys_state__cover_proof_havoc_memory.yml,reach,unsafe,mixed,22,blind,full,,,,,timeout,,,,,,899.9,,,,,,,,no_prediction
intel-tdx-module/tdh_sys_config__invalid_state_tdmr_info__cover_exit_havoc_memory.yml,reach,unsafe,mixed,22,blind,full,uniform,64,,5440,timeout,,,insufficient,,50.21,899.6,,,,,,,,failed
intel-tdx-module/tdh_sys_config__invalid_state_tdmr_info__cover_proof_havoc_memory.yml,reach,unsafe,mixed,22,blind,full,uniform,128,,19072,timeout,,,timeout,,600.16,899.6,,,,,,,,verify_timeout
intel-tdx-module/tdh_sys_config__invalid_state_tdmr_info__safety_requirement_havoc_memory.yml,reach,safe,mixed,22,blind,full,uniform,64,,5440,timeout,,,insufficient,,49.79,899.8,,,,,,,,failed
intel-tdx-module/tdh_sys_config__invalid_state_tdmr_info__cover_exit_havoc_object.yml,reach,unsafe,none,0,blind,full,uniform,1,,0,timeout,,,inconclusive,,2.15,899.2,,,,,,,,failed
intel-tdx-module/tdh_sys_config__invalid_state_tdmr_info__safety_requirement_havoc_object.yml,reach,safe,none,0,blind,full,uniform,1,,0,timeout,,,inconclusive,,2.14,899.2,,,,,,,,failed
intel-tdx-module/tdh_sys_config__unconstrained__cover_exit_unsuccess_havoc_memory.yml,reach,unsafe,mixed,20,blind,full,uniform,1,,20,timeout,,,insufficient,,6.94,899.4,,,,,,,,failed
intel-tdx-module/tdh_sys_config__invalid_state_tdmr_info__cover_proof_havoc_object.yml,reach,unsafe,none,0,blind,full,,,,,timeout,,,,,,899.2,,,,,,,,no_prediction
intel-tdx-module/tdh_sys_config__unconstrained__cover_exit_unsuccess_havoc_object.yml,reach,unsafe,none,0,blind,full,uniform,0,,0,timeout,,,inconclusive,,2.14,899.2,,,,,,,,failed
intel-tdx-module/tdh_sys_config__unexpected__cover_entry_havoc_object.yml,reach,unsafe,none,0,blind,full,uniform,0,,0,timeout,,,inconclusive,,2.15,899.2,,,,,,,,failed
intel-tdx-module/tdh_sys_config__unexpected__cover_exit_havoc_object.yml,reach,unsafe,none,0,blind,full,uniform,0,,0,timeout,,,inconclusive,,2.14,899.2,,,,,,,,failed
intel-tdx-module/tdh_sys_config__unexpected__cover_entry_havoc_memory.yml,reach,unsafe,mixed,22,blind,full,schedule,,check_all_pamt_overlap.0:0;check_pamt_overlaps_available_areas.0:0;check_tdmr_available_areas.0:0;check_tdmr_reserved_areas.0:0;complete_cpuid_handling.0:0;complete_cpuid_handling.1:0;copy_tdmr_info_entry.0:0;fv_setup_module_state.0:0;fv_setup_module_state.1:0;fv_setup_tdmr_info.0:64;fv_setup_tdmr_info.1:63;fv_teardown_tdmr_info.0:0;fv_teardown_tdmr_info.1:0;hash_table_find_entry.0:0;input_rcx_is_valid.0:0;input_rcx_is_valid.1:0;is_area_in_cmr.0:0;is_pamt_overlaps_available_area.0:0;set_tdmr_info_in_global_data.0:0;tdh_sys_config.0:0;tdh_sys_config__common_precond.0:64;tdh_sys_config__free.0:0,191,timeout,,,insufficient,,49.33,899.2,,,,,,,,failed
intel-tdx-module/tdh_sys_config__unexpected__cover_proof_havoc_memory.yml,reach,unsafe,mixed,22,blind,full,uniform,64,,5440,timeout,,,insufficient,,50.08,900.0,,,,,,,,failed
intel-tdx-module/tdh_sys_config__unexpected__cover_exit_havoc_memory.yml,reach,unsafe,mixed,22,blind,full,uniform,68,,6052,timeout,,,timeout,,600.14,899.2,,,,,,,,verify_timeout
intel-tdx-module/tdh_sys_config__unexpected__cover_proof_havoc_object.yml,reach,unsafe,none,0,blind,full,uniform,2048,,0,timeout,,,inconclusive,,9.35,899.2,,,,,,,,failed
intel-tdx-module/tdh_sys_config__unexpected__safety_requirement_havoc_object.yml,reach,safe,none,0,blind,full,uniform,64,,0,timeout,,,inconclusive,,2.91,899.2,,,,,,,,failed
intel-tdx-module/tdh_sys_init__expected__cover_entry_havoc_memory.yml,reach,unsafe,mixed,12,blind,full,uniform,0,,0,found,0,,works,reach_error.assertion.1,6.84,8.4,1.23,,,,,,,works
intel-tdx-module/tdh_sys_config__unexpected__safety_requirement_havoc_memory.yml,reach,safe,mixed,22,blind,full,uniform,1,,22,timeout,,,insufficient,,6.96,900.0,,,,,,,,failed
intel-tdx-module/tdh_sys_init__expected__cover_exit_havoc_memory.yml,reach,unsafe,mixed,12,blind,full,uniform,68,,9928,found,0,,works,reach_error.assertion.1,6.91,8.6,1.24,,,,,,,works
intel-tdx-module/tdh_sys_init__expected__cover_entry_havoc_object.yml,reach,unsafe,none,0,blind,full,uniform,0,,0,timeout,,,inconclusive,,2.25,899.2,,,,,,,,failed
intel-tdx-module/tdh_sys_init__expected__cover_proof_havoc_memory.yml,reach,unsafe,mixed,12,blind,full,,,,,found,0,,,,,12.7,,,,,,,,no_prediction
intel-tdx-module/tdh_sys_init__expected__cover_exit_havoc_object.yml,reach,unsafe,none,0,blind,full,,,,,timeout,,,,,,899.2,,,,,,,,no_prediction
intel-tdx-module/tdh_sys_init__expected__cover_proof_havoc_object.yml,reach,unsafe,none,0,blind,full,uniform,8192,,0,timeout,,,timeout,,602.74,899.2,,,,,,,,verify_timeout
intel-tdx-module/tdh_sys_init__expected__safety_requirement_havoc_object.yml,reach,safe,none,0,blind,full,uniform,68,,0,timeout,,,inconclusive,,3.01,899.1,,,,,,,,failed
intel-tdx-module/tdh_sys_init__expected__safety_requirement_havoc_memory.yml,reach,safe,mixed,12,blind,full,,,,,timeout,,,,,,180.0,,,,,,,,no_prediction
intel-tdx-module/tdh_sys_init__invalid_input_rcx__cover_entry_havoc_memory.yml,reach,unsafe,mixed,12,blind,full,uniform,0,,0,found,0,,works,reach_error.assertion.1,6.65,8.3,1.25,,,,,,,works
intel-tdx-module/tdh_sys_init__invalid_input_rcx__cover_entry_havoc_object.yml,reach,unsafe,none,0,blind,full,uniform,0,,0,timeout,,,inconclusive,,2.26,899.0,,,,,,,,failed
intel-tdx-module/tdh_sys_init__invalid_input_rcx__cover_exit_havoc_object.yml,reach,unsafe,none,0,blind,full,uniform,0,,0,timeout,,,inconclusive,,2.26,899.1,,,,,,,,failed
intel-tdx-module/tdh_sys_init__invalid_input_rcx__cover_exit_havoc_memory.yml,reach,unsafe,mixed,12,blind,full,uniform,0,,0,found,0,,works,reach_error.assertion.1,6.94,8.5,1.22,,,,,,,works
intel-tdx-module/tdh_sys_init__invalid_input_rcx__safety_requirement_havoc_object.yml,reach,safe,none,0,blind,full,unbounded,,,,timeout,,,not_run,,,899.1,,,,,,,,abstain_unverified
intel-tdx-module/tdh_sys_init__invalid_input_rcx__cover_proof_havoc_memory.yml,reach,unsafe,mixed,12,blind,full,,,,,found,0,,,,,12.5,,,,,,,,no_prediction
intel-tdx-module/tdh_sys_init__invalid_input_rcx__cover_proof_havoc_object.yml,reach,unsafe,none,0,blind,full,uniform,0,,0,timeout,,,inconclusive,,2.32,899.1,,,,,,,,failed
intel-tdx-module/tdh_sys_init__invalid_state_sys_state__cover_entry_havoc_memory.yml,reach,unsafe,mixed,12,blind,full,uniform,0,,0,found,0,,works,reach_error.assertion.1,6.93,8.1,1.17,,,,,,,works
intel-tdx-module/tdh_sys_init__invalid_state_sys_state__cover_entry_havoc_object.yml,reach,unsafe,none,0,blind,full,uniform,0,,0,timeout,,,inconclusive,,2.3,899.1,,,,,,,,failed
intel-tdx-module/tdh_sys_init__invalid_state_sys_state__cover_exit_havoc_memory.yml,reach,unsafe,mixed,12,blind,full,schedule,,bit_scan_forward64.0:0;bit_scan_reverse64.0:0;check_and_store_smrr_smrr2.0:0;check_and_store_smrr_smrr2.1:0;check_and_store_smrr_smrr2.2:0;check_cmrs.0:0;check_cpuid_configurations.0:0;check_cpuid_configurations.1:0;fv_setup_module_state.0:0;fv_setup_module_state.1:0;init_handoff_data_region.0:0;tdx_init_stack_canary.0:0,0,found,0,,works,reach_error.assertion.1,7.3,8.3,1.14,,,,,,,works
intel-tdx-module/tdh_sys_init__invalid_state_sys_state__cover_exit_havoc_object.yml,reach,unsafe,none,0,blind,full,uniform,0,,0,timeout,,,inconclusive,,2.35,900.0,,,,,,,,failed
intel-tdx-module/tdh_sys_init__invalid_input_rcx__safety_requirement_havoc_memory.yml,reach,safe,mixed,12,blind,full,,,,,timeout,,,,,,180.1,,,,,,,,no_prediction
intel-tdx-module/tdh_sys_init__invalid_state_sys_state__cover_proof_havoc_object.yml,reach,unsafe,none,0,blind,full,uniform,2048,,0,timeout,,,inconclusive,,9.97,899.1,,,,,,,,failed
intel-tdx-module/tdh_sys_init__invalid_state_sys_state__safety_requirement_havoc_object.yml,reach,safe,none,0,blind,full,uniform,2048,,0,timeout,,,inconclusive,,9.96,899.1,,,,,,,,failed
intel-tdx-module/tdh_sys_init__invalid_state_sys_state__cover_proof_havoc_memory.yml,reach,unsafe,mixed,12,blind,full,,,,,found,0,,,,,12.3,,,,,,,,no_prediction
intel-tdx-module/tdh_sys_init__invalid_state_sys_state__safety_requirement_havoc_memory.yml,reach,safe,mixed,12,blind,full,,,,,timeout,,,,,,180.1,,,,,,,,no_prediction
intel-tdx-module/tdh_sys_init__unexpected__cover_entry_havoc_object.yml,reach,unsafe,none,0,blind,full,uniform,1,,0,timeout,,,inconclusive,,2.34,899.1,,,,,,,,failed
intel-tdx-module/tdh_sys_init__unexpected__cover_entry_havoc_memory.yml,reach,unsafe,mixed,12,blind,full,uniform,0,,0,found,0,,works,reach_error.assertion.1,7.25,8.0,1.1,,,,,,,works
intel-tdx-module/tdh_sys_init__unconstrained__cover_exit_unsuccess_havoc_memory.yml,reach,unsafe,mixed,12,blind,full,,,,,found,0,,,,,8.2,,,,,,,,no_prediction
intel-tdx-module/tdh_sys_init__unconstrained__cover_exit_unsuccess_havoc_object.yml,reach,unsafe,none,0,blind,full,uniform,0,,0,timeout,,,inconclusive,,2.36,899.2,,,,,,,,failed
intel-tdx-module/tdh_sys_init__unexpected__cover_exit_havoc_object.yml,reach,unsafe,none,0,blind,full,uniform,2048,,0,timeout,,,inconclusive,,9.88,899.2,,,,,,,,failed
intel-tdx-module/tdh_sys_init__unexpected__cover_exit_havoc_memory.yml,reach,unsafe,mixed,12,blind,full,,,,,found,0,,,,,8.2,,,,,,,,no_prediction
intel-tdx-module/tdh_sys_init__unexpected__cover_proof_havoc_memory.yml,reach,unsafe,mixed,12,blind,full,,,,,found,0,,,,,11.6,,,,,,,,no_prediction
intel-tdx-module/tdh_sys_init__unexpected__safety_requirement_havoc_memory.yml,reach,safe,mixed,12,blind,full,schedule,,bit_scan_forward64.0:64;bit_scan_reverse64.0:64;check_and_store_smrr_smrr2.0:2;check_and_store_smrr_smrr2.1:2;check_and_store_smrr_smrr2.2:32;check_cmrs.0:32;check_cpuid_configurations.0:68;check_cpuid_configurations.1:32;fv_setup_module_state.0:0;fv_setup_module_state.1:0;init_handoff_data_region.0:0;tdx_init_stack_canary.0:32,2498,timeout,,,timeout,,600.12,180.1,,,,,,,,verify_timeout
intel-tdx-module/tdh_sys_init__unexpected__safety_requirement_havoc_object.yml,reach,safe,none,0,blind,full,uniform,2048,,0,timeout,,,inconclusive,,10.08,899.1,,,,,,,,failed
intel-tdx-module/tdh_sys_init__unexpected__cover_proof_havoc_object.yml,reach,unsafe,none,0,blind,full,,,,,timeout,,,,,,899.1,,,,,,,,no_prediction
intel-tdx-module/tdh_sys_key_config__expected__cover_entry_havoc_memory.yml,reach,unsafe,constant,2,blind,full,schedule,,fv_setup_module_state.0:0;fv_setup_module_state.1:0,0,found,0,,works,reach_error.assertion.1,6.57,6.6,1.0,,,,,,,works
intel-tdx-module/tdh_sys_key_config__expected__cover_exit_havoc_memory.yml,reach,unsafe,constant,2,blind,full,schedule,,fv_setup_module_state.0:1;fv_setup_module_state.1:1,2,found,0,,works,reach_error.assertion.1,7.31,7.3,1.0,,,,,,,works
intel-tdx-module/tdh_sys_key_config__expected__cover_exit_havoc_object.yml,reach,unsafe,none,0,blind,full,uniform,2048,,0,timeout,,,inconclusive,,9.57,899.2,,,,,,,,failed
intel-tdx-module/tdh_sys_key_config__expected__cover_proof_havoc_memory.yml,reach,unsafe,constant,2,blind,full,uniform,0,,0,found,0,,works,reach_error.assertion.1,10.87,10.8,0.99,,,,,,,works
intel-tdx-module/tdh_sys_key_config__expected__cover_entry_havoc_object.yml,reach,unsafe,none,0,blind,full,uniform,0,,0,timeout,,,inconclusive,,2.09,900.2,,,,,,,,failed
intel-tdx-module/tdh_sys_key_config__expected__safety_requirement_havoc_memory.yml,reach,safe,constant,2,blind,full,uniform,0,,0,timeout,,,timeout,,600.04,180.1,,,,,,,,verify_timeout
intel-tdx-module/tdh_sys_key_config__expected__cover_proof_havoc_object.yml,reach,unsafe,none,0,blind,full,uniform,2048,,0,timeout,,,inconclusive,,9.58,899.2,,,,,,,,failed
intel-tdx-module/tdh_sys_key_config__invalid_state_sys_state__cover_entry_havoc_object.yml,reach,unsafe,none,0,blind,full,uniform,0,,0,timeout,,,inconclusive,,2.09,899.2,,,,,,,,failed
intel-tdx-module/tdh_sys_key_config__expected__safety_requirement_havoc_object.yml,reach,safe,none,0,blind,full,uniform,2048,,0,timeout,,,inconclusive,,9.56,899.2,,,,,,,,failed
intel-tdx-module/tdh_sys_key_config__invalid_state_sys_state__cover_exit_havoc_memory.yml,reach,unsafe,constant,2,blind,full,schedule,,fv_setup_module_state.0:1;fv_setup_module_state.1:1,2,found,0,,works,reach_error.assertion.1,7.21,7.3,1.01,,,,,,,works
intel-tdx-module/tdh_sys_key_config__invalid_state_sys_state__cover_entry_havoc_memory.yml,reach,unsafe,constant,2,blind,full,uniform,0,,0,found,0,,works,reach_error.assertion.1,6.6,6.6,1.0,,,,,,,works
intel-tdx-module/tdh_sys_key_config__invalid_state_sys_state__cover_proof_havoc_memory.yml,reach,unsafe,constant,2,blind,full,uniform,1,,2,found,0,,works,reach_error.assertion.1,11.0,11.1,1.01,,,,,,,works
intel-tdx-module/tdh_sys_key_config__invalid_state_sys_state__cover_proof_havoc_object.yml,reach,unsafe,none,0,blind,full,uniform,2048,,0,timeout,,,inconclusive,,9.6,899.2,,,,,,,,failed
intel-tdx-module/tdh_sys_key_config__invalid_state_sys_state__cover_exit_havoc_object.yml,reach,unsafe,none,0,blind,full,uniform,2048,,0,timeout,,,inconclusive,,9.55,899.2,,,,,,,,failed
intel-tdx-module/tdh_sys_key_config__invalid_state_sys_state__safety_requirement_havoc_memory.yml,reach,safe,constant,2,blind,full,schedule,,fv_setup_module_state.0:2048;fv_setup_module_state.1:8,2056,timeout,,,timeout,,600.13,180.1,,,,,,,,verify_timeout
intel-tdx-module/tdh_sys_key_config__invalid_state_sys_state__safety_requirement_havoc_object.yml,reach,safe,none,0,blind,full,uniform,0,,0,timeout,,,inconclusive,,2.08,899.2,,,,,,,,failed
intel-tdx-module/tdh_sys_key_config__unconstrained__cover_exit_unsuccess_havoc_memory.yml,reach,unsafe,constant,2,blind,full,uniform,0,,0,found,0,,works,reach_error.assertion.1,7.16,7.3,1.02,,,,,,,works
intel-tdx-module/tdh_sys_key_config__unconstrained__cover_exit_unsuccess_havoc_object.yml,reach,unsafe,none,0,blind,full,uniform,0,,0,timeout,,,inconclusive,,2.09,899.2,,,,,,,,failed
intel-tdx-module/tdh_sys_key_config__unexpected__cover_entry_havoc_object.yml,reach,unsafe,none,0,blind,full,uniform,1,,0,timeout,,,inconclusive,,2.08,899.2,,,,,,,,failed
intel-tdx-module/tdh_sys_key_config__unexpected__cover_exit_havoc_object.yml,reach,unsafe,none,0,blind,full,uniform,0,,0,timeout,,,inconclusive,,2.09,899.2,,,,,,,,failed
intel-tdx-module/tdh_sys_key_config__unexpected__cover_entry_havoc_memory.yml,reach,unsafe,constant,2,blind,full,uniform,1,,2,found,0,,works,reach_error.assertion.1,6.44,6.5,1.01,,,,,,,works
intel-tdx-module/tdh_sys_key_config__unexpected__cover_exit_havoc_memory.yml,reach,unsafe,constant,2,blind,full,uniform,0,,0,found,0,,works,reach_error.assertion.1,7.12,7.5,1.05,,,,,,,works
intel-tdx-module/tdh_sys_key_config__unexpected__safety_requirement_havoc_memory.yml,reach,safe,constant,2,blind,full,,,,,timeout,,,,,,180.1,,,,,,,,no_prediction
intel-tdx-module/tdh_sys_key_config__unexpected__cover_proof_havoc_memory.yml,reach,unsafe,constant,2,blind,full,uniform,0,,0,found,0,,works,reach_error.assertion.1,10.79,11.2,1.04,,,,,,,works
intel-tdx-module/tdh_sys_shutdown__expected__cover_entry_havoc_memory.yml,reach,unsafe,mixed,4,blind,full,uniform,0,,0,found,0,,works,reach_error.assertion.1,6.72,6.9,1.03,,,,,,,works
intel-tdx-module/tdh_sys_key_config__unexpected__safety_requirement_havoc_object.yml,reach,safe,none,0,blind,full,uniform,2048,,0,timeout,,,inconclusive,,9.62,899.1,,,,,,,,failed
intel-tdx-module/tdh_sys_key_config__unexpected__cover_proof_havoc_object.yml,reach,unsafe,none,0,blind,full,uniform,0,,0,timeout,,,inconclusive,,2.11,899.2,,,,,,,,failed
intel-tdx-module/tdh_sys_shutdown__expected__cover_entry_havoc_object.yml,reach,unsafe,none,0,blind,full,uniform,2048,,0,timeout,,,inconclusive,,9.61,899.2,,,,,,,,failed
intel-tdx-module/tdh_sys_shutdown__expected__cover_proof_havoc_memory.yml,reach,unsafe,mixed,4,blind,full,uniform,0,,0,found,0,,works,reach_error.assertion.1,10.97,11.1,1.01,,,,,,,works
intel-tdx-module/tdh_sys_shutdown__expected__safety_requirement_havoc_memory.yml,reach,safe,mixed,4,blind,full,unbounded,,,,timeout,,,not_run,,,180.1,,,,,,,,abstain_unverified
intel-tdx-module/tdh_sys_shutdown__expected__cover_exit_havoc_memory.yml,reach,unsafe,mixed,4,blind,full,uniform,1,,4,found,0,,works,reach_error.assertion.1,7.32,7.6,1.04,,,,,,,works
intel-tdx-module/tdh_sys_shutdown__expected__cover_exit_havoc_object.yml,reach,unsafe,none,0,blind,full,uniform,1,,0,timeout,,,inconclusive,,2.11,899.2,,,,,,,,failed
intel-tdx-module/tdh_sys_shutdown__expected__cover_proof_havoc_object.yml,reach,unsafe,none,0,blind,full,uniform,2048,,0,timeout,,,inconclusive,,9.54,899.2,,,,,,,,failed
intel-tdx-module/tdh_sys_shutdown__expected__safety_requirement_havoc_object.yml,reach,safe,none,0,blind,full,unbounded,,,,timeout,,,not_run,,,899.2,,,,,,,,abstain_unverified
intel-tdx-module/tdh_sys_shutdown__invalid_input_handoff_no_downgrade__cover_entry_havoc_object.yml,reach,unsafe,none,0,blind,full,uniform,0,,0,timeout,,,inconclusive,,2.1,899.2,,,,,,,,failed
intel-tdx-module/tdh_sys_shutdown__invalid_input_handoff_no_downgrade__cover_entry_havoc_memory.yml,reach,unsafe,mixed,4,blind,full,schedule,,fv_setup_module_state.0:1;fv_setup_module_state.1:1;init_handoff_data_region.0:0;tdh_sys_shutdown.0:0,2,found,0,,works,reach_error.assertion.1,6.8,6.9,1.01,,,,,,,works
intel-tdx-module/tdh_sys_shutdown__invalid_input_handoff_no_downgrade__cover_exit_havoc_memory.yml,reach,unsafe,mixed,4,blind,full,uniform,1,,4,found,0,,works,reach_error.assertion.1,7.29,7.5,1.03,,,,,,,works
intel-tdx-module/tdh_sys_shutdown__invalid_input_handoff_no_downgrade__cover_proof_havoc_memory.yml,reach,unsafe,mixed,4,blind,full,schedule,,fv_setup_module_state.0:0;fv_setup_module_state.1:0;init_handoff_data_region.0:0;tdh_sys_shutdown.0:1,1,found,0,,works,reach_error.assertion.1,11.01,11.3,1.03,,,,,,,works
intel-tdx-module/tdh_sys_shutdown__invalid_input_handoff_no_downgrade__cover_exit_havoc_object.yml,reach,unsafe,none,0,blind,full,uniform,2048,,0,timeout,,,inconclusive,,10.19,899.1,,,,,,,,failed
intel-tdx-module/tdh_sys_shutdown__invalid_input_handoff_no_downgrade__safety_requirement_havoc_object.yml,reach,safe,none,0,blind,full,uniform,0,,0,timeout,,,inconclusive,,2.14,899.1,,,,,,,,failed
intel-tdx-module/tdh_sys_shutdown__invalid_input_handoff_no_downgrade__cover_proof_havoc_object.yml,reach,unsafe,none,0,blind,full,uniform,0,,0,timeout,,,inconclusive,,2.12,899.1,,,,,,,,failed
intel-tdx-module/tdh_sys_shutdown__invalid_input_handoff_range__cover_entry_havoc_memory.yml,reach,unsafe,mixed,4,blind,full,,,,,found,0,,,,,7.1,,,,,,,,no_prediction
intel-tdx-module/tdh_sys_shutdown__invalid_input_handoff_range__cover_entry_havoc_object.yml,reach,unsafe,none,0,blind,full,,,,,timeout,,,,,,899.1,,,,,,,,no_prediction
intel-tdx-module/tdh_sys_shutdown__invalid_input_handoff_range__cover_exit_havoc_object.yml,reach,unsafe,none,0,blind,full,,,,,timeout,,,,,,899.1,,,,,,,,no_prediction
intel-tdx-module/tdh_sys_shutdown__invalid_input_handoff_no_downgrade__safety_requirement_havoc_memory.yml,reach,safe,mixed,4,blind,full,unbounded,,,,timeout,,,not_run,,,180.1,,,,,,,,abstain_unverified
intel-tdx-module/tdh_sys_shutdown__invalid_input_handoff_range__cover_proof_havoc_object.yml,reach,unsafe,none,0,blind,full,unbounded,,,,timeout,,,not_run,,,899.1,,,,,,,,abstain_unverified
intel-tdx-module/tdh_sys_shutdown__invalid_input_handoff_range__safety_requirement_havoc_object.yml,reach,safe,none,0,blind,full,unbounded,,,,timeout,,,not_run,,,899.1,,,,,,,,abstain_unverified
intel-tdx-module/tdh_sys_shutdown__invalid_input_handoff_range__safety_requirement_havoc_memory.yml,reach,safe,mixed,4,blind,full,unbounded,,,,timeout,,,not_run,,,180.1,,,,,,,,abstain_unverified
intel-tdx-module/tdh_sys_shutdown__invalid_input_handoff_range__cover_proof_havoc_memory.yml,reach,unsafe,mixed,4,blind,full,uniform,0,,0,found,0,,works,reach_error.assertion.1,10.88,11.5,1.06,,,,,,,works
intel-tdx-module/tdh_sys_shutdown__invalid_input_handoff_range__cover_exit_havoc_memory.yml,reach,unsafe,mixed,4,blind,full,uniform,1,,4,found,0,,works,reach_error.assertion.1,7.26,7.7,1.06,,,,,,,works
intel-tdx-module/tdh_sys_shutdown__unconstrained__cover_exit_unsuccess_havoc_object.yml,reach,unsafe,none,0,blind,full,,,,,timeout,,,,,,899.1,,,,,,,,no_prediction
intel-tdx-module/tdh_sys_shutdown__unconstrained__cover_exit_unsuccess_havoc_memory.yml,reach,unsafe,mixed,4,blind,full,unbounded,,,,found,0,,not_run,,,7.6,,,,,,,,abstain_unverified
intel-tdx-module/tdh_sys_shutdown__unexpected__cover_entry_havoc_memory.yml,reach,unsafe,mixed,4,blind,full,uniform,0,,0,found,0,,works,reach_error.assertion.1,6.76,7.1,1.05,,,,,,,works
intel-tdx-module/tdh_sys_shutdown__unexpected__cover_entry_havoc_object.yml,reach,unsafe,none,0,blind,full,uniform,0,,0,timeout,,,inconclusive,,2.1,899.1,,,,,,,,failed
intel-tdx-module/tdh_sys_shutdown__unexpected__cover_exit_havoc_memory.yml,reach,unsafe,mixed,4,blind,full,uniform,1,,4,found,0,,works,reach_error.assertion.1,7.28,7.7,1.06,,,,,,,works
intel-tdx-module/tdh_sys_shutdown__unexpected__cover_exit_havoc_object.yml,reach,unsafe,none,0,blind,full,,,,,timeout,,,,,,899.1,,,,,,,,no_prediction
intel-tdx-module/tdh_sys_shutdown__unexpected__cover_proof_havoc_memory.yml,reach,unsafe,mixed,4,blind,full,uniform,1,,4,found,0,,works,reach_error.assertion.1,11.08,11.6,1.05,,,,,,,works
intel-tdx-module/tdh_sys_shutdown__unexpected__safety_requirement_havoc_object.yml,reach,safe,none,0,blind,full,unbounded,,,,timeout,,,not_run,,,899.1,,,,,,,,abstain_unverified
intel-tdx-module/tdh_sys_shutdown__unexpected__safety_requirement_havoc_memory.yml,reach,safe,mixed,4,blind,full,uniform,0,,0,timeout,,,timeout,,600.13,180.1,,,,,,,,verify_timeout
intel-tdx-module/tdh_sys_update__expected__cover_entry_havoc_memory.yml,reach,unsafe,constant,5,blind,full,schedule,,complete_cpuid_handling.0:0;complete_cpuid_handling.1:0;fv_setup_module_state.0:0;fv_setup_module_state.1:0;init_handoff_data_region.0:0,0,found,0,,works,reach_error.assertion.1,6.95,7.3,1.05,,,,,,,works
intel-tdx-module/tdh_sys_shutdown__unexpected__cover_proof_havoc_object.yml,reach,unsafe,none,0,blind,full,uniform,1,,0,timeout,,,inconclusive,,2.12,899.1,,,,,,,,failed
intel-tdx-module/tdh_sys_update__expected__cover_entry_havoc_object.yml,reach,unsafe,none,0,blind,full,uniform,8,,0,timeout,,,inconclusive,,2.2,899.1,,,,,,,,failed
intel-tdx-module/tdh_sys_update__expected__cover_proof_havoc_object.yml,reach,unsafe,none,0,blind,full,uniform,68,,0,timeout,,,inconclusive,,2.96,899.1,,,,,,,,failed
intel-tdx-module/tdh_sys_update__expected__cover_proof_havoc_memory.yml,reach,unsafe,constant,5,blind,full,schedule,,complete_cpuid_handling.0:68;complete_cpuid_handling.1:4;fv_setup_module_state.0:0;fv_setup_module_state.1:0;init_handoff_data_region.0:0,276,found,0,,works,reach_error.assertion.1,144.23,146.5,1.02,,,,,,,works
intel-tdx-module/tdh_sys_update__expected__cover_exit_havoc_memory.yml,reach,unsafe,constant,5,blind,full,schedule,,complete_cpuid_handling.0:68;complete_cpuid_handling.1:4;fv_setup_module_state.0:0;fv_setup_module_state.1:0;init_handoff_data_region.0:0,276,found,0,,works,reach_error.assertion.1,126.83,136.6,1.08,,,,,,,works
intel-tdx-module/tdh_sys_update__expected__safety_requirement_havoc_memory.yml,reach,safe,constant,5,blind,full,uniform,68,,4896,timeout,,,timeout,,600.16,180.1,,,,,,,,verify_timeout
intel-tdx-module/tdh_sys_update__expected__safety_requirement_havoc_object.yml,reach,safe,none,0,blind,full,uniform,2048,,0,timeout,,,inconclusive,,9.5,899.1,,,,,,,,failed
intel-tdx-module/tdh_sys_update__invalid_state_handoff_data__cover_entry_havoc_memory.yml,reach,unsafe,constant,5,blind,full,uniform,0,,0,found,0,,works,reach_error.assertion.1,7.2,7.5,1.04,,,,,,,works
intel-tdx-module/tdh_sys_update__expected__cover_exit_havoc_object.yml,reach,unsafe,none,0,blind,full,uniform,2048,,0,timeout,,,inconclusive,,9.85,899.1,,,,,,,,failed
intel-tdx-module/tdh_sys_update__invalid_state_handoff_data__cover_proof_havoc_memory.yml,reach,unsafe,constant,5,blind,full,uniform,0,,0,found,0,,works,reach_error.assertion.1,171.62,138.0,0.8,,,,,,,works
intel-tdx-module/tdh_sys_update__invalid_state_handoff_data__cover_exit_havoc_memory.yml,reach,unsafe,constant,5,blind,full,schedule,,complete_cpuid_handling.0:68;complete_cpuid_handling.1:4;fv_setup_module_state.0:0;fv_setup_module_state.1:0;init_handoff_data_region.0:0,276,found,0,,works,reach_error.assertion.1,175.75,152.7,0.87,,,,,,,works
intel-tdx-module/tdh_sys_update__invalid_state_handoff_data__cover_exit_havoc_object.yml,reach,unsafe,none,0,blind,full,unbounded,,,,timeout,,,not_run,,,899.2,,,,,,,,abstain_unverified
intel-tdx-module/tdh_sys_update__invalid_state_handoff_data__cover_entry_havoc_object.yml,reach,unsafe,none,0,blind,full,uniform,2048,,0,timeout,,,inconclusive,,9.68,899.2,,,,,,,,failed
intel-tdx-module/tdh_sys_update__invalid_state_handoff_version__cover_entry_havoc_memory.yml,reach,unsafe,constant,5,blind,full,uniform,0,,0,found,0,,works,reach_error.assertion.1,7.28,7.5,1.03,,,,,,,works
intel-tdx-module/tdh_sys_update__invalid_state_handoff_data__safety_requirement_havoc_memory.yml,reach,safe,constant,5,blind,full,uniform,68,,4896,timeout,,,timeout,,600.16,180.1,,,,,,,,verify_timeout
intel-tdx-module/tdh_sys_update__invalid_state_handoff_data__safety_requirement_havoc_object.yml,reach,safe,none,0,blind,full,uniform,2048,,0,timeout,,,inconclusive,,9.65,899.2,,,,,,,,failed
intel-tdx-module/tdh_sys_update__invalid_state_handoff_data__cover_proof_havoc_object.yml,reach,unsafe,none,0,blind,full,uniform,2048,,0,timeout,,,inconclusive,,9.72,899.2,,,,,,,,failed
intel-tdx-module/tdh_sys_update__invalid_state_handoff_version__cover_exit_havoc_memory.yml,reach,unsafe,constant,5,blind,full,uniform,0,,0,found,0,,works,reach_error.assertion.1,129.49,148.8,1.15,,,,,,,works
intel-tdx-module/tdh_sys_update__invalid_state_handoff_version__cover_entry_havoc_object.yml,reach,unsafe,none,0,blind,full,uniform,2048,,0,timeout,,,inconclusive,,9.69,899.1,,,,,,,,failed
intel-tdx-module/tdh_sys_update__invalid_state_handoff_version__cover_exit_havoc_object.yml,reach,unsafe,none,0,blind,full,uniform,0,,0,timeout,,,inconclusive,,2.22,899.2,,,,,,,,failed
intel-tdx-module/tdh_sys_update__invalid_state_handoff_version__cover_proof_havoc_object.yml,reach,unsafe,none,0,blind,full,uniform,0,,0,timeout,,,inconclusive,,2.22,899.2,,,,,,,,failed
intel-tdx-module/tdh_sys_update__invalid_state_handoff_version__safety_requirement_havoc_memory.yml,reach,safe,constant,5,blind,full,schedule,,complete_cpuid_handling.0:68;complete_cpuid_handling.1:4;fv_setup_module_state.0:0;fv_setup_module_state.1:0;init_handoff_data_region.0:0,276,timeout,,,timeout,,600.17,180.2,,,,,,,,verify_timeout
intel-tdx-module/tdh_sys_update__invalid_state_handoff_version__cover_proof_havoc_memory.yml,reach,unsafe,constant,5,blind,full,schedule,,complete_cpuid_handling.0:0;complete_cpuid_handling.1:0;fv_setup_module_state.0:0;fv_setup_module_state.1:0;init_handoff_data_region.0:0,0,found,0,,works,reach_error.assertion.1,180.48,125.8,0.7,,,,,,,works
intel-tdx-module/tdh_sys_update__invalid_state_handoff_version__safety_requirement_havoc_object.yml,reach,safe,none,0,blind,full,unbounded,,,,timeout,,,not_run,,,899.2,,,,,,,,abstain_unverified
intel-tdx-module/tdh_sys_update__invalid_state_lp_state__cover_entry_havoc_object.yml,reach,unsafe,none,0,blind,full,uniform,0,,0,timeout,,,inconclusive,,2.23,899.2,,,,,,,,failed
intel-tdx-module/tdh_sys_update__invalid_state_lp_state__cover_entry_havoc_memory.yml,reach,unsafe,constant,5,blind,full,uniform,0,,0,found,0,,works,reach_error.assertion.1,7.26,7.5,1.03,,,,,,,works
intel-tdx-module/tdh_sys_update__invalid_state_lp_state__cover_exit_havoc_memory.yml,reach,unsafe,constant,5,blind,full,uniform,0,,0,found,0,,works,reach_error.assertion.1,146.47,162.1,1.11,,,,,,,works
intel-tdx-module/tdh_sys_update__invalid_state_lp_state__cover_proof_havoc_memory.yml,reach,unsafe,constant,5,blind,full,uniform,0,,0,found,0,,works,reach_error.assertion.1,172.13,141.9,0.82,,,,,,,works
intel-tdx-module/tdh_sys_update__invalid_state_lp_state__safety_requirement_havoc_object.yml,reach,safe,none,0,blind,full,,,,,timeout,,,,,,899.2,,,,,,,,no_prediction
intel-tdx-module/tdh_sys_update__invalid_state_lp_state__cover_exit_havoc_object.yml,reach,unsafe,none,0,blind,full,unbounded,,,,timeout,,,not_run,,,899.2,,,,,,,,abstain_unverified
intel-tdx-module/tdh_sys_update__invalid_state_sys_state__cover_entry_havoc_memory.yml,reach,unsafe,constant,5,blind,full,uniform,0,,0,found,0,,works,reach_error.assertion.1,7.29,7.6,1.04,,,,,,,works
intel-tdx-module/tdh_sys_update__invalid_state_lp_state__safety_requirement_havoc_memory.yml,reach,safe,constant,5,blind,full,schedule,,complete_cpuid_handling.0:68;complete_cpuid_handling.1:4;fv_setup_module_state.0:0;fv_setup_module_state.1:0;init_handoff_data_region.0:0,276,timeout,,,timeout,,600.1,180.2,,,,,,,,verify_timeout
intel-tdx-module/tdh_sys_update__invalid_state_lp_state__cover_proof_havoc_object.yml,reach,unsafe,none,0,blind,full,uniform,0,,0,timeout,,,inconclusive,,2.23,899.2,,,,,,,,failed
intel-tdx-module/tdh_sys_update__invalid_state_sys_state__cover_proof_havoc_memory.yml,reach,unsafe,constant,5,blind,full,,,,,found,0,,,,,165.1,,,,,,,,no_prediction
intel-tdx-module/tdh_sys_update__invalid_state_sys_state__cover_exit_havoc_memory.yml,reach,unsafe,constant,5,blind,full,schedule,,complete_cpuid_handling.0:68;complete_cpuid_handling.1:4;fv_setup_module_state.0:0;fv_setup_module_state.1:0;init_handoff_data_region.0:0,276,found,0,,works,reach_error.assertion.1,139.2,149.0,1.07,,,,,,,works
intel-tdx-module/tdh_sys_update__invalid_state_sys_state__cover_entry_havoc_object.yml,reach,unsafe,none,0,blind,full,unbounded,,,,timeout,,,not_run,,,899.2,,,,,,,,abstain_unverified
intel-tdx-module/tdh_sys_update__invalid_state_sys_state__cover_proof_havoc_object.yml,reach,unsafe,none,0,blind,full,,,,,timeout,,,,,,899.3,,,,,,,,no_prediction
intel-tdx-module/tdh_sys_update__invalid_state_sys_state__safety_requirement_havoc_object.yml,reach,safe,none,0,blind,full,,,,,timeout,,,,,,899.2,,,,,,,,no_prediction
intel-tdx-module/tdh_sys_update__invalid_state_sys_state__cover_exit_havoc_object.yml,reach,unsafe,none,0,blind,full,uniform,68,,0,timeout,,,inconclusive,,3.01,899.2,,,,,,,,failed
intel-tdx-module/tdh_sys_update__unconstrained__cover_exit_unsuccess_havoc_memory.yml,reach,unsafe,constant,5,blind,full,,,,,found,0,,,,,148.6,,,,,,,,no_prediction
intel-tdx-module/tdh_sys_update__invalid_state_sys_state__safety_requirement_havoc_memory.yml,reach,safe,constant,5,blind,full,schedule,,complete_cpuid_handling.0:68;complete_cpuid_handling.1:4;fv_setup_module_state.0:0;fv_setup_module_state.1:0;init_handoff_data_region.0:0,276,timeout,,,timeout,,600.16,180.1,,,,,,,,verify_timeout
intel-tdx-module/tdh_sys_update__unexpected__cover_entry_havoc_object.yml,reach,unsafe,none,0,blind,full,uniform,0,,0,timeout,,,inconclusive,,2.23,899.7,,,,,,,,failed
intel-tdx-module/tdh_sys_update__unexpected__cover_entry_havoc_memory.yml,reach,unsafe,constant,5,blind,full,uniform,0,,0,found,0,,works,reach_error.assertion.1,7.22,7.6,1.05,,,,,,,works
intel-tdx-module/tdh_sys_update__unexpected__cover_exit_havoc_object.yml,reach,unsafe,none,0,blind,full,unbounded,,,,timeout,,,not_run,,,899.7,,,,,,,,abstain_unverified
intel-tdx-module/tdh_sys_update__unconstrained__cover_exit_unsuccess_havoc_object.yml,reach,unsafe,none,0,blind,full,uniform,0,,0,timeout,,,inconclusive,,2.2,899.9,,,,,,,,failed
intel-tdx-module/tdh_sys_update__unexpected__cover_proof_havoc_object.yml,reach,unsafe,none,0,blind,full,,,,,timeout,,,,,,899.7,,,,,,,,no_prediction
intel-tdx-module/tdh_sys_update__unexpected__cover_exit_havoc_memory.yml,reach,unsafe,constant,5,blind,full,uniform,68,,4896,found,0,,works,reach_error.assertion.1,140.15,151.7,1.08,,,,,,,works
intel-tdx-module/tdh_sys_update__unexpected__safety_requirement_havoc_memory.yml,reach,safe,constant,5,blind,full,,,,,timeout,,,,,,180.1,,,,,,,,no_prediction
intel-tdx-module/tdh_sys_update__unexpected__safety_requirement_havoc_object.yml,reach,safe,none,0,blind,full,,,,,timeout,,,,,,899.7,,,,,,,,no_prediction
intel-tdx-module/tdh_vp_enter__expected__cover_entry_havoc_object.yml,reach,unsafe,none,0,blind,full,,,,,timeout,,,,,,899.7,,,,,,,,no_prediction
intel-tdx-module/tdh_vp_enter__invalid_input_vcpu_handle__cover_entry_havoc_memory.yml,reach,unsafe,mixed,29,blind,full,,,,,timeout,,,,,,206.3,,,,,,,,no_prediction
intel-tdx-module/tdh_sys_update__unexpected__cover_proof_havoc_memory.yml,reach,unsafe,constant,5,blind,full,schedule,,complete_cpuid_handling.0:68;complete_cpuid_handling.1:4;fv_setup_module_state.0:0;fv_setup_module_state.1:0;init_handoff_data_region.0:0,276,found,0,,works,reach_error.assertion.1,180.06,136.9,0.76,,,,,,,works
intel-tdx-module/tdh_vp_enter__invalid_input_vcpu_handle__cover_entry_havoc_object.yml,reach,unsafe,none,0,blind,full,uniform,0,,0,timeout,,,inconclusive,,2.84,899.7,,,,,,,,failed
intel-tdx-module/tdh_vp_enter__expected__cover_entry_havoc_memory.yml,reach,unsafe,mixed,29,blind,full,uniform,128,,3712,timeout,,,timeout,,603.11,206.1,,,,,,,,verify_timeout
intel-tdx-module/tdh_vp_enter__invalid_input_vcpu_handle__cover_exit_havoc_memory.yml,reach,unsafe,mixed,29,blind,full,uniform,0,,0,timeout,,,insufficient,,13.02,206.8,,,,,,,,failed
intel-tdx-module/tdh_vp_enter__invalid_input_vcpu_handle__cover_proof_havoc_object.yml,reach,unsafe,none,0,blind,full,,,,,timeout,,,,,,899.4,,,,,,,,no_prediction
intel-tdx-module/tdh_vp_enter__invalid_input_vcpu_handle__safety_requirement_havoc_memory.yml,reach,safe,mixed,29,blind,full,,,,,timeout,,,,,,206.9,,,,,,,,no_prediction
intel-tdx-module/tdh_vp_enter__invalid_input_vcpu_handle__cover_exit_havoc_object.yml,reach,unsafe,none,0,blind,full,uniform,0,,0,timeout,,,inconclusive,,2.81,899.7,,,,,,,,failed
intel-tdx-module/tdh_vp_enter__invalid_input_vcpu_handle__cover_proof_havoc_memory.yml,reach,unsafe,mixed,29,blind,full,uniform,0,,0,timeout,,,insufficient,,12.85,207.5,,,,,,,,failed
intel-tdx-module/tdh_vp_enter__invalid_state_lifecycle__cover_entry_havoc_memory.yml,reach,unsafe,mixed,29,blind,full,uniform,128,,3712,timeout,,,timeout,,637.02,206.0,,,,,,,,verify_timeout
intel-tdx-module/tdh_vp_enter__invalid_state_lifecycle__cover_entry_havoc_object.yml,reach,unsafe,none,0,blind,full,uniform,0,,0,timeout,,,inconclusive,,2.79,899.6,,,,,,,,failed
intel-tdx-module/tdh_vp_enter__invalid_state_lifecycle__cover_exit_havoc_memory.yml,reach,unsafe,mixed,29,blind,full,schedule,,clear_lp_host_state_flags.0:4;clear_module_host_state_flags.0:4;fill_keyhole_pte.0:1;flush_all_td_asids.0:5;fv_setup_module_state.0:1;fv_setup_module_state.1:1;fv_setup_tdcs.0:1;fv_setup_tdr.0:1;fv_setup_tdvps.0:1;gpa_translate.0:5;hash_pa.0:1;hash_table_find_entry.0:128;hash_table_insert_entry.0:1;hash_table_remove_entry.0:128;invalidate_all_gpa_translations.0:5;load_vmm_state_before_td_exit.0:0;load_vmm_state_before_td_exit.1:0;load_vmm_state_before_td_exit.2:0;load_xmms_by_mask.0:0;lru_cache_add_head_entry.0:1;lru_cache_remove_entry.0:1;map_continuous_pages.0:128;map_pa.0:128;map_pa.1:128;map_pa.2:128;map_pa.3:128;map_pa_with_memtype.0:128;pamt_get_block.0:64;restore_guest_td_state_before_td_entry.0:0;restore_guest_td_state_before_td_entry.1:0;restore_guest_td_state_before_td_entry.2:0;save_guest_td_state_before_td_exit.0:0;save_guest_td_state_before_td_exit.1:0;save_guest_td_state_before_td_exit.2:0;save_regs_after_tdvmcall.0:0;save_xmms_by_mask.0:0;secure_ept_walk.0:5;td_entry_stepping_filter.0:32;tdx_memcmp_to_zero.0:512;tdx_memcmp_to_zero.1:7,1677,timeout,,,timeout,,614.05,207.1,,,,,,,,verify_timeout
intel-tdx-module/tdh_vp_enter__invalid_input_vcpu_handle__safety_requirement_havoc_object.yml,reach,safe,none,0,blind,full,uniform,16,,0,timeout,,,inconclusive,,2.85,899.6,,,,,,,,failed
intel-tdx-module/tdh_vp_enter__invalid_state_lifecycle__safety_requirement_havoc_memory.yml,reach,safe,mixed,29,blind,full,uniform,128,,3712,timeout,,,timeout,,602.68,206.6,,,,,,,,verify_timeout
intel-tdx-module/tdh_vp_enter__invalid_state_lifecycle__cover_proof_havoc_object.yml,reach,unsafe,none,0,blind,full,uniform,128,,0,timeout,,,inconclusive,,4.09,899.6,,,,,,,,failed
intel-tdx-module/tdh_vp_enter__invalid_state_lifecycle__cover_exit_havoc_object.yml,reach,unsafe,none,0,blind,full,uniform,0,,0,timeout,,,inconclusive,,2.8,899.6,,,,,,,,failed
intel-tdx-module/tdh_vp_enter__invalid_state_num_tdcx__cover_entry_havoc_memory.yml,reach,safe,mixed,29,blind,full,uniform,64,,1856,found,0,,timeout,,602.05,6.2,,,,,,,,verify_timeout
intel-tdx-module/tdh_vp_enter__invalid_state_num_tdcx__cover_exit_havoc_memory.yml,reach,safe,mixed,29,blind,full,uniform,128,,3712,found,0,,timeout,,603.19,6.4,,,,,,,,verify_timeout
intel-tdx-module/tdh_vp_enter__invalid_state_lifecycle__cover_proof_havoc_memory.yml,reach,unsafe,mixed,29,blind,full,schedule,,clear_lp_host_state_flags.0:4;clear_module_host_state_flags.0:4;flush_all_td_asids.0:5;fv_setup_module_state.0:1;fv_setup_module_state.1:1;fv_setup_tdcs.0:1;fv_setup_tdr.0:1;fv_setup_tdvps.0:1;gpa_translate.0:0;hash_table_find_entry.0:0;init_all_dr_opt.0:4;invalidate_all_gpa_translations.0:5;load_vmm_state_before_td_exit.0:0;load_vmm_state_before_td_exit.1:0;load_vmm_state_before_td_exit.2:0;load_xmms_by_mask.0:16;map_continuous_pages.0:34;pamt_get_block.0:64;pamt_implicit_get.0:1;pamt_implicit_get_and_lock.0:1;pamt_implicit_release_lock.0:1;pamt_unwalk.0:1;pamt_unwalk.1:1;pamt_unwalk.2:1;pamt_walk.0:1;pamt_walk.1:1;restore_guest_td_state_before_td_entry.0:0;restore_guest_td_state_before_td_entry.1:0;restore_guest_td_state_before_td_entry.2:0;save_guest_td_state_before_td_exit.0:0;save_guest_td_state_before_td_exit.1:0;save_guest_td_state_before_td_exit.2:0;save_regs_after_tdvmcall.0:14;save_regs_after_tdvmcall.1:1;save_regs_after_tdvmcall.2:1;save_xmms_by_mask.0:16;secure_ept_walk.0:0;td_entry_stepping_filter.0:255;tdx_memcmp_to_zero.0:512;tdx_memcmp_to_zero.1:7,955,timeout,,,timeout,,603.73,206.7,,,,,,,,verify_timeout
intel-tdx-module/tdh_vp_enter__invalid_state_num_tdcx__cover_entry_havoc_object.yml,reach,safe,none,0,blind,full,uniform,0,,0,timeout,,,inconclusive,,132.42,899.6,,,,,,,,failed
intel-tdx-module/tdh_vp_enter__invalid_state_lifecycle__safety_requirement_havoc_object.yml,reach,safe,none,0,blind,full,unbounded,,,,timeout,,,not_run,,,899.6,,,,,,,,abstain_unverified
intel-tdx-module/tdh_vp_enter__invalid_state_num_tdcx__cover_exit_havoc_object.yml,reach,safe,none,0,blind,full,uniform,1,,0,timeout,,,inconclusive,,2.83,899.6,,,,,,,,failed
intel-tdx-module/tdh_vp_enter__invalid_state_num_tdcx__cover_proof_havoc_memory.yml,reach,safe,mixed,29,blind,full,uniform,128,,3712,found,0,,timeout,,649.47,6.2,,,,,,,,verify_timeout
intel-tdx-module/tdh_vp_enter__invalid_state_num_tdcx__cover_proof_havoc_object.yml,reach,safe,none,0,blind,full,uniform,64,,0,timeout,,,inconclusive,,3.52,899.5,,,,,,,,failed
intel-tdx-module/tdh_vp_enter__invalid_state_num_tdcx__safety_requirement_havoc_object.yml,reach,safe,none,0,blind,full,uniform,0,,0,timeout,,,inconclusive,,2.8,899.5,,,,,,,,failed
intel-tdx-module/tdh_vp_enter__invalid_state_op_state__cover_exit_havoc_memory.yml,reach,unsafe,mixed,29,blind,full,uniform,128,,3712,timeout,,,timeout,,640.85,206.9,,,,,,,,verify_timeout
intel-tdx-module/tdh_vp_enter__invalid_state_num_tdcx__safety_requirement_havoc_memory.yml,reach,safe,mixed,29,blind,full,uniform,0,,0,found,0,,works,,6.37,6.3,0.99,,,,,,,works
intel-tdx-module/tdh_vp_enter__invalid_state_op_state__cover_entry_havoc_memory.yml,reach,unsafe,mixed,29,blind,full,uniform,0,,0,timeout,,,insufficient,,12.66,206.2,,,,,,,,failed
intel-tdx-module/tdh_vp_enter__invalid_state_op_state__cover_entry_havoc_object.yml,reach,unsafe,none,0,blind,full,uniform,64,,0,timeout,,,inconclusive,,3.52,899.5,,,,,,,,failed
intel-tdx-module/tdh_vp_enter__invalid_state_op_state__cover_exit_havoc_object.yml,reach,unsafe,none,0,blind,full,uniform,1,,0,timeout,,,inconclusive,,2.73,899.5,,,,,,,,failed
intel-tdx-module/tdh_vp_enter__invalid_state_op_state__cover_proof_havoc_memory.yml,reach,unsafe,mixed,29,blind,full,,,,,timeout,,,,,,206.7,,,,,,,,no_prediction
intel-tdx-module/tdh_vp_enter__invalid_state_op_state__safety_requirement_havoc_memory.yml,reach,safe,mixed,29,blind,full,,,,,timeout,,,,,,206.4,,,,,,,,no_prediction
intel-tdx-module/tdh_vp_enter__invalid_state_op_state__safety_requirement_havoc_object.yml,reach,safe,none,0,blind,full,,,,,timeout,,,,,,899.5,,,,,,,,no_prediction
intel-tdx-module/tdh_vp_enter__invalid_state_op_state__cover_proof_havoc_object.yml,reach,unsafe,none,0,blind,full,,,,,timeout,,,,,,899.5,,,,,,,,no_prediction
intel-tdx-module/tdh_vp_enter__invalid_state_pamt_metadata__cover_exit_havoc_memory.yml,reach,unsafe,mixed,29,blind,full,,,,,timeout,,,,,,222.4,,,,,,,,no_prediction
intel-tdx-module/tdh_vp_enter__invalid_state_pamt_metadata__cover_entry_havoc_object.yml,reach,unsafe,none,0,blind,full,,,,,timeout,,,,,,899.5,,,,,,,,no_prediction
intel-tdx-module/tdh_vp_enter__invalid_state_pamt_metadata__cover_proof_havoc_memory.yml,reach,unsafe,mixed,29,blind,full,,,,,timeout,,,,,,230.1,,,,,,,,no_prediction
intel-tdx-module/tdh_vp_enter__invalid_state_pamt_metadata__cover_proof_havoc_object.yml,reach,unsafe,none,0,blind,full,,,,,timeout,,,,,,899.6,,,,,,,,no_prediction
intel-tdx-module/tdh_vp_enter__invalid_state_pamt_metadata__cover_entry_havoc_memory.yml,reach,unsafe,mixed,29,blind,full,uniform,128,,3712,timeout,,,timeout,,603.9,221.6,,,,,,,,verify_timeout
intel-tdx-module/tdh_vp_enter__invalid_state_pamt_metadata__cover_exit_havoc_object.yml,reach,unsafe,none,0,blind,full,uniform,0,,0,timeout,,,inconclusive,,2.73,899.5,,,,,,,,failed
intel-tdx-module/tdh_vp_enter__invalid_state_td_state__cover_entry_havoc_object.yml,reach,unsafe,none,0,blind,full,,,,,timeout,,,,,,899.6,,,,,,,,no_prediction
intel-tdx-module/tdh_vp_enter__invalid_state_td_state__cover_entry_havoc_memory.yml,reach,unsafe,mixed,29,blind,full,,,,,timeout,,,,,,206.5,,,,,,,,no_prediction
intel-tdx-module/tdh_vp_enter__invalid_state_td_state__cover_proof_havoc_object.yml,reach,unsafe,none,0,blind,full,uniform,0,,0,timeout,,,inconclusive,,2.72,899.6,,,,,,,,failed
intel-tdx-module/tdh_vp_enter__invalid_state_td_state__cover_exit_havoc_object.yml,reach,unsafe,none,0,blind,full,uniform,64,,0,timeout,,,inconclusive,,3.45,899.6,,,,,,,,failed
intel-tdx-module/tdh_vp_enter__invalid_state_td_state__safety_requirement_havoc_memory.yml,reach,safe,mixed,29,blind,full,schedule,,adjust_tlb_tracking_state.0:0;advance_guest_rip.0:0;can_inject_epf_ve.0:0;clear_lp_host_state_flags.0:4;clear_module_host_state_flags.0:4;clear_movss_sti_blocking.0:0;flush_all_td_asids.0:5;fv_setup_module_state.0:0;fv_setup_module_state.1:0;fv_setup_tdcs.0:0;fv_setup_tdr.0:0;fv_setup_tdvps.0:0;get_guest_td_cpl.0:0;gpa_translate.0:0;hash_table_find_entry.0:0;invalidate_all_gpa_translations.0:0;invalidate_all_td_asids.0:5;invalidate_gpa_translations.0:0;invalidate_gpa_translations.1:0;is_epf_expected.0:0;is_voe_in_exception_bitmap.0:0;load_vmm_state_before_td_exit.0:0;load_vmm_state_before_td_exit.1:0;load_vmm_state_before_td_exit.2:0;load_xmms_by_mask.0:0;map_continuous_pages.0:1;op_state_is_seamcall_allowed.0:0;op_state_is_tdcall_allowed.0:0;pamt_get_block.0:64;reinject_idt_vectoring_event_if_any.0:0;restore_guest_td_state_before_td_entry.0:0;restore_guest_td_state_before_td_entry.1:0;restore_guest_td_state_before_td_entry.2:0;revert_tlb_tracking_state.0:0;save_guest_td_state_before_td_exit.0:0;save_guest_td_state_before_td_exit.1:0;save_guest_td_state_before_td_exit.2:0;save_regs_after_tdvmcall.0:0;save_xmms_by_mask.0:0;secure_ept_walk.0:0;set_guest_inter_blocking_by_nmi.0:0;set_guest_pde_bs.0:0;set_vm_vmcs_as_active.0:0;td_entry_stepping_filter.0:32;tdx_memcmp_to_zero.0:512;tdx_memcmp_to_zero.1:7;wrmsr_opt.0:0,634,timeout,,,timeout,,604.85,207.2,,,,,,,,verify_timeout
intel-tdx-module/tdh_vp_enter__invalid_state_td_state__safety_requirement_havoc_object.yml,reach,safe,none,0,blind,full,uniform,128,,0,timeout,,,inconclusive,,4.06,899.6,,,,,,,,failed
intel-tdx-module/tdh_vp_enter__invalid_state_td_state__cover_exit_havoc_memory.yml,reach,unsafe,mixed,29,blind,full,,,,,timeout,,,,,,207.3,,,,,,,,no_prediction
intel-tdx-module/tdh_vp_enter__invalid_state_td_state__cover_proof_havoc_memory.yml,reach,unsafe,mixed,29,blind,full,,,,,timeout,,,,,,207.6,,,,,,,,no_prediction
intel-tdx-module/tdh_vp_enter__unconstrained__cover_exit_unsuccess_havoc_object.yml,reach,unsafe,none,0,blind,full,uniform,0,,0,timeout,,,inconclusive,,2.74,899.6,,,,,,,,failed
intel-tdx-module/tdh_vp_enter__unexpected__cover_entry_havoc_object.yml,reach,unsafe,none,0,blind,full,uniform,0,,0,timeout,,,inconclusive,,2.75,899.6,,,,,,,,failed
intel-tdx-module/tdh_vp_enter__unconstrained__cover_exit_unsuccess_havoc_memory.yml,reach,unsafe,mixed,29,blind,full,,,,,timeout,,,,,,220.3,,,,,,,,no_prediction
intel-tdx-module/tdh_vp_enter__unexpected__cover_entry_havoc_memory.yml,reach,unsafe,mixed,29,blind,full,unbounded,,,,timeout,,,not_run,,,222.3,,,,,,,,abstain_warranted
intel-tdx-module/tdh_vp_enter__unexpected__cover_exit_havoc_memory.yml,reach,unsafe,mixed,29,blind,full,uniform,1,,29,timeout,,,insufficient,,19.72,223.1,,,,,,,,failed
intel-tdx-module/tdh_vp_enter__unexpected__cover_proof_havoc_memory.yml,reach,unsafe,mixed,29,blind,full,,,,,timeout,,,,,,229.9,,,,,,,,no_prediction
intel-tdx-module/tdh_vp_enter__unexpected__cover_proof_havoc_object.yml,reach,unsafe,none,0,blind,full,,,,,timeout,,,,,,899.6,,,,,,,,no_prediction
intel-tdx-module/tdh_vp_enter__unexpected__safety_requirement_havoc_memory.yml,reach,safe,mixed,29,blind,full,,,,,timeout,,,,,,180.1,,,,,,,,no_prediction
intel-tdx-module/tdh_vp_enter__unexpected__cover_exit_havoc_object.yml,reach,unsafe,none,0,blind,full,uniform,0,,0,timeout,,,inconclusive,,2.71,899.6,,,,,,,,failed
intel-tdx-module/tdh_vp_enter__unexpected__safety_requirement_havoc_object.yml,reach,safe,none,0,blind,full,schedule,,kot.entries:2048,2048,timeout,,,inconclusive,,2.7,899.6,,,,,,,,failed
